tweet_id,text,created_at,user_name,user_screen_name,user_followers,favorite_count,retweet_count,reply_count,language,query,scraped_at,source,clean_text,clean_text_no_stop,word_count
2021126757185880478,"@Cryptorealis Om GPT jawab ya, panjang lebar sekalian 👇

Kasusnya Om Don

2 hari:
•❌ ga makan nasi
•✅ makan lauk pauk + sayur
•☕ kopi siang masih pakai gula

Putusan sementara:

👉 Diet Om Don SAH, tapi BELUM PARIPURNA.

⸻

1️⃣ Ga makan nasi

Ini niatnya sudah benar 👍
Nasi itu karbo",Tue Feb 10 07:39:04 +0000 2026,,,2499,1,0,1,id,susu protein pahit,2026-05-13T14:20:03.192381,twitter,"om gpt jawab ya, panjang lebar sekalian kasusnya om don 2 hari tidak makan nasi makan lauk pauk sayur kopi siang masih pakai gula putusan sementara diet om don sah, tapi belum paripurna. 1 tidak makan nasi ini niatnya sudah benar nasi itu karbo","om gpt jawab ya, panjang lebar sekalian kasusnya om don 2 hari tidak makan nasi makan lauk pauk sayur kopi siang masih pakai gula putusan sementara diet om don sah, tapi belum paripurna. 1 tidak makan nasi niatnya benar nasi karbo",44
1914600537364033747,"Sekarang tengah hangat isu whey protein yang tipu keputusan lab test. Sepanjang aku guna whey, yang paling aku rasa betul-betul legit adalah daripada Hazim Khalim. Whey dia memang rasa pure—pahit, tak sedap, rasa macam susu mentah. Solid food better

 https://t.co/oEqqkP0ZP4 https://t.co/ZMtbTakMl5",Tue Apr 22 08:41:54 +0000 2025,,,183,1,0,0,id,susu protein pahit,2026-05-13T14:20:12.521806,twitter,"sekarang tengah hangat isu whey protein yang tipu keputusan lab test. sepanjang aku guna whey, yang paling aku rasa betul-betul legit adalah daripada hazim khalim. whey dia memang rasa purepahit, tak sedap, rasa macam susu mentah. solid food better","sekarang tengah hangat isu whey protein tipu keputusan lab test. sepanjang guna whey, paling rasa betul-betul legit daripada hazim khalim. whey memang rasa purepahit, tak sedap, rasa macam susu mentah. solid food better",39
1902286003911491949,"Kenapa kok pakai susu biasa bikin lebih “heavy”? Karena susu biasa protein dan lemaknya lebih rendah.

Jadi enggak sepowerful itu dalam mengikat partikel di matcha terutama yang bikin umami dan pahit.

Meanwhile “heaviness” matcha itu timbul dari “(almost-)sharp intensity”. https://t.co/NV1d46W0tN",Wed Mar 19 09:08:20 +0000 2025,,,18456,1,0,0,id,susu protein pahit,2026-05-13T14:20:12.521828,twitter,kenapa kok pakai susu biasa bikin lebih heavy? karena susu biasa protein dan lemaknya lebih rendah. jadi enggak sepowerful itu dalam mengikat partikel di matcha terutama yang bikin umami dan pahit. meanwhile heaviness matcha itu timbul dari almost-sharp intensity.,kenapa kok pakai susu biasa bikin lebih heavy? karena susu biasa protein lemaknya lebih rendah. jadi enggak sepowerful mengikat partikel matcha terutama bikin umami pahit. meanwhile heaviness matcha timbul almost-sharp intensity.,39
1901284812733678033,@ezabcdefg Ini mah protein dari susu pecah gara gara bromelin deh makanya pahit,Sun Mar 16 14:49:58 +0000 2025,,,837,0,0,1,id,susu protein pahit,2026-05-13T14:20:12.521833,twitter,ini mah protein dari susu pecah gara gara bromelin makanya pahit,mah protein susu pecah gara gara bromelin makanya pahit,11
1827909465414525369,"Aku dibilang kurusan. 🤣
Wkwkwk hasil abis sakit 2mingguan.
Lidah pahit gk doyan makan. 
Rutin minum susu protein &amp; kadang air kelapa. 
Cuma turun 2kg tapi pipi jadinya kempes &amp; punya rahang kembali. 
😁😆",Mon Aug 26 03:22:32 +0000 2024,,,459,0,0,0,id,susu protein pahit,2026-05-13T14:20:12.521837,twitter,aku dibilang kurusan. hasil abis sakit 2mingguan. lidah pahit tidak doyan makan. rutin minum susu protein amp kadang air kelapa. cuma turun 2kg tapi pipi jadinya kempes amp punya rahang kembali.,dibilang kurusan. hasil abis sakit 2mingguan. lidah pahit tidak doyan makan. rutin minum susu protein amp kadang air kelapa. cuma turun 2kg tapi pipi jadinya kempes amp punya rahang kembali.,31
1825511949460713805,"Udh berobat ke dokter Sp A dibfatmawati
Disarankan minum susu tinggi protein (neocate junior), rasa susunya pahit
Namun apa boleh buat
Harus ngikutin apa kata dokter",Mon Aug 19 12:35:39 +0000 2024,,,308,1,0,0,id,susu protein pahit,2026-05-13T14:20:12.521840,twitter,"sudah berobat ke dokter sp a dibfatmawati disarankan minum susu tinggi protein neocate junior, rasa susunya pahit namun apa boleh buat harus ngikutin apa kata dokter","berobat dokter sp dibfatmawati disarankan minum susu tinggi protein neocate junior, rasa susunya pahit namun apa boleh buat harus ngikutin apa kata dokter",26
1798308033430495243,"Rasa kopinya tidak pahit di lidah dan aman di lambung, lalu dipadukan dgn rasa susu yg menyegarkan. Protein susu yg menyatu dgn kopi menciptakan rasa unik yg menjadi ciri khas cappucino dan latte

tunggu apa lagi, segera beli di minimarket terdekat dan dapatkan promo buy 2 get 1 https://t.co/MD2FLL18ZJ",Wed Jun 05 10:57:00 +0000 2024,,,1,0,0,0,id,susu protein pahit,2026-05-13T14:20:12.521843,twitter,"rasa kopinya tidak pahit di lidah dan aman di lambung, lalu dipadukan dengan rasa susu yang menyegarkan. protein susu yang menyatu dengan kopi menciptakan rasa unik yang menjadi ciri khas cappucino dan latte tunggu apa lagi, segera beli di minimarket terdekat dan dapatkan promo buy 2 get 1","rasa kopinya tidak pahit lidah aman lambung, lalu dipadukan rasa susu menyegarkan. protein susu menyatu kopi menciptakan rasa unik menjadi ciri khas cappucino latte tunggu apa lagi, segera beli minimarket terdekat dapatkan promo buy 2 get 1",48
1766694344579510485,@mashijuseyo pernah terbaca sbb ada benda dlm kiwi tu breaks protein dlm susu tu. so dia akan jdi pahit. something like that la😂tpi boleh je letak madu nk hilangkan pahit,Sun Mar 10 05:15:29 +0000 2024,,,864,0,0,1,id,susu protein pahit,2026-05-13T14:20:12.521846,twitter,pernah terbaca sbb ada benda dlm kiwi tu breaks protein dlm susu tu. so dia akan jdi pahit. something like that latpi boleh je letak madu nk hilangkan pahit,pernah terbaca sbb benda dlm kiwi tu breaks protein dlm susu tu. jdi pahit. something like latpi boleh je letak madu nk hilangkan pahit,29
1718617023335575948,"👈 Minum susu setiap hari minimum segelas, 250ml. Samada melalui latte atau cuma segelas susu. Hanya peminum kopi tegar yang kata latte tanpa gula ni manis. Orang lain semua kata kopi pahit. 

Juga diri ini,consume milk sebab nak dapatkan protein, vitamin D dan kalsium.",Sun Oct 29 13:13:23 +0000 2023,,,496,0,0,0,id,susu protein pahit,2026-05-13T14:20:12.521855,twitter,"minum susu setiap hari minimum segelas, 250ml. samada melalui latte atau cuma segelas susu. hanya peminum kopi tegar yang kata latte tanpa gula ni manis. orang lain semua kata kopi pahit. juga diri ini,consume milk sebab nak dapatkan protein, vitamin d dan kalsium.","minum susu setiap hari minimum segelas, 250ml. samada melalui latte atau cuma segelas susu. hanya peminum kopi tegar kata latte tanpa gula ni manis. orang lain semua kata kopi pahit. diri ini,consume milk sebab nak dapatkan protein, vitamin d kalsium.",43
1674331365570121730,"Hadiah terakhir yang di minta: ""Aku mau Muse!""
Makanan kesukaan: Pão de Queijo (suka olahan susu)
Makanan yang gak suka: Yang pahit
Lauk 
Makanna yang cocok di dampingin nasi: Carne de Sol (butuh protein banyak apalagi sehabis latihan)",Thu Jun 29 08:17:59 +0000 2023,,,86,2,0,1,id,susu protein pahit,2026-05-13T14:20:12.521861,twitter,hadiah terakhir yang di minta aku mau muse! makanan kesukaan po de queijo suka olahan susu makanan yang tidak suka yang pahit lauk makanna yang cocok di dampingin nasi carne de sol butuh protein banyak apalagi sehabis latihan,hadiah terakhir minta mau muse! makanan kesukaan po de queijo suka olahan susu makanan tidak suka pahit lauk makanna cocok dampingin nasi carne de sol butuh protein banyak apalagi sehabis latihan,38
1595263682392784896,@Askrlfess Kalo pahit hrrti rusak dan tidak layak konsumsi. Karna ada bakteri yg bikin protein susu rusak,Wed Nov 23 03:51:15 +0000 2022,,,1056,12,0,0,id,susu protein pahit,2026-05-13T14:20:12.521864,twitter,kalo pahit hrrti rusak dan tidak layak konsumsi. karna ada bakteri yang bikin protein susu rusak,kalo pahit hrrti rusak tidak layak konsumsi. karna bakteri bikin protein susu rusak,16
1497152174153158656,"Samb: Untuk kegunaan pesakit yang mengalami alahan protein susu lembu (Cow’s Milk Protein Allergy; CMPA), malabsorption dan short bowel syndrome (SBS). Bau dan rasa berbeza dengan susu biasa: agak sedikit pahit dan hanyir.",Fri Feb 25 10:11:08 +0000 2022,,,1061,4,0,1,id,susu protein pahit,2026-05-13T14:20:12.521867,twitter,"samb untuk kegunaan pesakit yang mengalami alahan protein susu lembu cows milk protein allergy cmpa, malabsorption dan short bowel syndrome sbs. bau dan rasa berbeza dengan susu biasa agak sedikit pahit dan hanyir.","samb kegunaan pesakit mengalami alahan protein susu lembu cows milk protein allergy cmpa, malabsorption short bowel syndrome sbs. bau rasa berbeza susu biasa agak sedikit pahit hanyir.",33
1261257202616029187,"@FOODFESS2 emang agak pahit nder karna fermentasi kejunya ngubah protein susu ke bentuk yang lebih sederhana jadinya bikin pahit nder, tapi pahitnya bukan yang pahit banget, lebih kaya abis makan kejunya langsung baru ada aftertaste pahitnya",Fri May 15 11:28:44 +0000 2020,,,142,1,0,1,id,susu protein pahit,2026-05-13T14:20:03.192470,twitter,"emang agak pahit nder karna fermentasi kejunya ngubah protein susu ke bentuk yang lebih sederhana jadinya bikin pahit nder, tapi pahitnya bukan yang pahit banget, lebih kayak abis makan kejunya langsung baru ada aftertaste pahitnya","emang agak pahit nder karna fermentasi kejunya ngubah protein susu bentuk lebih sederhana jadinya bikin pahit nder, tapi pahitnya bukan pahit banget, lebih kayak abis makan kejunya langsung baru aftertaste pahitnya",35
1243501163560894469,"@andriisanjaya Prinsipnya sama sih klo kelamaan di setim nada dasar/suhu nya bakal nggk pas. Susu yg terlalu panas, kandungan protein dn gulanya akan pecah yg berakibat susu jd pahit dn kopi susu kamu bakalan nggk enak.

Saya kira demikian, baik penanya selanjutnya?",Fri Mar 27 11:32:35 +0000 2020,,,273,0,0,0,id,susu protein pahit,2026-05-13T14:20:12.521870,twitter,"prinsipnya sama klo kelamaan di setim nada dasarsuhu nya bakal nggk pas. susu yang terlalu panas, kandungan protein dn gulanya akan pecah yang berakibat susu jd pahit dn kopi susu kamu bakalan nggk enak. saya kira demikian, baik penanya selanjutnya?","prinsipnya sama klo kelamaan setim nada dasarsuhu nya bakal nggk pas. susu terlalu panas, kandungan protein dn gulanya pecah berakibat susu jd pahit dn kopi susu bakalan nggk enak. kira demikian, baik penanya selanjutnya?",40
1228679834378702848,"5 drinks to get to know me

1. Whey protein
2. Susu Ultra
3. Kopi
4. Air mineral
5. Teh pahit tanpa gula",Sat Feb 15 13:57:54 +0000 2020,,,1513,0,0,0,en,susu protein pahit,2026-05-13T14:20:12.521873,twitter,5 drinks to get to know me 1. whey protein 2. susu ultra 3. kopi 4. air mineral 5. teh pahit tanpa gula,5 drinks get know 1. whey protein 2. susu ultra 3. kopi 4. air mineral 5. teh pahit tanpa gula,23
1042242341317165056,@AkmalAffendy Sure la tak sedap. Susu low protein weh. Pahit rasa dia. Bluek,Wed Sep 19 02:41:52 +0000 2018,,,1061,0,0,1,id,susu protein pahit,2026-05-13T14:20:12.521885,twitter,sure la tak sedap. susu low protein weh. pahit rasa dia. bluek,sure la tak sedap. susu low protein weh. pahit rasa dia. bluek,12
1008759506967261184,"Dua hari ini orang serumah menerapkan makan sehat, buat detoksifikasi. Cuma makan sayur, granola, air putih, teh pahit, susu low fat. Yang ga kuat cuma saya. Tumbang! Nyeri perut. Butuh karbo dan protein 😅",Mon Jun 18 17:13:02 +0000 2018,,,2477,0,0,2,id,susu protein pahit,2026-05-13T14:20:03.192490,twitter,"dua hari ini orang serumah menerapkan makan sehat, buat detoksifikasi. cuma makan sayur, granola, air putih, teh pahit, susu low fat. yang tidak kuat cuma saya. tumbang! nyeri perut. butuh karbo dan protein","dua hari orang serumah menerapkan makan sehat, buat detoksifikasi. cuma makan sayur, granola, air putih, teh pahit, susu low fat. tidak kuat cuma saya. tumbang! nyeri perut. butuh karbo protein",33
693418145227345920,"suplemen gua ? 

- Whey Protein Isolate
- Teh Pahit 3 Gelas
- Omega 3 Fish Oil
- Mastin
- Susu Kedelai Low Fat

ini aja cukup",Sat Jan 30 12:59:03 +0000 2016,,,46,1,0,0,id,susu protein pahit,2026-05-13T14:20:03.192495,twitter,suplemen gua ? - whey protein isolate - teh pahit 3 gelas - omega 3 fish oil - mastin - susu kedelai low fat ini aja cukup,suplemen gua ? - whey protein isolate - teh pahit 3 gelas - omega 3 fish oil - mastin - susu kedelai low fat aja cukup,27
506420064157839362,@ElannaEvans protein yg tak campuq dgn susu lagi sedap dari ubat tu. Pahit gila. Serious cakap. Nana dah biasa makan takpa lah. Hahaha,Mon Sep 01 12:35:26 +0000 2014,,,450,0,0,1,id,susu protein pahit,2026-05-13T14:20:03.192501,twitter,protein yang tak campuq dengan susu lagi sedap dari ubat tu. pahit gila. serious cakap. nana dah biasa makan takpa lah. hahaha,protein tak campuq susu lagi sedap ubat tu. pahit gila. serious cakap. nana dah biasa makan takpa lah. hahaha,22
469726701354627074,"@HafizGentzzz peh, susu protein pahit gila",Fri May 23 06:29:07 +0000 2014,,,147,0,0,0,other,susu protein pahit,2026-05-13T14:20:03.192506,twitter,"peh, susu protein pahit gila","peh, susu protein pahit gila",5
1752803366064026078,"@diethingy banyakin sayur buah n protein
kurangi n cut nasi putih, tepung, santan,gula,garam, susu olahan",Wed Jan 31 21:17:42 +0000 2024,,,3426,2,0,0,id,susu protein pahit,2026-05-13T14:20:12.521851,twitter,"banyakin sayur buah n protein kurangi n cut nasi putih, tepung, santan,gula,garam, susu olahan","banyakin sayur buah n protein kurangi n cut nasi putih, tepung, santan,gula,garam, susu olahan",14
1696747951320924411,Alhamdulillah bersyukur bgt bisa pelan pelan ngubah habit dari yg eskopi susu jadi ice americano tanpa gula. Biasanya makan nasi lauk + nambah jadi sayur sm protein aja. Bisany gampang craving manis jadi kalo minum/makan manis gasuka dan jadinya pahit.,Wed Aug 30 04:53:30 +0000 2023,,,46,0,0,0,id,susu protein pahit,2026-05-13T14:20:12.521858,twitter,alhamdulillah bersyukur banget bisa pelan pelan ngubah habit dari yang eskopi susu jadi ice americano tanpa gula. biasanya makan nasi lauk nambah jadi sayur sama protein aja. bisany gampang craving manis jadi kalo minummakan manis gasuka dan jadinya pahit.,alhamdulillah bersyukur banget bisa pelan pelan ngubah habit eskopi susu jadi ice americano tanpa gula. biasanya makan nasi lauk nambah jadi sayur sama protein aja. bisany gampang craving manis jadi kalo minummakan manis gasuka jadinya pahit.,39
468850007383490560,"@tipsmenyusui bgm  mengoptimalkan asi setelah kena mastitis, krn bayi na alergi protein susu sapi,dikash susu Haa​ ga mau,agak pahit susuna",Tue May 20 20:25:27 +0000 2014,,,29,0,0,0,id,susu protein pahit,2026-05-13T14:20:06.035771,twitter,"bgm mengoptimalkan asi setelah kena mastitis, karena bayi na alergi protein susu sapi,dikash susu haa tidak mau,agak pahit susuna","bgm mengoptimalkan asi setelah kena mastitis, karena bayi na alergi protein susu sapi,dikash susu haa tidak mau,agak pahit susuna",19
395946761824378880,"Ehh? Apasal Susu Protein Ni Pahit Semacam , Alahai Ni Malas Nak Minum Ni , :(",Thu Oct 31 16:13:59 +0000 2013,,,230,0,0,0,id,susu protein pahit,2026-05-13T14:20:06.035776,twitter,"ehh? apasal susu protein ni pahit semacam , alahai ni malas nak minum ni ,","ehh? apasal susu protein ni pahit semacam , alahai ni malas nak minum ni ,",15
152520402114064384,"Kiwi ada Actinidin, Nanas ada Bromelain, Pepaya ada Papain, semuanya bisa memecah protein susu (Casein) jd asam amino/peptida yg pahit",Thu Dec 29 22:44:32 +0000 2011,,,267,0,0,0,id,susu protein pahit,2026-05-13T14:20:06.035780,twitter,"kiwi ada actinidin, nanas ada bromelain, pepaya ada papain, semuanya bisa memecah protein susu casein jd asam aminopeptida yang pahit","kiwi actinidin, nanas bromelain, pepaya papain, semuanya bisa memecah protein susu casein jd asam aminopeptida pahit",20
134558034478366720,Kombinasi Susu Whey protein yg pahit ini dgn 1 buah pear jadi enaak.. Yess! ♥ it!,Thu Nov 10 09:08:30 +0000 2011,,,1000,0,0,0,id,susu protein pahit,2026-05-13T14:20:06.035783,twitter,kombinasi susu whey protein yang pahit ini dengan 1 buah pear jadi enaak.. yess! it!,kombinasi susu whey protein pahit 1 buah pear jadi enaak.. yess! it!,15
105057100710952960,Uda basi kali RT @DananGWisnu: Susu protein yg katanya buat orang puasa ini kok rada pahit ya nek? Berasa ampe skr lho...,Sat Aug 20 23:22:19 +0000 2011,,,244,0,0,0,id,susu protein pahit,2026-05-13T14:20:06.035787,twitter,uda basi kali rt susu protein yang katanya buat orang puasa ini kok rada pahit ya nek? berasa ampe skr lho...,uda basi kali rt susu protein katanya buat orang puasa kok rada pahit ya nek? berasa ampe skr lho...,21
105045706842181633,Susu protein yg katanya buat orang puasa ini kok rada pahit ya nek? Berasa ampe skr lho...,Sat Aug 20 22:37:02 +0000 2011,,,205,0,0,0,id,susu protein pahit,2026-05-13T14:20:06.035791,twitter,susu protein yang katanya buat orang puasa ini kok rada pahit ya nek? berasa ampe skr lho...,susu protein katanya buat orang puasa kok rada pahit ya nek? berasa ampe skr lho...,17
12956736080,"Haha.. Tinggi protein ga? RT @ridhododol Kimbek !!! Selain pahit, uda kelat itu wak, beserat  RT @babecabiita: SUSAN = SUSU WAK HASAN !!! -",Tue Apr 27 17:46:31 +0000 2010,,,240,0,0,0,id,susu protein pahit,2026-05-13T14:20:06.035795,twitter,"haha.. tinggi protein ga? rt kimbek !!! selain pahit, uda kelat itu wak, beserat rt susan susu wak hasan !!! -","haha.. tinggi protein ga? rt kimbek !!! selain pahit, uda kelat wak, beserat rt susan susu wak hasan !!! -",21
1204863434841612288,"Bismillah ..ayyamul bidh hr ke 3 
Plus hr KAMIS istimewa
Yukk ..sahur dg susu protein plus santan sasa mix kopi pahit 😍 #2020HarusKurus",Wed Dec 11 20:40:02 +0000 2019,,,122,0,0,0,id,susu protein pahit,2026-05-13T14:20:12.521876,twitter,bismillah ..ayyamul bidh hr ke 3 plus hr kamis istimewa yukk ..sahur dengan susu protein plus santan sasa mix kopi pahit 2020haruskurus,bismillah ..ayyamul bidh hr 3 plus hr kamis istimewa yukk ..sahur susu protein plus santan sasa mix kopi pahit 2020haruskurus,22
1202347159485501441,"Assalamuallaikum semua'x salam subuh🤗
Mat bersantap sahur bgi yg menjlankn puasa sunah kamis.😇
Menu sahur qu susu protein mix kopi pahit plus santan kara
Mat menjaln kn puasa sunah semoga lancar smpai beduk tiba😇🤗",Wed Dec 04 22:01:16 +0000 2019,,,122,0,0,0,id,susu protein pahit,2026-05-13T14:20:12.521879,twitter,assalamuallaikum semua'x salam subuh mat bersantap sahur bgi yang menjlankn puasa sunah kamis. menu sahur qu susu protein mix kopi pahit plus santan kara mat menjaln kn puasa sunah semoga lancar smpai beduk tiba,assalamuallaikum semua'x salam subuh mat bersantap sahur bgi menjlankn puasa sunah kamis. menu sahur qu susu protein mix kopi pahit plus santan kara mat menjaln kn puasa sunah semoga lancar smpai beduk tiba,34
1090577776527187968,"Ini dia Minuman yang bikinn kurus Susu protein + kopi hitam pahit tanpa gula

Yang mau kurus, makan malamnya bisa susu protein , susu protein adalah protein susu sapi yang dihilangkan karbonya, Susu protein... https://t.co/w5Zfm8tCMA",Wed Jan 30 11:49:38 +0000 2019,,,122,0,0,0,id,susu protein pahit,2026-05-13T14:20:12.521882,twitter,"ini dia minuman yang bikinn kurus susu protein kopi hitam pahit tanpa gula yang mau kurus, makan malamnya bisa susu protein , susu protein adalah protein susu sapi yang dihilangkan karbonya, susu protein...","minuman bikinn kurus susu protein kopi hitam pahit tanpa gula mau kurus, makan malamnya bisa susu protein , susu protein protein susu sapi dihilangkan karbonya, susu protein...",33
2049679581406445744,"@bakuldimsum_ makan protein aja daging yg bnyk.
jgn kebanyakan minum sup kl rebusan, dan kgn kebanyakan bumbu celup kl yg bbq.
no minum yg manis2.
jgn makan yg keju2 or susu spy ga eneg",Thu Apr 30 02:37:48 +0000 2026,,,97,0,0,0,id,susu protein eneg,2026-05-13T14:21:29.276309,twitter,"makan protein aja daging yang bnyk. jgn kebanyakan minum sup kl rebusan, dan kgn kebanyakan bumbu celup kl yang bbq. no minum yang manis2. jgn makan yang keju2 or susu spy tidak mual","makan protein aja daging bnyk. jgn kebanyakan minum sup kl rebusan, kgn kebanyakan bumbu celup kl bbq. no minum manis2. jgn makan keju2 susu spy tidak mual",33
2045871697614790861,"selalu eneg tiap minum susu, tapi aku butuh asupan protein tbahan dari susu karna malas makan 😔",Sun Apr 19 14:26:37 +0000 2026,,,10,0,0,0,id,susu protein eneg,2026-05-13T14:21:29.276374,twitter,"selalu mual tiap minum susu, tapi aku butuh asupan protein tbahan dari susu karna malas makan","selalu mual tiap minum susu, tapi butuh asupan protein tbahan susu karna malas makan",16
2044940072479514640,"kalo protein kadang dari daging , telur rebus dan susu protein, aku pake rimba mass udah bungkus ke 2, rasanya enak gak bikin eneg bonusnya ya dapat botol minum 😂 https://t.co/QL3U5g0jLz https://t.co/AfmO37f5rB",Fri Apr 17 00:44:41 +0000 2026,,,7087,1,0,0,id,susu protein eneg,2026-05-13T14:21:29.276388,twitter,"kalo protein kadang dari daging , telur rebus dan susu protein, aku pake rimba mass sudah bungkus ke 2, rasanya enak tidak bikin mual bonusnya ya dapat botol minum","kalo protein kadang daging , telur rebus susu protein, pake rimba mass bungkus 2, rasanya enak tidak bikin mual bonusnya ya dapat botol minum",29
2026787892052504891,"@sendysantuy123 Sumber protein itu ga hanya telur ka, bisa tempe, dada ayam, ikan, susu atau yoghurt. Makanya bisa divariasikan ka supaya ga eneg juga.",Wed Feb 25 22:34:24 +0000 2026,,,1077,0,0,1,id,susu protein eneg,2026-05-13T14:21:29.276400,twitter,"sumber protein itu tidak hanya telur ka, bisa tempe, dada ayam, ikan, susu atau yoghurt. makanya bisa divariasikan ka supaya tidak mual juga.","sumber protein tidak hanya telur ka, bisa tempe, dada ayam, ikan, susu atau yoghurt. makanya bisa divariasikan ka supaya tidak mual juga.",23
2024977291319935081,"@diethingy Klo bbmu di atas 60 emg better pake susu protein sih. Krna pasti eneg bgtt ngejar protein harian. Klo ak dibagi ya sahur sama buka, dan krna udah biasa IF jadi ga merasa eneg.",Fri Feb 20 22:39:43 +0000 2026,,,5398,0,0,0,id,susu protein eneg,2026-05-13T14:21:29.276412,twitter,"klo bbmu di atas 60 emg better pake susu protein sih. karena pasti mual bgtt ngejar protein harian. klo ak dibagi ya sahur sama buka, dan karena sudah biasa if jadi tidak merasa eneg.","klo bbmu atas 60 emg better pake susu protein sih. karena pasti mual bgtt ngejar protein harian. klo ak dibagi ya sahur sama buka, karena biasa jadi tidak merasa eneg.",34
2017172869416124603,"ㅤ

️️
Rekomen susu protein yang gak manis? eneg kalau bikin yang kentel karena manisnya luar biasa.
️️

️️",Fri Jan 30 09:47:43 +0000 2026,,,156,0,0,0,id,susu protein eneg,2026-05-13T14:21:29.276424,twitter,rekomen susu protein yang tidak manis? mual kalau bikin yang kentel karena manisnya luar biasa.,rekomen susu protein tidak manis? mual kalau bikin kentel karena manisnya luar biasa.,15
2015764930142830772,"1. WAJIB JAGA POLA MAKAN DENGAN DEFISIT KALORI!! 
Ribet? NO!!!! kamu bisa dibantu dengan Susu Herslim sebagai pengganti makanan yang sudah 
🩷 RENDAH KALORI. 
🩷 Bikin kenyang lebih tahan lama
🩷 Tinggi nutrisinya (protein, mineral, dan vitamin) juga tetap ada

Poin plusnya ini https://t.co/B15tvTM1SP",Mon Jan 26 12:33:05 +0000 2026,,,30,0,0,1,id,susu protein eneg,2026-05-13T14:21:29.276435,twitter,"1. wajib jaga pola makan dengan defisit kalori!! ribet? no!!!! kamu bisa dibantu dengan susu herslim sebagai pengganti makanan yang sudah rendah kalori. bikin kenyang lebih tahan lama tinggi nutrisinya protein, mineral, dan vitamin juga tetap ada poin plusnya ini","1. wajib jaga pola makan defisit kalori!! ribet? no!!!! bisa dibantu susu herslim sebagai pengganti makanan rendah kalori. bikin kenyang lebih tahan lama tinggi nutrisinya protein, mineral, vitamin tetap poin plusnya",40
2012582061287338220,@luwmion Sepengetahuan ku susu whey protein itu biasanya dipergunakan untuk memenuhi kebutuhan protein perhari kalo misalkan hari itu ga memenuhi kebutuhan proteinnya dibandingkan kita makan dada ayam lagi dihari itu eneg kita bisa pakai susu whey buat memenuhi protein itu,Sat Jan 17 17:45:30 +0000 2026,,,166,0,0,0,id,susu protein eneg,2026-05-13T14:21:29.276446,twitter,sepengetahuan ku susu whey protein itu biasanya dipergunakan untuk memenuhi kebutuhan protein perhari kalo misalkan hari itu tidak memenuhi kebutuhan proteinnya dibandingkan kita makan dada ayam lagi dihari itu mual kita bisa pakai susu whey buat memenuhi protein itu,sepengetahuan ku susu whey protein biasanya dipergunakan memenuhi kebutuhan protein perhari kalo misalkan hari tidak memenuhi kebutuhan proteinnya dibandingkan makan dada ayam lagi dihari mual bisa pakai susu whey buat memenuhi protein,39
2012363272847294687,"DAY 17 ngasih rekomendasi barang yang sedang/pernah dipake.
rekomendasi susu protein penambah berat badan buat yang lagi bulking. rasanya tetep enak dan ga eneg meskipun TANPA gula.
https://t.co/CpvMJ64z0I",Sat Jan 17 03:16:06 +0000 2026,,,0,0,0,0,id,susu protein eneg,2026-05-13T14:21:29.276458,twitter,day 17 ngasih rekomendasi barang yang sedangpernah dipake. rekomendasi susu protein penambah berat badan buat yang lagi bulking. rasanya tetep enak dan tidak mual meskipun tanpa gula.,day 17 ngasih rekomendasi barang sedangpernah dipake. rekomendasi susu protein penambah berat badan buat lagi bulking. rasanya tetep enak tidak mual meskipun tanpa gula.,27
1964644461662937102,"Tp dulu kebantu susu protein.. 
tp skrng mencoba nacyurall eneg bgt dah haha",Sun Sep 07 10:58:35 +0000 2025,,,152,0,0,1,id,susu protein eneg,2026-05-13T14:21:29.276469,twitter,tapi dulu kebantu susu protein.. tapi skrng mencoba nacyurall mual banget dah,tapi dulu kebantu susu protein.. tapi skrng mencoba nacyurall mual banget dah,12
1951942966089838870,"@chickenjune25 aku tuh dr awal ga suka bgt yg namanya susu kaa, apalagi putih eneg bgt. Tp alhamdulillah aku nyobain minum susu tp coklat sih, lg coba produk Alamon Go (susu protein tinggi) ceunah bisa naikin bb.. Tp ya itu jarang2 sih minumnya, semoga bisa konsisten 😭🙏",Sun Aug 03 09:47:23 +0000 2025,,,532,0,0,0,id,susu protein eneg,2026-05-13T14:21:29.276480,twitter,"aku tuh dari awal tidak suka banget yang namanya susu kaa, apalagi putih mual bgt. tapi alhamdulillah aku nyobain minum susu tapi coklat sih, lagi coba produk alamon go susu protein tinggi ceunah bisa naikin bb.. tapi ya itu jarang2 minumnya, semoga bisa konsisten","tuh awal tidak suka banget namanya susu kaa, apalagi putih mual bgt. tapi alhamdulillah nyobain minum susu tapi coklat sih, lagi coba produk alamon go susu protein tinggi ceunah bisa naikin bb.. tapi ya jarang2 minumnya, semoga bisa konsisten",44
1947686966923038836,"Kukira bakal eneg kalo protein + susu. Gara"" emng ga doyan susu putih po mene full cream. Tp kok tak coba enak bngst :)",Tue Jul 22 15:55:33 +0000 2025,,,43,0,0,1,id,susu protein eneg,2026-05-13T14:21:29.276491,twitter,kukira bakal mual kalo protein susu. gara emng tidak doyan susu putih po mene full cream. tapi kok tak coba enak bngst,kukira bakal mual kalo protein susu. gara emng tidak doyan susu putih po mene full cream. tapi kok tak coba enak bngst,22
1946921699188081010,"Orang order whey protein, komplain karena menggumpal dan bikin dia eneg minumnya. Pas dikirim balik, dites normal aja. Ga menggumpal.

Whey protein klo kena air dingin atau panas pasti gumpal, beda dengan susu. Klo beli whey protein tapi bisa diseduh air panas malah curiga.",Sun Jul 20 13:14:39 +0000 2025,,,194,0,0,1,id,susu protein eneg,2026-05-13T14:21:29.276502,twitter,"orang order whey protein, komplain karena menggumpal dan bikin dia mual minumnya. pas dikirim balik, dites normal aja. tidak menggumpal. whey protein klo kena air dingin atau panas pasti gumpal, beda dengan susu. klo beli whey protein tapi bisa diseduh air panas malah curiga.","orang order whey protein, komplain karena menggumpal bikin mual minumnya. pas dikirim balik, dites normal aja. tidak menggumpal. whey protein klo kena air dingin atau panas pasti gumpal, beda susu. klo beli whey protein tapi bisa diseduh air panas malah curiga.",44
1944724965313630464,@aliennrss Aku bakal pilih susu protein karena diri ini susaaahhh banget menuhin protein harian dan gampang eneg sama makanan hehe,Mon Jul 14 11:45:37 +0000 2025,,,670,0,0,1,id,susu protein eneg,2026-05-13T14:21:29.276512,twitter,aku bakal pilih susu protein karena diri ini susaaahhh banget menuhin protein harian dan gampang mual sama makanan,bakal pilih susu protein karena diri susaaahhh banget menuhin protein harian gampang mual sama makanan,18
1943261991105343865,"Lebih memilih bikinin es krim coklat buat Hau, meskipun tentu lebih mahal karena pakai whipping cream cair, 2 kuning telur, susu, DCC, coklat bubuk, dan gula 1,5 sdm.
Nggak zonk, enak kok, nyoklat tapi nggak eneg. Tentu high calorie high protein less sugar.",Thu Jul 10 10:52:17 +0000 2025,,,515,0,0,1,id,susu protein eneg,2026-05-13T14:21:29.276525,twitter,"lebih memilih bikinin es krim coklat buat hau, meskipun tentu lebih mahal karena pakai whipping cream cair, 2 kuning telur, susu, dcc, coklat bubuk, dan gula 1,5 sdm. tidak zonk, enak kok, nyoklat tapi tidak eneg. tentu high calorie high protein less sugar.","lebih memilih bikinin es krim coklat buat hau, meskipun tentu lebih mahal karena pakai whipping cream cair, 2 kuning telur, susu, dcc, coklat bubuk, gula 1,5 sdm. tidak zonk, enak kok, nyoklat tapi tidak eneg. tentu high calorie high protein less sugar.",43
1905578947368419666,"Kue Kering Emping Keju

200gr tepung terigu 
100gr emping melinjo
200gr gula halus
100gr margarin protein tinggi
1 kuning telur
30gram tepung maizena
2sdm susu bubuk
1sdt vanili
 Oven di suhu 160c selama 25 menit 

Menurut aku ini resepnya udh pas dan tidak eneg❤️✨ https://t.co/PPwtUmUT94",Fri Mar 28 11:13:19 +0000 2025,,,356,1,0,1,id,susu protein eneg,2026-05-13T14:21:29.276535,twitter,kue kering emping keju 200gr tepung terigu 100gr emping melinjo 200gr gula halus 100gr margarin protein tinggi 1 kuning telur 30gram tepung maizena 2sdm susu bubuk 1sdt vanili oven di suhu 160c selama 25 menit menurut aku ini resepnya sudah pas dan tidak mual,kue kering emping keju 200gr tepung terigu 100gr emping melinjo 200gr gula halus 100gr margarin protein tinggi 1 kuning telur 30gram tepung maizena 2sdm susu bubuk 1sdt vanili oven suhu 160c selama 25 menit menurut resepnya pas tidak mual,44
1902370753535684709,"@kudakembali Suplemen? Usually i'll suggest creatine, udah cukup. Susu protein? 50:50 apalagi kalo bisa trigger acne.
Protein hewani &gt; nabati, bingung makan apa? Dada ayam, telur, daging sapi, udang. Banyak variasinya, cuma kalo aku prefer dada ayam. Eneg? Yes, tapi demi badan, telen aja.",Wed Mar 19 14:45:06 +0000 2025,,,3316,0,0,1,id,susu protein eneg,2026-05-13T14:21:29.276546,twitter,"suplemen? usually i'll suggest creatine, sudah cukup. susu protein? 5050 apalagi kalo bisa trigger acne. protein hewani gt nabati, bingung makan apa? dada ayam, telur, daging sapi, udang. banyak variasinya, cuma kalo aku prefer dada ayam. eneg? yes, tapi demi badan, telen aja.","suplemen? usually i'll suggest creatine, cukup. susu protein? 5050 apalagi kalo bisa trigger acne. protein hewani gt nabati, bingung makan apa? dada ayam, telur, daging sapi, udang. banyak variasinya, cuma kalo prefer dada ayam. eneg? yes, tapi demi badan, telen aja.",43
1878742727942451378,"@rinprn7 HAHAHA MASALAHNYA KADANG DICAMPUR SUSU ATAU KOKOA PROTEIN GITU KAK, MALAH DITAMBAH DADA AYAM REBUS, DAMNNNN ITU ENEG BNGT, AKU MENDING DIMASAK BIASA AJA DARIPADA DI JUS😔😔",Mon Jan 13 09:55:46 +0000 2025,,,346,0,0,1,other,susu protein eneg,2026-05-13T14:21:29.276556,twitter,"hahaha masalahnya kadang dicampur susu atau kokoa protein gitu kak, malah ditambah dada ayam rebus, damnnnn itu mual bngt, aku mending dimasak biasa aja daripada di jus","hahaha masalahnya kadang dicampur susu atau kokoa protein gitu kak, malah ditambah dada ayam rebus, damnnnn mual bngt, mending dimasak biasa aja daripada jus",27
1876253302708679107,"@baizhoi @tanyarlfes knp harus bgt ada susu sih 😅 misal susunya diminum duluan, abs itu ga kemakan deh nasi sama lauknya karna udh eneg minum susu 😅 ga semua perut tahan minum susu 😅 mending diganti pake protein lain",Mon Jan 06 13:03:41 +0000 2025,,,585,0,0,1,id,susu protein eneg,2026-05-13T14:21:29.276564,twitter,"knp harus banget ada susu misal susunya diminum duluan, abs itu tidak kemakan nasi sama lauknya karna sudah mual minum susu tidak semua perut tahan minum susu mending diganti pake protein lain","knp harus banget susu misal susunya diminum duluan, abs tidak kemakan nasi sama lauknya karna mual minum susu tidak semua perut tahan minum susu mending diganti pake protein lain",32
1874496023252627668,Dah lama ga minum susu protein. Agak eneg jg y,Wed Jan 01 16:40:53 +0000 2025,,,697,0,0,1,id,susu protein eneg,2026-05-13T14:21:29.276573,twitter,dah lama tidak minum susu protein. agak mual juga y,dah lama tidak minum susu protein. agak mual y,10
1861196580843594218,"Sehari makan 7 telur udah eneg, temen nyaranin makan 10 telur sama dada ayam 2 biar ga ngstuck + dua kali minum susu protein.",Mon Nov 25 23:53:38 +0000 2024,,,769,0,0,0,id,susu protein eneg,2026-05-13T14:21:32.708362,twitter,"sehari makan 7 telur sudah eneg, temen nyaranin makan 10 telur sama dada ayam 2 biar tidak ngstuck dua kali minum susu protein.","sehari makan 7 telur eneg, temen nyaranin makan 10 telur sama dada ayam 2 biar tidak ngstuck dua kali minum susu protein.",23
1860317075153314231,@fibrianti13 @prophetofzorck Tambah whey protein atau susu vanilla biar ga eneg dan rasa ayamnya ga terlalu menonjol..,Sat Nov 23 13:38:48 +0000 2024,,,377,0,0,0,id,susu protein eneg,2026-05-13T14:21:32.708393,twitter,tambah whey protein atau susu vanilla biar tidak mual dan rasa ayamnya tidak terlalu menonjol..,tambah whey protein atau susu vanilla biar tidak mual rasa ayamnya tidak terlalu menonjol..,15
1858536156159431109,"@kurakuraina @tanyarlfes Yupss.. Perhari.. 
Misal makan 4 butir telur, 1 dada ayam, 50gr dari susu.. 
Itu dah mayan tuh ±100gr..

Emang beratnya disitu sih kudu bener2 ngitung.. dan part tersukit nih disini, bulkingnya ini.. kadang sampe eneg mo muntah, soalnya protein bikin eneg..",Mon Nov 18 15:42:04 +0000 2024,,,6727,12,1,2,id,susu protein eneg,2026-05-13T14:21:32.708397,twitter,"yupss.. perhari.. misal makan 4 butir telur, 1 dada ayam, 50gr dari susu.. itu dah mayan tuh 100gr.. emang beratnya disitu kudu bener2 ngitung.. dan part tersukit disini, bulkingnya ini.. kadang sampe mual mo muntah, soalnya protein bikin eneg..","yupss.. perhari.. misal makan 4 butir telur, 1 dada ayam, 50gr susu.. dah mayan tuh 100gr.. emang beratnya disitu kudu bener2 ngitung.. part tersukit disini, bulkingnya ini.. kadang sampe mual mo muntah, soalnya protein bikin eneg..",39
1848011561346208060,plss knp susu protein kentel bgt malah bikin eneg 🤢,Sun Oct 20 14:41:05 +0000 2024,,,91,0,0,0,id,susu protein eneg,2026-05-13T14:21:32.708401,twitter,plss knp susu protein kentel banget malah bikin mual,plss knp susu protein kentel banget malah bikin mual,9
1839689678146126131,@hrvp_ Hmm menarik juga. Beberapa kali liat temenku ngejus dada campur susu protein gitu. Kepo rasanya tapi aku tau kayaknya aku bakal mual eneg wkwk 😭,Fri Sep 27 15:32:53 +0000 2024,,,3239,0,0,1,id,susu protein eneg,2026-05-13T14:21:32.708405,twitter,hmm menarik juga. beberapa kali liat temenku ngejus dada campur susu protein gitu. kepo rasanya tapi aku tau kayaknya aku bakal mual mual,hmm menarik juga. beberapa kali liat temenku ngejus dada campur susu protein gitu. kepo rasanya tapi tau kayaknya bakal mual mual,23
1836352268586955200,Gw kira susu whey protein bakal se-eneg itu ternyata sama kyk susu biasanya,Wed Sep 18 10:31:13 +0000 2024,,,306,0,0,0,id,susu protein eneg,2026-05-13T14:21:32.708410,twitter,gw kira susu whey protein bakal se-eneg itu ternyata sama kayak susu biasanya,gw kira susu whey protein bakal se-eneg ternyata sama kayak susu biasanya,13
1835366110973341838,"@Sigmahalim @Helbr4m_integer @tham878 Practicality &amp; quality om, makan ikan kembung 2 aja eneg apalagi lebih.. Susu cukup diteguk dpt protein, ditambah asupan makanan, misal telur atau tahu tempe, akan tercukupi kebutuhan protein. Protes kalau dikasih susu gula ky di Amrik, ini susu protein ikan kan lebih bagus 😅",Sun Sep 15 17:12:34 +0000 2024,,,1,0,0,1,id,susu protein eneg,2026-05-13T14:21:32.708414,twitter,"practicality amp quality om, makan ikan kembung 2 aja mual apalagi lebih.. susu cukup diteguk dpt protein, ditambah asupan makanan, misal telur atau tahu tempe, akan tercukupi kebutuhan protein. protes kalau dikasih susu gula ky di amrik, ini susu protein ikan kan lebih bagus","practicality amp quality om, makan ikan kembung 2 aja mual apalagi lebih.. susu cukup diteguk dpt protein, ditambah asupan makanan, misal telur atau tahu tempe, tercukupi kebutuhan protein. protes kalau dikasih susu gula ky amrik, susu protein ikan kan lebih bagus",44
1810651098275086398,susu apa yang high protein selain L-Men? udah gumoh minum itu rasanya eneg,Tue Jul 09 12:23:56 +0000 2024,,,519,0,0,1,id,susu protein eneg,2026-05-13T14:21:32.708418,twitter,susu apa yang high protein selain l-men? sudah gumoh minum itu rasanya mual,susu apa high protein selain l-men? gumoh minum rasanya mual,13
1799980357963702758,"@isxthar Jawabannya mungkin bakal menjawab langsung karena untuk gemukin badan, beda cara tergantung badannya. 

1. Cek density makanan dulu, siapa tahu kualitas nya kurang tepat; 2. Cek metabolisme dari aktivitas dll; 3. Dibuatkan rencana makan, sesuai hasil keduanya td. 

Tp secara",Mon Jun 10 01:42:14 +0000 2024,,,29635,152,30,7,id,susu protein eneg,2026-05-13T14:21:32.708422,twitter,"jawabannya mungkin bakal menjawab langsung karena untuk gemukin badan, beda cara tergantung badannya. 1. cek density makanan dulu, siapa tahu kualitas nya kurang tepat 2. cek metabolisme dari aktivitas dll 3. dibuatkan rencana makan, sesuai hasil keduanya td. tapi secara","jawabannya mungkin bakal menjawab langsung karena gemukin badan, beda cara tergantung badannya. 1. cek density makanan dulu, siapa tahu kualitas nya kurang tepat 2. cek metabolisme aktivitas dll 3. dibuatkan rencana makan, sesuai hasil keduanya td. tapi secara",40
1793228929723187204,@angelarissa_ Bikin eneg ga kak rasanya? Soalnya susu protein,Wed May 22 10:34:28 +0000 2024,,,1656,0,0,0,id,susu protein eneg,2026-05-13T14:21:32.708425,twitter,bikin mual tidak kak rasanya? soalnya susu protein,bikin mual tidak kak rasanya? soalnya susu protein,8
1789679772488135066,"@diethingy 4pasang yah maksudnya, eneg deh drpd kyk temen gue, dada ayam dibikin jus 🥲. Mending susu protein",Sun May 12 15:31:23 +0000 2024,,,19,0,0,0,id,susu protein eneg,2026-05-13T14:21:32.708434,twitter,"4pasang yah maksudnya, mual drpd kayak temen gue, dada ayam dibikin jus . mending susu protein","4pasang yah maksudnya, mual drpd kayak temen gue, dada ayam dibikin jus . mending susu protein",16
1776906778040529062,mungkin saking seringnya gw minum susu protein yg rasa vanilla itu gw jadi eneg. soalnya tiap minum susu itu gw hoek hoek 😭,Sun Apr 07 09:36:03 +0000 2024,,,702,0,0,1,id,susu protein eneg,2026-05-13T14:21:32.708437,twitter,mungkin saking seringnya gw minum susu protein yang rasa vanilla itu gw jadi eneg. soalnya tiap minum susu itu gw hoek hoek,mungkin saking seringnya gw minum susu protein rasa vanilla gw jadi eneg. soalnya tiap minum susu gw hoek hoek,22
1772944098929914163,"@jogmfs Nggak harus kalo makannya udah banyak konsumsi protein. Tapikan biasanya eneg ya kl makan protein banyak2, nah solusinya ya pake susu protein biar praktis.
Kalo mau ada otot, baiknya banyakin strength workout nya, nder. Yoga nya buat recovery aj, soalnya yoga gk akan bentuk otot.",Wed Mar 27 11:09:47 +0000 2024,,,231,0,0,0,id,susu protein eneg,2026-05-13T14:21:32.708440,twitter,"tidak harus kalo makannya sudah banyak konsumsi protein. tapikan biasanya mual ya kl makan protein banyak2, nah solusinya ya pake susu protein biar praktis. kalo mau ada otot, baiknya banyakin strength workout nya, nder. yoga nya buat recovery aj, soalnya yoga tidak akan bentuk otot.","tidak harus kalo makannya banyak konsumsi protein. tapikan biasanya mual ya kl makan protein banyak2, nah solusinya ya pake susu protein biar praktis. kalo mau otot, baiknya banyakin strength workout nya, nder. yoga nya buat recovery aj, soalnya yoga tidak bentuk otot.",45
1768565285148340270,"@pwettygirle @tanyakanrl Sepertinya gitu ya kak
Konsepnya mirip sama susu protein harus dibarengin olahraga yang pas dan pola makan yang teratur 😞 mana dia tuh kentel dan manis banget jdi eneg",Fri Mar 15 09:09:56 +0000 2024,,,150,0,0,0,id,susu protein eneg,2026-05-13T14:21:32.708444,twitter,sepertinya gitu ya kak konsepnya mirip sama susu protein harus dibarengin olahraga yang pas dan pola makan yang teratur mana dia tuh kentel dan manis banget jdi mual,sepertinya gitu ya kak konsepnya mirip sama susu protein harus dibarengin olahraga pas pola makan teratur mana tuh kentel manis banget jdi mual,28
1767892233720881562,"@diethingy Sahur itu sebaiknya konsumsi sesuatu ya Nder, ga mesti makan yg berat², bisa susu protein, mam protein atau serat kaya buah klo memang eneg, mam Karbo kompleks kaya jagung rebus, ubi rebus, oatmeal, kentang rebus, tambah protein kaya telur, tahu tempe juga bisa.",Wed Mar 13 12:35:29 +0000 2024,,,243,0,0,0,id,susu protein eneg,2026-05-13T14:21:32.708447,twitter,"sahur itu sebaiknya konsumsi sesuatu ya nder, tidak mesti makan yang berat, bisa susu protein, mam protein atau serat kayak buah klo memang eneg, mam karbo kompleks kayak jagung rebus, ubi rebus, oatmeal, kentang rebus, tambah protein kayak telur, tahu tempe juga bisa.","sahur sebaiknya konsumsi sesuatu ya nder, tidak mesti makan berat, bisa susu protein, mam protein atau serat kayak buah klo memang eneg, mam karbo kompleks kayak jagung rebus, ubi rebus, oatmeal, kentang rebus, tambah protein kayak telur, tahu tempe bisa.",43
1757983486718455832,Sangking eneg  ayam2 dl jijik bngt sm lemak ayam..jmn kecil jd milih2 mkan.Pdhl protein melimpah tp gw milih minum susu ga doyan makan ..ya namany sm eyang2 ya kaya princess ..gw mau durian aja itu besoknya dibawain duren seember yha udah dibuka itu duren gw tinggal makan haha,Thu Feb 15 04:21:39 +0000 2024,,,4104,0,0,0,id,susu protein eneg,2026-05-13T14:21:32.708450,twitter,sangking mual ayam2 dl jijik banget sama lemak ayam..jmn kecil jd milih2 mkan.pdhl protein melimpah tapi gw milih minum susu tidak doyan makan ..ya namany sama eyang2 ya kayak princess ..gw mau durian aja itu besoknya dibawain duren seember yha sudah dibuka itu duren gw tinggal makan,sangking mual ayam2 dl jijik banget sama lemak ayam..jmn kecil jd milih2 mkan.pdhl protein melimpah tapi gw milih minum susu tidak doyan makan ..ya namany sama eyang2 ya kayak princess ..gw mau durian aja besoknya dibawain duren seember yha dibuka duren gw tinggal makan,47
1754490060685422912,"diet! ges kalau susu protein gtu kan biasanya ada busanya ya, nah sender eneg banget minum kalau busanya gtu, biasanya sender buang, di busanya tu ada protein juga kah?😭😭 makasi, kalau ada proteinnya ga sender buang lagi😭",Mon Feb 05 13:00:01 +0000 2024,,,276769,0,0,1,id,susu protein eneg,2026-05-13T14:21:32.708454,twitter,"diet! ges kalau susu protein gtu kan biasanya ada busanya ya, nah sender mual banget minum kalau busanya gtu, biasanya sender buang, di busanya tu ada protein juga kah? makasi, kalau ada proteinnya tidak sender buang lagi","diet! ges kalau susu protein gtu kan biasanya busanya ya, nah sender mual banget minum kalau busanya gtu, biasanya sender buang, busanya tu protein kah? makasi, kalau proteinnya tidak sender buang lagi",37
1753392483445449126,"bulan lalu kontrol bb ku 55,6kg
hari ini disuruh nimbang sm ibu, bb ku 56,8kg

dimarahin krn makannya dikit.
pdhl aku udh makan 4-5x sehari dan itu buah sayur protein karbo gizi seimbang + vitamin blekmorz yg gede bgt

sdg dlm proses memaksaku minum susu hamil pdhl aku eneg bgttt",Fri Feb 02 12:18:39 +0000 2024,,,312,0,0,0,id,susu protein eneg,2026-05-13T14:21:32.708457,twitter,"bulan lalu kontrol bb ku 55,6kg hari ini disuruh nimbang sama ibu, bb ku 56,8kg dimarahin karena makannya dikit. pdhl aku sudah makan 4-5x sehari dan itu buah sayur protein karbo gizi seimbang vitamin blekmorz yang gede banget sdg dlm proses memaksaku minum susu hamil pdhl aku mual bgttt","bulan lalu kontrol bb ku 55,6kg hari disuruh nimbang sama ibu, bb ku 56,8kg dimarahin karena makannya dikit. pdhl makan 4-5x sehari buah sayur protein karbo gizi seimbang vitamin blekmorz gede banget sdg dlm proses memaksaku minum susu hamil pdhl mual bgttt",49
1741653385684881827,"@ohmybeautybank Sorry oot guys. Mo minta saran dong whey protein yg gak bikin eneg, soalnya akuu kalau minum susu/yg ada kandungan susu suka muall:((",Mon Jan 01 02:51:40 +0000 2024,,,35,0,0,1,id,susu protein eneg,2026-05-13T14:21:32.708460,twitter,"sorry oot guys. mo minta saran whey protein yang tidak bikin eneg, soalnya akuu kalau minum susuyg ada kandungan susu suka muall","sorry oot guys. mo minta saran whey protein tidak bikin eneg, soalnya akuu kalau minum susuyg kandungan susu suka muall",22
1735153116247666871,susu protein eneg bgt brother what r u on actually,Thu Dec 14 04:21:55 +0000 2023,,,756,0,0,1,en,susu protein eneg,2026-05-13T14:21:32.708464,twitter,susu protein mual banget brother what r u on actually,susu protein mual banget brother what r u actually,10
1719660812024107308,SEGO GORENG FAVKU PISAN PLEASE AK MAU MAKAN ENAK WES ENEG MAEM SUSU PROTEIN DAN KRIM SUP INSTAN CAIR IKU,Wed Nov 01 10:21:01 +0000 2023,,,470,0,0,0,other,susu protein eneg,2026-05-13T14:21:36.898146,twitter,sego goreng favku pisan please ak mau makan enak wes mual maem susu protein dan krim sup instan cair iku,sego goreng favku pisan please ak mau makan enak wes mual maem susu protein krim sup instan cair iku,20
1717767249334006023,"@FOODFESS2 KEK ya ndeeer, bumil? Mayan sekali itu 😂
Susu hamil yg dari puskesmas juga enak tuh, gak eneg kayak yg beli2 di luar. Kalo KEK biasanya dikasih banyakan, ada tambahan suplemen protein juga yg creamyy.",Fri Oct 27 04:56:41 +0000 2023,,,183,0,0,0,id,susu protein eneg,2026-05-13T14:21:36.898165,twitter,"kek ya ndeeer, bumil? mayan sekali itu susu hamil yang dari puskesmas juga enak tuh, tidak mual kayak yang beli2 di luar. kalo kek biasanya dikasih banyakan, ada tambahan suplemen protein juga yang creamyy.","kek ya ndeeer, bumil? mayan sekali susu hamil puskesmas enak tuh, tidak mual kayak beli2 luar. kalo kek biasanya dikasih banyakan, tambahan suplemen protein creamyy.",34
1704379834770784352,"@diethingy Minum susu protein sih, tp saranku yg ada rasanya soalnya aku kalo yg iri gitu eneg wkwk",Wed Sep 20 06:19:53 +0000 2023,,,8940,0,0,0,id,susu protein eneg,2026-05-13T14:21:36.898169,twitter,"minum susu protein sih, tapi saranku yang ada rasanya soalnya aku kalo yang iri gitu mual","minum susu protein sih, tapi saranku rasanya soalnya kalo iri gitu mual",16
1663736961956446209,"Ini salah satu susu tinggi kalori &amp; protein rekomendasi gw

1x minum sekitar 500 kalori &amp; 15gr protein, jadi setara 4 gelas susu biasa / 1x makan besar.

biasa gw makan 3x &amp; minum susu 2x.

Pricingnya cukup murah di 14.500 / 1x minum &amp; enak ga bikin eneg https://t.co/bUFwcmyMZS",Wed May 31 02:39:37 +0000 2023,,,123,9,0,0,id,susu protein eneg,2026-05-13T14:21:36.898172,twitter,"ini salah satu susu tinggi kalori amp protein rekomendasi gw 1x minum sekitar 500 kalori amp 15gr protein, jadi setara 4 gelas susu biasa 1x makan besar. biasa gw makan 3x amp minum susu 2x. pricingnya cukup murah di 14.500 1x minum amp enak tidak bikin mual","salah satu susu tinggi kalori amp protein rekomendasi gw 1x minum sekitar 500 kalori amp 15gr protein, jadi setara 4 gelas susu biasa 1x makan besar. biasa gw makan 3x amp minum susu 2x. pricingnya cukup murah 14.500 1x minum amp enak tidak bikin mual",47
1663586410853732353,"@yedamlife @tanyakanrl Kalo saya nggak dikasih susu tapi yang penting ada protein dan sayur itu sudah cukup, cheat day nya hanya minta nasi + mie tapi nggak boleh tiap hari, karena eneg juga",Tue May 30 16:41:22 +0000 2023,,,189,0,0,0,id,susu protein eneg,2026-05-13T14:21:36.898175,twitter,"kalo saya tidak dikasih susu tapi yang penting ada protein dan sayur itu sudah cukup, cheat day nya hanya minta nasi mie tapi tidak boleh tiap hari, karena mual juga","kalo tidak dikasih susu tapi penting protein sayur cukup, cheat day nya hanya minta nasi mie tapi tidak boleh tiap hari, karena mual",30
1649812428635639809,"@telyufess Makan sehari 3-4 kali (banyakin protein), sehari mam 2 alpukat, malemnya minum susu full cream, olahraganya angkat beban. Waktu itu aku rutin kayak gitu sebulan naik 5 kg, tp abis itu udahan soalnya eneg sendiri 😃👍🏽",Sat Apr 22 16:28:29 +0000 2023,,,53,0,0,0,id,susu protein eneg,2026-05-13T14:21:36.898177,twitter,"makan sehari 3-4 kali banyakin protein, sehari mam 2 alpukat, malemnya minum susu full cream, olahraganya angkat beban. waktu itu aku rutin kayak gitu sebulan naik 5 kg, tapi abis itu udahan soalnya mual sendiri","makan sehari 3-4 kali banyakin protein, sehari mam 2 alpukat, malemnya minum susu full cream, olahraganya angkat beban. waktu rutin kayak gitu sebulan naik 5 kg, tapi abis udahan soalnya mual sendiri",35
1644467451080613888,"@FFOODFESS Kalo aku ganti nasi pake bubur polos pas awal2 tp karna makan itu 3x sehari akhirnya eneg jg dan jadi sekarang minum Energen aja soalnya aku jg kurang cocok sm susu hamil.
Terus aku jg stock Fitbar sm Soyjoy buat serat sm protein nabati nya. Semangat semangat!",Fri Apr 07 22:29:27 +0000 2023,,,327,0,0,0,id,susu protein eneg,2026-05-13T14:21:36.898180,twitter,kalo aku ganti nasi pake bubur polos pas awal2 tapi karna makan itu 3x sehari akhirnya mual juga dan jadi sekarang minum energen aja soalnya aku juga kurang cocok sama susu hamil. terus aku juga stock fitbar sama soyjoy buat serat sama protein nabati nya. semangat semangat!,kalo ganti nasi pake bubur polos pas awal2 tapi karna makan 3x sehari akhirnya mual jadi sekarang minum energen aja soalnya kurang cocok sama susu hamil. terus stock fitbar sama soyjoy buat serat sama protein nabati nya. semangat semangat!,47
1633459643291951111,"@resthir Aku sukaaa cokelatnya ga eneg kek cokelat susu gitu.. jadi ga bikin mual basiannya. Ayooo buka kak!

Dia jenisnya ada 2 aku baru tau😅 realmeals sama realpro. Yang realpro lebih fokus ke protein kayaknya. Tar aku coba deh😆",Wed Mar 08 13:28:21 +0000 2023,,,23242,0,0,1,id,susu protein eneg,2026-05-13T14:21:36.898183,twitter,aku sukaaa cokelatnya tidak mual kek cokelat susu gitu.. jadi tidak bikin mual basiannya. ayooo buka kak! dia jenisnya ada 2 aku baru tau realmeals sama realpro. yang realpro lebih fokus ke protein kayaknya. tar aku coba,sukaaa cokelatnya tidak mual kek cokelat susu gitu.. jadi tidak bikin mual basiannya. ayooo buka kak! jenisnya 2 baru tau realmeals sama realpro. realpro lebih fokus protein kayaknya. tar coba,37
1613339303916212224,"Racikan enyak protein shake stroberi tu emang setengah gelas air putih+satu gelas susu+satu sendok protein. 
Gak eneg gak terlalu manis enyaak 🤤",Thu Jan 12 00:57:19 +0000 2023,,,375,0,0,1,id,susu protein eneg,2026-05-13T14:21:36.898197,twitter,racikan enyak protein shake stroberi tu emang setengah gelas air putihsatu gelas sususatu sendok protein. tidak mual tidak terlalu manis enyaak,racikan enyak protein shake stroberi tu emang setengah gelas air putihsatu gelas sususatu sendok protein. tidak mual tidak terlalu manis enyaak,21
1610757504941838336,"Di indo banyak waktu buat olahraga, tapi mau beli susu protein mahal, duit bokek, jadinya makan dada ayam sampe eneg.

Di aussie, semua makanan tinggi protein, harganya murah, tapi gaada waktu buat olahraga. Suekkk",Wed Jan 04 21:58:10 +0000 2023,,,15493,0,0,0,id,susu protein eneg,2026-05-13T14:21:36.898200,twitter,"di indo banyak waktu buat olahraga, tapi mau beli susu protein mahal, duit bokek, jadinya makan dada ayam sampe eneg. di aussie, semua makanan tinggi protein, harganya murah, tapi gaada waktu buat olahraga. suekkk","indo banyak waktu buat olahraga, tapi mau beli susu protein mahal, duit bokek, jadinya makan dada ayam sampe eneg. aussie, semua makanan tinggi protein, harganya murah, tapi gaada waktu buat olahraga. suekkk",34
1604755500415201280,Ada ga si protein shake yang rasanya kaya nutrisari? Jujur abid workout minum rasa rasa susu vanilla/coklat bikin eneg and not at all refreshing,Mon Dec 19 08:28:20 +0000 2022,,,4211,0,0,0,id,susu protein eneg,2026-05-13T14:21:36.898203,twitter,ada tidak si protein shake yang rasanya kayak nutrisari? jujur abid workout minum rasa rasa susu vanillacoklat bikin mual and not at all refreshing,tidak si protein shake rasanya kayak nutrisari? jujur abid workout minum rasa rasa susu vanillacoklat bikin mual and all refreshing,24
1599616422971584513,@crazyagassi @KimKyuShoyo @missbluebell3 @sdenta Huhu jadi inget aku dulu gini. Sama dokter diresepin susu tinggi protein. Trus aku makan telur sama es krim teruss sampai eneg.,Mon Dec 05 04:07:29 +0000 2022,,,447,0,0,2,id,susu protein eneg,2026-05-13T14:21:36.898206,twitter,huhu jadi inget aku dulu gini. sama dokter diresepin susu tinggi protein. trus aku makan telur sama es krim teruss sampai eneg.,huhu jadi inget dulu gini. sama dokter diresepin susu tinggi protein. trus makan telur sama es krim teruss sampai eneg.,22
1599329431927291904,"Sini sini yang mau tau lebih lengkap tentang #InstantKindness dari KIN Sterilized Milk: 

💙 Terbuat hanya dari Susu Sapi A2
💙 Mengandung hanya Protein A2 
💙 Lebih ramah bagi pencernaan
💙 Ga bikin eneg, ga bikin kembung https://t.co/xYtKSQQ2om",Sun Dec 04 09:07:05 +0000 2022,,,55,0,0,1,id,susu protein eneg,2026-05-13T14:21:36.898209,twitter,"sini sini yang mau tau lebih lengkap tentang instantkindness dari kin sterilized milk terbuat hanya dari susu sapi a2 mengandung hanya protein a2 lebih ramah bagi pencernaan tidak bikin eneg, tidak bikin kembung","sini sini mau tau lebih lengkap tentang instantkindness kin sterilized milk terbuat hanya susu sapi a2 mengandung hanya protein a2 lebih ramah bagi pencernaan tidak bikin eneg, tidak bikin kembung",33
1595763632528592896,"Cari alternatif protein nabati? Selain tahu tempe dan kacang kacangan yang diolah dan gue konsumsi di warteg, monmaap aku males effort cari cari alternatif lain. Udah coba minum susu yang bisa gain mass juga, kalau sesuai saran penyajain, wooww eneg saayy.",Thu Nov 24 12:57:52 +0000 2022,,,1271,0,0,1,id,susu protein eneg,2026-05-13T14:21:36.898212,twitter,"cari alternatif protein nabati? selain tahu tempe dan kacang kacangan yang diolah dan gue konsumsi di warteg, monmaap aku males effort cari cari alternatif lain. sudah coba minum susu yang bisa gain mass juga, kalau sesuai saran penyajain, wooww mual saayy.","cari alternatif protein nabati? selain tahu tempe kacang kacangan diolah gue konsumsi warteg, monmaap males effort cari cari alternatif lain. coba minum susu bisa gain mass juga, kalau sesuai saran penyajain, wooww mual saayy.",41
1590975680996855808,"Rasa susu yang lebih natural, struktur Protein A2 nya lebih terjaga dan ga bikin eneg serta kembung, bikin rasa &amp; tampilan kopimu Ma-KIN Premium deh! 😜

Anyway, KIN hadir di Jakarta Coffee Week (@jktcoffeeweek) 11-13 November di City Hall PIM 3 loh! https://t.co/QOd6nzIhEq",Fri Nov 11 07:52:15 +0000 2022,,,55,0,0,1,id,susu protein eneg,2026-05-13T14:21:36.898215,twitter,"rasa susu yang lebih natural, struktur protein a2 nya lebih terjaga dan tidak bikin mual serta kembung, bikin rasa amp tampilan kopimu ma-kin premium deh! anyway, kin hadir di jakarta coffee week 11-13 november di city hall pim 3 loh!","rasa susu lebih natural, struktur protein a2 nya lebih terjaga tidak bikin mual serta kembung, bikin rasa amp tampilan kopimu ma-kin premium deh! anyway, kin hadir jakarta coffee week 11-13 november city hall pim 3 loh!",40
1588751246738935808,"diet! Aku eneg banget sama susu kalo cium baunya pusing banget, ada ga ya minuman protein yang rasanya dark coklat dan ga begitu manis? Soalnya kalo dari segi makanan aja protein ku jauh banget jadi butuh tambahan protein",Sat Nov 05 04:33:09 +0000 2022,,,276769,2,1,5,id,susu protein eneg,2026-05-13T14:21:36.898218,twitter,"diet! aku mual banget sama susu kalo cium baunya pusing banget, ada tidak ya minuman protein yang rasanya dark coklat dan tidak begitu manis? soalnya kalo dari segi makanan aja protein ku jauh banget jadi butuh tambahan protein","diet! mual banget sama susu kalo cium baunya pusing banget, tidak ya minuman protein rasanya dark coklat tidak begitu manis? soalnya kalo segi makanan aja protein ku jauh banget jadi butuh tambahan protein",38
1585938034519789568,"@ohmybeautybank Mending conditioning kebiasaan makan sendiri biar bisa tambah porsi tanpa eneg

Gue pribadi ga cocok minum susu, jadi ya banyakin ke makan aja. Kalo bubuk2an mending langsung neli protein powder biar digado jadi smoothie &amp; lebih kenyang.",Fri Oct 28 10:14:27 +0000 2022,,,599,0,0,0,id,susu protein eneg,2026-05-13T14:21:36.898234,twitter,"mending conditioning kebiasaan makan sendiri biar bisa tambah porsi tanpa mual gue pribadi tidak cocok minum susu, jadi ya banyakin ke makan aja. kalo bubuk2an mending langsung neli protein powder biar digado jadi smoothie amp lebih kenyang.","mending conditioning kebiasaan makan sendiri biar bisa tambah porsi tanpa mual gue pribadi tidak cocok minum susu, jadi ya banyakin makan aja. kalo bubuk2an mending langsung neli protein powder biar digado jadi smoothie amp lebih kenyang.",37
1569973207666667520,Kenapa kamu suka protein dari aku? padahal tiap aku minum susu protein langsung eneg :'),Wed Sep 14 08:55:56 +0000 2022,,,59189,0,0,3,id,susu protein eneg,2026-05-13T14:21:36.898237,twitter,kenapa kamu suka protein dari aku? padahal tiap aku minum susu protein langsung mual ',kenapa suka protein aku? padahal tiap minum susu protein langsung mual ',15
1551197437104050176,"Jus tomat + wortel tanpa gula dikasih susu protein kenapa rasanya eneg 🥹🥹
Salutt bgtt sm orang"" yg doyan makan sayur or dada ayam d blend sm protein shake 🥹🥹👍👍 https://t.co/lfCnQynlvP",Sun Jul 24 13:27:43 +0000 2022,,,413,0,0,2,id,susu protein eneg,2026-05-13T14:21:36.898240,twitter,jus tomat wortel tanpa gula dikasih susu protein kenapa rasanya mual salutt bgtt sama orang yang doyan makan sayur or dada ayam d blend sama protein shake,jus tomat wortel tanpa gula dikasih susu protein kenapa rasanya mual salutt bgtt sama orang doyan makan sayur dada ayam d blend sama protein shake,27
1540936295773442048,"baru nyobain whey protein nya puro rasa strawvery yoghurt, aaaaaaakkkk enakkkk!!! ga eneg kyk susu protein yg biasa rasa coklat:’ https://t.co/aCQOsEuEYc",Sun Jun 26 05:53:36 +0000 2022,,,854,2,0,0,id,susu protein eneg,2026-05-13T14:21:36.898243,twitter,"baru nyobain whey protein nya puro rasa strawvery yoghurt, aaaaaaakkkk enakkkk!!! tidak mual kayak susu protein yang biasa rasa coklat","baru nyobain whey protein nya puro rasa strawvery yoghurt, aaaaaaakkkk enakkkk!!! tidak mual kayak susu protein biasa rasa coklat",20
1539121229852217344,"Dan hari ini saya nyerah..
udah eneg banget makan dada ayam mulu setiap hari 😭😖
mau ganti protein ke susu, takut jerawat punggung lagi 🥺",Tue Jun 21 05:41:11 +0000 2022,,,44,0,0,0,id,susu protein eneg,2026-05-13T14:21:39.047599,twitter,"dan hari ini saya nyerah.. sudah mual banget makan dada ayam mulu setiap hari mau ganti protein ke susu, takut jerawat punggung lagi","hari nyerah.. mual banget makan dada ayam mulu setiap hari mau ganti protein susu, takut jerawat punggung lagi",23
1533420936233648128,"Mangga, oat, protein powder, peanut butter, susu. Enakkkk gak bikin eneg kayak kemarin",Sun Jun 05 12:10:15 +0000 2022,,,182,0,0,0,id,susu protein eneg,2026-05-13T14:21:39.047618,twitter,"mangga, oat, protein powder, peanut butter, susu. enakkkk tidak bikin mual kayak kemarin","mangga, oat, protein powder, peanut butter, susu. enakkkk tidak bikin mual kayak kemarin",13
1531827393370869760,Susu pengurang mual yang aku minum adalah “Prenagen Emesis” rasa vanilla delight. Sangat enak dan tidak eneg. Cukup mengurangi rasa mualku krn mengandung B6 dan protein tinggi dan yg pasti menambah asupan nutrisi. Sayangnya kandungan lipidnya tidak selengkap Anmum yg disertai GA.,Wed Jun 01 02:38:05 +0000 2022,,,211,0,0,1,id,susu protein eneg,2026-05-13T14:21:39.047623,twitter,susu pengurang mual yang aku minum adalah prenagen emesis rasa vanilla delight. sangat enak dan tidak eneg. cukup mengurangi rasa mualku karena mengandung b6 dan protein tinggi dan yang pasti menambah asupan nutrisi. sayangnya kandungan lipidnya tidak selengkap anmum yang disertai ga.,susu pengurang mual minum prenagen emesis rasa vanilla delight. sangat enak tidak eneg. cukup mengurangi rasa mualku karena mengandung b6 protein tinggi pasti menambah asupan nutrisi. sayangnya kandungan lipidnya tidak selengkap anmum disertai ga.,42
1530589482348519424,@livingtofuu susu protein bikin eneg :(,Sat May 28 16:39:04 +0000 2022,,,1036,0,0,0,other,susu protein eneg,2026-05-13T14:21:39.047628,twitter,susu protein bikin mual,susu protein bikin mual,4
1527251103368478720,"@dahldahel Aku nyoba minum susu protein punya ade aku aja eneg, gimana makan ya hm",Thu May 19 11:33:32 +0000 2022,,,41,0,0,1,id,susu protein eneg,2026-05-13T14:21:39.047632,twitter,"aku nyoba minum susu protein punya ade aku aja eneg, gimana makan ya hm","nyoba minum susu protein punya ade aja eneg, gimana makan ya hm",14
1523673774490779648,@RetiagoDrago Duh mumet mas penjelasanmu tp nuwun bgt jd tercerahkan. Saya jg kalau cari susu UHT yg kandungan protein tinggi untuk pertumbuhan anak saya... cimory jg kesukaan anak saya krn ngga eneg,Mon May 09 14:38:30 +0000 2022,,,521,0,0,0,id,susu protein eneg,2026-05-13T14:21:39.047637,twitter,duh mumet mas penjelasanmu tapi nuwun banget jd tercerahkan. saya juga kalau cari susu uht yang kandungan protein tinggi untuk pertumbuhan anak saya... cimory juga kesukaan anak saya karena tidak mual,duh mumet mas penjelasanmu tapi nuwun banget jd tercerahkan. kalau cari susu uht kandungan protein tinggi pertumbuhan anak saya... cimory kesukaan anak karena tidak mual,31
1517538829963460608,"ini eating disorder ga si, soalnya makan mulu ggra bb ga naik"", body dysphoria juga krn kok ga ada perubahan signifikan lagi, kek stuck gitu, trus maksain diri minum susu protein terus walau rasanya ga enak dan sllu bikin eneg kek mo muntah :(((",Fri Apr 22 16:20:26 +0000 2022,,,1036,0,1,0,id,susu protein eneg,2026-05-13T14:21:39.047641,twitter,"ini eating disorder tidak si, soalnya makan mulu ggra bb tidak naik, body dysphoria juga karena kok tidak ada perubahan signifikan lagi, kek stuck gitu, trus maksain diri minum susu protein terus walau rasanya tidak enak dan sllu bikin mual kek mo muntah","eating disorder tidak si, soalnya makan mulu ggra bb tidak naik, body dysphoria karena kok tidak perubahan signifikan lagi, kek stuck gitu, trus maksain diri minum susu protein terus walau rasanya tidak enak sllu bikin mual kek mo muntah",43
1493061323827335168,Ngeblend susu protein rasa vanilla di campur pisang 1. Kok jadi eneg sic.,Mon Feb 14 03:15:33 +0000 2022,,,795,0,0,0,id,susu protein eneg,2026-05-13T14:21:39.047645,twitter,ngeblend susu protein rasa vanilla di campur pisang 1. kok jadi mual sic.,ngeblend susu protein rasa vanilla campur pisang 1. kok jadi mual sic.,13
1478662489470496768,"Anda tak perlu ragu dengan kandungan gizi Susu Kental Manis Cap Enaak. Selain rasanya yang tidak eneg, Cap Enaak juga diperkaya dengan Protein, Vitamin A, B1 dan D3.",Wed Jan 05 09:39:44 +0000 2022,,,554,0,0,1,id,susu protein eneg,2026-05-13T14:21:39.047649,twitter,"anda tak perlu ragu dengan kandungan gizi susu kental manis cap enaak. selain rasanya yang tidak eneg, cap enaak juga diperkaya dengan protein, vitamin a, b1 dan d3.","anda tak perlu ragu kandungan gizi susu kental manis cap enaak. selain rasanya tidak eneg, cap enaak diperkaya protein, vitamin a, b1 d3.",28
1473580392682692617,Ternyata minum susu protein gak boleh di gas 2 sachet dalam satu botol. Eneg…..,Wed Dec 22 09:05:18 +0000 2021,,,254,0,0,0,id,susu protein eneg,2026-05-13T14:21:39.047653,twitter,ternyata minum susu protein tidak boleh di gas 2 sachet dalam satu botol. eneg..,ternyata minum susu protein tidak boleh gas 2 sachet satu botol. eneg..,14
1470027246542880768,"susu protein ini emg rasanya sesuai harga, klo murah yaa kadang enak kadang eneg, klo mahal varian rasanya banyak + enak",Sun Dec 12 13:46:22 +0000 2021,,,271,0,0,0,id,susu protein eneg,2026-05-13T14:21:39.047657,twitter,"susu protein ini emg rasanya sesuai harga, klo murah yaa kadang enak kadang eneg, klo mahal varian rasanya banyak enak","susu protein emg rasanya sesuai harga, klo murah yaa kadang enak kadang eneg, klo mahal varian rasanya banyak enak",20
1449590287106334723,"@kochenkkk_ @ohmybeautybank Susu apapun bisa kok kalo kamu eneg susu dancow,coba yg full krim ato gk makan yg banyak protein terus banyakin tidur",Sun Oct 17 04:17:11 +0000 2021,,,134,0,0,0,id,susu protein eneg,2026-05-13T14:21:39.047661,twitter,"susu apapun bisa kok kalo kamu mual susu dancow,coba yang full krim ato tidak makan yang banyak protein terus banyakin tidur","susu apapun bisa kok kalo mual susu dancow,coba full krim ato tidak makan banyak protein terus banyakin tidur",21
1416693339613634568,"@ainayed Aku trauma sm susu kedele, dulu pas anakku sakit, krn stress aku ga bisa produksi ASI byk, sedangkan anakku ga boleh minum sufor. Segala macem cara dilakukan termasuk minum protein dari susu kedele, biarpun eneg hrs minum tiap hari demi anak. Skrg kalo liat itu bawaannya nangis",Sun Jul 18 09:36:27 +0000 2021,,,219,0,0,0,id,susu protein eneg,2026-05-13T14:21:39.047665,twitter,"aku trauma sama susu kedele, dulu pas anakku sakit, karena stress aku tidak bisa produksi asi byk, sedangkan anakku tidak boleh minum sufor. segala macem cara dilakukan termasuk minum protein dari susu kedele, biarpun mual hrs minum tiap hari demi anak. skrg kalo liat itu bawaannya nangis","trauma sama susu kedele, dulu pas anakku sakit, karena stress tidak bisa produksi asi byk, sedangkan anakku tidak boleh minum sufor. segala macem cara dilakukan termasuk minum protein susu kedele, biarpun mual hrs minum tiap hari demi anak. skrg kalo liat bawaannya nangis",47
1400925919246577664,@winajunns Winae coba tanyain ke dokternya boleh minum susu whey protein engga. Biar ga eneg makan putih telur.,Fri Jun 04 21:22:21 +0000 2021,,,452,0,0,1,id,susu protein eneg,2026-05-13T14:21:39.047669,twitter,winae coba tanyain ke dokternya boleh minum susu whey protein engga. biar tidak mual makan putih telur.,winae coba tanyain dokternya boleh minum susu whey protein engga. biar tidak mual makan putih telur.,17
1387957093534093313,"@firdaasm Kalo eneg, yg penting sih putih nya ttp 6-8, kuningnya bisa 2 aja. Biar ga naik kolesterol

Sama susu tinggi protein 3x sehari dun. dea pake peptisol selang seling nutrican yang gula nya lebih rendah, pokonya diliat aja komposisi yg proteinnya lebih banayk

Smoga membantuu heheh",Fri Apr 30 02:28:52 +0000 2021,,,316,0,0,1,id,susu protein eneg,2026-05-13T14:21:39.047673,twitter,"kalo eneg, yang penting putih nya ttp 6-8, kuningnya bisa 2 aja. biar tidak naik kolesterol sama susu tinggi protein 3x sehari dun. dea pake peptisol selang seling nutrican yang gula nya lebih rendah, pokonya diliat aja komposisi yang proteinnya lebih banayk smoga membantuu heheh","kalo eneg, penting putih nya ttp 6-8, kuningnya bisa 2 aja. biar tidak naik kolesterol sama susu tinggi protein 3x sehari dun. dea pake peptisol selang seling nutrican gula nya lebih rendah, pokonya diliat aja komposisi proteinnya lebih banayk smoga membantuu heheh",45
1374617583148691457,"Dasar gw anak ITP gadungan. Ya whey itu protein susu lah.

Curd jadi keju, whey bagian cairnya.

(baru inget pas minum, kok rasanya susu amat. Udah tambah kopi gak ngaruh)

Eneg",Wed Mar 24 07:02:25 +0000 2021,,,348,0,0,1,id,susu protein eneg,2026-05-13T14:21:39.047676,twitter,"dasar gw anak itp gadungan. ya whey itu protein susu lah. curd jadi keju, whey bagian cairnya. baru inget pas minum, kok rasanya susu amat. sudah tambah kopi tidak ngaruh mual","dasar gw anak itp gadungan. ya whey protein susu lah. curd jadi keju, whey bagian cairnya. baru inget pas minum, kok rasanya susu amat. tambah kopi tidak ngaruh mual",31
1365707942490640385,"Sudah makan banyak, sudah nyemil banyak, sudah minum susu protein juga sampe eneg, sudah mengurangi cardio bahkan sudah cek darah dll

Hmm jangan lupakan genetik nak
Goalsku biar gak underweight aja wes",Sat Feb 27 16:58:41 +0000 2021,,,511,0,0,2,id,susu protein eneg,2026-05-13T14:21:39.047680,twitter,"sudah makan banyak, sudah nyemil banyak, sudah minum susu protein juga sampe eneg, sudah mengurangi cardio bahkan sudah cek darah dll hmm jangan lupakan genetik nak goalsku biar tidak underweight aja wes","makan banyak, nyemil banyak, minum susu protein sampe eneg, mengurangi cardio bahkan cek darah dll hmm jangan lupakan genetik nak goalsku biar tidak underweight aja wes",32
1346331982465142784,"@Paperb0ys awalnya aku pun pengen beli nitro tech tapi takut keulang lagi eneg nya sama anehnya susu protein.
dari pada nyoba nyoba yg lain mending beli yg udah tau rasanya aja deh aku 😂",Tue Jan 05 05:45:32 +0000 2021,,,995,0,0,0,id,susu protein eneg,2026-05-13T14:21:39.047685,twitter,awalnya aku pun pengen beli nitro tech tapi takut keulang lagi mual nya sama anehnya susu protein. dari pada nyoba nyoba yang lain mending beli yang sudah tau rasanya aja aku,awalnya pun pengen beli nitro tech tapi takut keulang lagi mual nya sama anehnya susu protein. nyoba nyoba lain mending beli tau rasanya aja,31
1345988662652149760,"@ohmybeautybank aku pagi jus apel tanpa gula/apel potong
siang kentang rebus kasi garam dikiiiittt kadang diganti kecap/saos
malam susu soya, aku eneg kalo cuma susu protein",Mon Jan 04 07:01:19 +0000 2021,,,231,0,0,1,id,susu protein eneg,2026-05-13T14:21:39.047689,twitter,"aku pagi jus apel tanpa gulaapel potong siang kentang rebus kasi garam dikiiiittt kadang diganti kecapsaos malam susu soya, aku mual kalo cuma susu protein","pagi jus apel tanpa gulaapel potong siang kentang rebus kasi garam dikiiiittt kadang diganti kecapsaos malam susu soya, mual kalo cuma susu protein",25
1323271574657495040,@yatapikan Coba beli putih telor kiloan. Untuk muscle gain 2g protein x bobot sekarang/hari. 1ons putih telur itu 11g protein. Lebih murah daripada susu protein (tapi yha eneg).,Mon Nov 02 14:31:43 +0000 2020,,,1982,0,0,0,id,susu protein eneg,2026-05-13T14:21:39.047693,twitter,coba beli putih telor kiloan. untuk muscle gain 2g protein x bobot sekaranghari. 1ons putih telur itu 11g protein. lebih murah daripada susu protein tapi yha eneg.,coba beli putih telor kiloan. muscle gain 2g protein x bobot sekaranghari. 1ons putih telur 11g protein. lebih murah daripada susu protein tapi yha eneg.,27
1318170788608974848,"@hohehohahi sumpah gasuka, eneg 😭
kan gw sempet alergi protein tuh pas kecil, ga boleh minum susu sapi. jadi minumnya susu kedelai

skrg sih udh sembuh, tapi tetep eneg kalo minum susu(mau kedelai apa sapi, semuanya bikin eneg)",Mon Oct 19 12:43:01 +0000 2020,,,50,0,0,1,id,susu protein eneg,2026-05-13T14:21:41.705084,twitter,"sumpah gasuka, mual kan gw sempet alergi protein tuh pas kecil, tidak boleh minum susu sapi. jadi minumnya susu kedelai skrg sudah sembuh, tapi tetep mual kalo minum susumau kedelai apa sapi, semuanya bikin eneg","sumpah gasuka, mual kan gw sempet alergi protein tuh pas kecil, tidak boleh minum susu sapi. jadi minumnya susu kedelai skrg sembuh, tapi tetep mual kalo minum susumau kedelai apa sapi, semuanya bikin eneg",35
1317815701617324032,"@blushinglilac Susu tawar aja kalo eneg, kalo abis olahraga butuh asupan protein biar ga njarem. Jarang olahraga pasti nih ye 🤣",Sun Oct 18 13:12:01 +0000 2020,,,440,0,0,1,id,susu protein eneg,2026-05-13T14:21:41.705109,twitter,"susu tawar aja kalo eneg, kalo abis olahraga butuh asupan protein biar tidak njarem. jarang olahraga pasti ye","susu tawar aja kalo eneg, kalo abis olahraga butuh asupan protein biar tidak njarem. jarang olahraga pasti ye",18
1306800520279912448,"@Pranjasnagya makanan yang ngandung protein mba gyyy kadang aja minum susunya itupun gonta ganti, kalo dah eneg minum susu di minumin air es :’’",Fri Sep 18 03:41:37 +0000 2020,,,373,0,0,1,id,susu protein eneg,2026-05-13T14:21:41.705114,twitter,"makanan yang ngandung protein mba gyyy kadang aja minum susunya itupun gonta ganti, kalo dah mual minum susu di minumin air es","makanan ngandung protein mba gyyy kadang aja minum susunya itupun gonta ganti, kalo dah mual minum susu minumin air es",22
1285210164048453632,"@FOOD_FESS Karbo sama protein yg seimbang. Kl karbo doang dagingnya ga padet malah basah, diabet juga. Penting rajin makan lauknya jg yg banyak. Makan daging/tempe penting ada proteinnya. Kl ga minum dancow susu coklat buatku ga eneg kok. Minum tiap bangun sama mau tidur",Mon Jul 20 13:49:15 +0000 2020,,,227,0,0,0,id,susu protein eneg,2026-05-13T14:21:41.705119,twitter,"karbo sama protein yang seimbang. kl karbo doang dagingnya tidak padet malah basah, diabet juga. penting rajin makan lauknya juga yang banyak. makan dagingtempe penting ada proteinnya. kl tidak minum dancow susu coklat buatku tidak mual kok. minum tiap bangun sama mau tidur","karbo sama protein seimbang. kl karbo doang dagingnya tidak padet malah basah, diabet juga. penting rajin makan lauknya banyak. makan dagingtempe penting proteinnya. kl tidak minum dancow susu coklat buatku tidak mual kok. minum tiap bangun sama mau tidur",43
1270730118990671872,@VBsekarwidya @FOODFESS2 Setiap orng mungkin efeknya beda” tpi di aq ma adek ponakanku hasilnya gt. Kita punya nslah ma haid akhirnya minum susu ini drpda obat krna pas thun depannya mau nikah jg. Dan 2 bln minum ini haid mulai lancar. Tp aq cm minum 6 bln aj krna eneg. Gantinya mkanan tinggi protein.,Wed Jun 10 14:50:44 +0000 2020,,,434,2,0,1,id,susu protein eneg,2026-05-13T14:21:41.705123,twitter,setiap orang mungkin efeknya beda tapi di aq ma adek ponakanku hasilnya gt. kita punya nslah ma haid akhirnya minum susu ini drpda obat karena pas thun depannya mau nikah jg. dan 2 bln minum ini haid mulai lancar. tapi aq cm minum 6 bln aj karena eneg. gantinya mkanan tinggi protein.,setiap orang mungkin efeknya beda tapi aq ma adek ponakanku hasilnya gt. punya nslah ma haid akhirnya minum susu drpda obat karena pas thun depannya mau nikah jg. 2 bln minum haid mulai lancar. tapi aq cm minum 6 bln aj karena eneg. gantinya mkanan tinggi protein.,52
1223751007957471232,Klo smoothiesnya mau pake susu: JANGAN PAKE LOW FAT MILK karena gulanya tinggi tenannnn. Pake almond milk aja atau soy milk (gw suka banget v-soy multi grain allahuakbarrr). Tapi kalo campur protein powder + susu itu jadi kentallll bgt. Hati2 eneg. Klo ga kuat kental pk air aja,Sat Feb 01 23:32:31 +0000 2020,,,229,2,0,1,id,susu protein eneg,2026-05-13T14:21:41.705128,twitter,klo smoothiesnya mau pake susu jangan pake low fat milk karena gulanya tinggi tenannnn. pake almond milk aja atau soy milk gw suka banget v-soy multi grain allahuakbarrr. tapi kalo campur protein powder susu itu jadi kentallll bgt. hati2 eneg. klo tidak kuat kental pk air aja,klo smoothiesnya mau pake susu jangan pake low fat milk karena gulanya tinggi tenannnn. pake almond milk aja atau soy milk gw suka banget v-soy multi grain allahuakbarrr. tapi kalo campur protein powder susu jadi kentallll bgt. hati2 eneg. klo tidak kuat kental pk air aja,47
1165138253781114880,"Start ur day with #wheyprotein
•
.
RSP True Fit, pecah banget rasanya. Enak dan ga bikin eneg, 24G of protein dan organic karena pake Grass Fed milk.
•
.
Biasanya, gue kalo minum susu protein langsung berasa panas… https://t.co/VDeKeGCblT",Sat Aug 24 05:46:21 +0000 2019,,,266,0,0,0,id,susu protein eneg,2026-05-13T14:21:41.705132,twitter,"start ur day with wheyprotein . rsp true fit, pecah banget rasanya. enak dan tidak bikin eneg, 24g of protein dan organic karena pake grass fed milk. . biasanya, gue kalo minum susu protein langsung berasa panas","start ur day wheyprotein . rsp true fit, pecah banget rasanya. enak tidak bikin eneg, 24g protein organic karena pake grass fed milk. . biasanya, gue kalo minum susu protein langsung berasa panas",37
1151771085613883392,"Jangan lupa cobain OLATTE, minuman susu segar dr Korea dgn rasa buah mengandung protein yg gak bikin begah di perut &amp; eneg di tenggorokan dari  @olatte.indonesia ya! 

Olatte, minuman lembut yang ngebuat lo serasa terbang ke awan! #PramborsAds https://t.co/WnijocUdLO",Thu Jul 18 08:30:00 +0000 2019,,,1944402,9,2,0,id,susu protein eneg,2026-05-13T14:21:41.705137,twitter,"jangan lupa cobain olatte, minuman susu segar dari korea dengan rasa buah mengandung protein yang tidak bikin begah di perut amp mual di tenggorokan dari .indonesia ya! olatte, minuman lembut yang ngebuat lo serasa terbang ke awan! pramborsads","jangan lupa cobain olatte, minuman susu segar korea rasa buah mengandung protein tidak bikin begah perut amp mual tenggorokan .indonesia ya! olatte, minuman lembut ngebuat lo serasa terbang awan! pramborsads",38
1150303666106183681,"Jangan lupa cobain OLATTE, minuman susu segar dr Korea dgn rasa buah mengandung protein yg gak bikin begah di perut &amp; eneg di tenggorokan dari @olatte.indonesia ya! 

Olatte, minuman lembut yang ngebuat lo serasa terbang ke awan! #PramborsAds https://t.co/zENRwiAwVG",Sun Jul 14 07:19:00 +0000 2019,,,1944402,5,0,0,id,susu protein eneg,2026-05-13T14:21:41.705141,twitter,"jangan lupa cobain olatte, minuman susu segar dari korea dengan rasa buah mengandung protein yang tidak bikin begah di perut amp mual di tenggorokan dari .indonesia ya! olatte, minuman lembut yang ngebuat lo serasa terbang ke awan! pramborsads","jangan lupa cobain olatte, minuman susu segar korea rasa buah mengandung protein tidak bikin begah perut amp mual tenggorokan .indonesia ya! olatte, minuman lembut ngebuat lo serasa terbang awan! pramborsads",38
1149589257247436800,"Jangan lupa cobain OLATTE, minuman susu segar dr Korea dgn rasa buah mengandung protein yg gak bikin begah di perut &amp; eneg di tenggorokan dari @olatte.indonesia ya! 

Olatte, minuman lembut yang ngebuat lo serasa terbang ke awan! #PramborsAds https://t.co/rkDi1PgwW4",Fri Jul 12 08:00:11 +0000 2019,,,1944402,8,2,4,id,susu protein eneg,2026-05-13T14:21:41.705146,twitter,"jangan lupa cobain olatte, minuman susu segar dari korea dengan rasa buah mengandung protein yang tidak bikin begah di perut amp mual di tenggorokan dari .indonesia ya! olatte, minuman lembut yang ngebuat lo serasa terbang ke awan! pramborsads","jangan lupa cobain olatte, minuman susu segar korea rasa buah mengandung protein tidak bikin begah perut amp mual tenggorokan .indonesia ya! olatte, minuman lembut ngebuat lo serasa terbang awan! pramborsads",38
1148857134634950657,"Jangan lupa cobain OLATTE, minuman susu segar dr Korea dgn rasa buah mengandung protein yg gak bikin begah di perut &amp; eneg di tenggorokan dari @olatte.indonesia ya! 

Olatte, minuman lembut yang ngebuat lo serasa terbang ke awan! #PramborsAds https://t.co/g9wfr2Zt6y",Wed Jul 10 07:31:00 +0000 2019,,,1944402,6,2,0,id,susu protein eneg,2026-05-13T14:21:41.705150,twitter,"jangan lupa cobain olatte, minuman susu segar dari korea dengan rasa buah mengandung protein yang tidak bikin begah di perut amp mual di tenggorokan dari .indonesia ya! olatte, minuman lembut yang ngebuat lo serasa terbang ke awan! pramborsads","jangan lupa cobain olatte, minuman susu segar korea rasa buah mengandung protein tidak bikin begah perut amp mual tenggorokan .indonesia ya! olatte, minuman lembut ngebuat lo serasa terbang awan! pramborsads",38
1132952475982475265,"susu dari sapi A2 yang hanya mengandung Protein A2 yang lebih baik sehingga mudah dicerna dan nyaman di perut, nggak bikin eneg atau kembung. boleh banget diminum buat buka nih 🤗
https://t.co/XKaj8DzMED
@leylahana
 #AsiknyaTwiteran",Mon May 27 10:11:34 +0000 2019,,,30462,0,1,0,id,susu protein eneg,2026-05-13T14:21:41.705154,twitter,"susu dari sapi a2 yang hanya mengandung protein a2 yang lebih baik sehingga mudah dicerna dan nyaman di perut, tidak bikin mual atau kembung. boleh banget diminum buat buka asiknyatwiteran","susu sapi a2 hanya mengandung protein a2 lebih baik sehingga mudah dicerna nyaman perut, tidak bikin mual atau kembung. boleh banget diminum buat buka asiknyatwiteran",30
1119843204101107713,"Sekarang ada yg Namanya Sapi A2 lho! Susu dari Sapi A2 ini mengandung protein yg lebih baik yaitu Protein A2, lebih mudah dicerna&amp;nyaman diperut! KIN Fresh Milk, pertama&amp;satu-satunya susu segar yg berasal dari 100% sapi A2, ga bikin eneg&amp;kembung. Selengkapnya di DR OZ hari ini!",Sun Apr 21 06:00:00 +0000 2019,,,4843043,14,0,0,id,susu protein eneg,2026-05-13T14:21:41.705161,twitter,"sekarang ada yang namanya sapi a2 lho! susu dari sapi a2 ini mengandung protein yang lebih baik yaitu protein a2, lebih mudah dicernaampnyaman diperut! kin fresh milk, pertamaampsatu-satunya susu segar yang berasal dari 100 sapi a2, tidak bikin enegampkembung. selengkapnya di dari oz hari ini!","sekarang namanya sapi a2 lho! susu sapi a2 mengandung protein lebih baik yaitu protein a2, lebih mudah dicernaampnyaman diperut! kin fresh milk, pertamaampsatu-satunya susu segar berasal 100 sapi a2, tidak bikin enegampkembung. selengkapnya oz hari ini!",45
1119495917621731328,"Merasa mual atau kembung setelah minum susu? Belum tentu kamu lactose intolerant loh! Bisa jadi tubuh kamu tdk bisa mencerna Protein A1. Minum KIN Fresh Milk,susu segar pertama di Indonesia yg berasal dari 100 % sapi A2, ngga bikin eneg&amp;kembung! Liat  selengkapnya di DR. OZ bsk!",Sat Apr 20 07:00:00 +0000 2019,,,4843043,14,1,0,id,susu protein eneg,2026-05-13T14:21:41.705168,twitter,"merasa mual atau kembung setelah minum susu? belum tentu kamu lactose intolerant loh! bisa jadi tubuh kamu tidak bisa mencerna protein a1. minum kin fresh milk,susu segar pertama di indonesia yang berasal dari 100 sapi a2, tidak bikin enegampkembung! liat selengkapnya di dr. oz bsk!","merasa mual atau kembung setelah minum susu? belum tentu lactose intolerant loh! bisa jadi tubuh tidak bisa mencerna protein a1. minum kin fresh milk,susu segar pertama indonesia berasal 100 sapi a2, tidak bikin enegampkembung! liat selengkapnya dr. oz bsk!",45
1098098688038031360,"Lagi di coba sih, tapi belom rutin.
Baru minum 2x.

Etapi siapatau buat ayah bunda yg pengen menaikan berat badan buah hatinya bisa di coba.

Kalo kata om PT aqu dulu, jaman masih ngegym, minum susu protein itu bisa di campur buah biar gak eneg bgt ya, bunda.

Silahkan mencoba.",Wed Feb 20 05:55:03 +0000 2019,,,308,0,0,0,id,susu protein eneg,2026-05-13T14:21:41.705172,twitter,"lagi di coba sih, tapi belom rutin. baru minum 2x. etapi siapatau buat ayah bunda yang pengen menaikan berat badan buah hatinya bisa di coba. kalo kata om pt aqu dulu, jaman masih ngegym, minum susu protein itu bisa di campur buah biar tidak mual banget ya, bunda. silahkan mencoba.","lagi coba sih, tapi belom rutin. baru minum 2x. etapi siapatau buat ayah bunda pengen menaikan berat badan buah hatinya bisa coba. kalo kata om pt aqu dulu, jaman masih ngegym, minum susu protein bisa campur buah biar tidak mual banget ya, bunda. silahkan mencoba.",50
1098098682048573441,"Pas di liet, hmm mon maap ni kok untuk anak 1-12th ni yaa.

Buat satu botol ukuran 200ml harganya lumayan juga sih, satuannya 30rb.

Rasanya yaa kaya macem apeten, susu protein tinggi yg eneg tapi gak ada rasa zat besinya. Jadi masih lumayan. https://t.co/SDdHX1DimI",Wed Feb 20 05:55:02 +0000 2019,,,308,0,0,2,id,susu protein eneg,2026-05-13T14:21:41.705176,twitter,"pas di liet, hmm mon maap ni kok untuk anak 1-12th ni yaa. buat satu botol ukuran 200ml harganya lumayan juga sih, satuannya 30rb. rasanya yaa kayak macem apeten, susu protein tinggi yang mual tapi tidak ada rasa zat besinya. jadi masih lumayan.","pas liet, hmm mon maap ni kok anak 1-12th ni yaa. buat satu botol ukuran 200ml harganya lumayan sih, satuannya 30rb. rasanya yaa kayak macem apeten, susu protein tinggi mual tapi tidak rasa zat besinya. jadi masih lumayan.",43
720400385379147777,"#TNT with @spartan_sehat 
Tips memilih susu whey protein yg bagus!

4. Pastiin memilih rasa susu yg kmu suka, biar kmu gak eneg

#CIPAGANTI",Wed Apr 13 23:56:50 +0000 2016,,,393141,1,0,0,id,susu protein eneg,2026-05-13T14:21:41.705180,twitter,"tnt with tips memilih susu whey protein yang bagus! 4. pastiin memilih rasa susu yang kmu suka, biar kmu tidak mual cipaganti","tnt tips memilih susu whey protein bagus! 4. pastiin memilih rasa susu kmu suka, biar kmu tidak mual cipaganti",22
532185527911317504,"@YunityasH don't make an excuse :p, susu tinggi protein dn rsanya eneg skli ._.",Tue Nov 11 14:58:12 +0000 2014,,,301,0,0,1,id,susu protein eneg,2026-05-13T14:21:41.705183,twitter,"don't make an excuse p, susu tinggi protein dn rsanya mual skli ..","don't make excuse p, susu tinggi protein dn rsanya mual skli ..",13
374342225389297664,ReallyRT @pnath: Ternyata oatmeal klo lgs di blend sama susu protein dan buah2an gak kerasa eneg ya. Asik...  ┐(´̯ ̮`̯)┌,Mon Sep 02 01:25:16 +0000 2013,,,48,0,0,1,id,susu protein eneg,2026-05-13T14:21:41.705187,twitter,reallyrt ternyata oatmeal klo lgs di blend sama susu protein dan buah2an tidak kerasa mual ya. asik...,reallyrt ternyata oatmeal klo lgs blend sama susu protein buah2an tidak kerasa mual ya. asik...,17
374341389909114880,Ternyata oatmeal klo lgs di blend sama susu protein dan buah2an gak kerasa eneg ya. Asik...  ┐(´̯ ̮`̯)┌,Mon Sep 02 01:21:56 +0000 2013,,,472,1,0,0,id,susu protein eneg,2026-05-13T14:21:41.705191,twitter,ternyata oatmeal klo lgs di blend sama susu protein dan buah2an tidak kerasa mual ya. asik...,ternyata oatmeal klo lgs blend sama susu protein buah2an tidak kerasa mual ya. asik...,16
2051090060796395799,"@afrkml Aku minum yang wpc-nya, gak ketelen ners😭 aku minum yang choco eclair tapi rasa coklatnya kayak aneh. 
sekarang aku konsumsi whey protein brand lain.",Mon May 04 00:02:32 +0000 2026,,,576,0,0,0,id,whey protein rasa aneh,2026-05-13T14:21:52.812159,twitter,"aku minum yang wpc-nya, tidak ketelen ners aku minum yang choco eclair tapi rasa coklatnya kayak aneh. sekarang aku konsumsi whey protein brand lain.","minum wpc-nya, tidak ketelen ners minum choco eclair tapi rasa coklatnya kayak aneh. sekarang konsumsi whey protein brand lain.",24
1977692595511075034,Whey protein kalo di rasa rasa ga enak njir aneh,Mon Oct 13 11:07:13 +0000 2025,,,693,0,0,0,id,whey protein rasa aneh,2026-05-13T14:21:52.812185,twitter,whey protein kalo di rasa rasa tidak enak njir aneh,whey protein kalo rasa rasa tidak enak njir aneh,10
1872651758360813685,"Udah kalau beli whey protein gak usah beli yang rasa aneh2, udah paling bener vanila coklat stroberi. Gw beli ONS cookies n cream rasanya aneh bgt asw. Apalah ada asin2nya ada getir2 tepungnya, ada pait2nya. Gajelas.",Fri Dec 27 14:32:26 +0000 2024,,,741,0,0,0,id,whey protein rasa aneh,2026-05-13T14:21:52.812192,twitter,"sudah kalau beli whey protein tidak usah beli yang rasa aneh2, sudah paling bener vanila coklat stroberi. gw beli ons cookies n cream rasanya aneh banget asw. apalah ada asin2nya ada getir2 tepungnya, ada pait2nya. gajelas.","kalau beli whey protein tidak usah beli rasa aneh2, paling bener vanila coklat stroberi. gw beli ons cookies n cream rasanya aneh banget asw. apalah asin2nya getir2 tepungnya, pait2nya. gajelas.",36
1856951162010046826,"@bubblesuto Disini, ojok pilih yg original soale rasane aneh. Pilih yg ada rasa2nya, ini semua rasa low sugar ya (biar apik utk kesehatan), klu dirasa kurang manis bisa ditambahi gula dewe

https://t.co/cQ30SL4KdJ",Thu Nov 14 06:43:52 +0000 2024,,,851,0,0,0,id,whey protein rasa aneh,2026-05-13T14:21:52.812199,twitter,"disini, ojok pilih yang original soale rasane aneh. pilih yang ada rasa2nya, ini semua rasa low sugar ya biar apik untuk kesehatan, klu dirasa kurang manis bisa ditambahi gula dewe","disini, ojok pilih original soale rasane aneh. pilih rasa2nya, semua rasa low sugar ya biar apik kesehatan, klu dirasa kurang manis bisa ditambahi gula dewe",30
1781918121730977823,"Current favorite: whey protein unflavored! Ga ada bau aneh (kirain akan kayak bau collagen powder unflavored), rasa aneh ga ada di lidah sih — just plain. Gampang diblend.

Basic whey: Protein 25g, BCAA 6,7g.
No vit/ mineral dll jadi ya harga lebih ramah kantong. https://t.co/eGijcx7hIn",Sun Apr 21 05:29:21 +0000 2024,,,1402,0,0,0,id,whey protein rasa aneh,2026-05-13T14:21:52.812205,twitter,"current favorite whey protein unflavored! tidak ada bau aneh kirain akan kayak bau collagen powder unflavored, rasa aneh tidak ada di lidah just plain. gampang diblend. basic whey protein 25g, bcaa 6,7g. no vit mineral dll jadi ya harga lebih ramah kantong.","current favorite whey protein unflavored! tidak bau aneh kirain kayak bau collagen powder unflavored, rasa aneh tidak lidah plain. gampang diblend. basic whey protein 25g, bcaa 6,7g. no vit mineral dll jadi ya harga lebih ramah kantong.",42
1665718915203313665,Lah enak banget ni whey protein padahal plain... malah rasa cokelatnya yang aneh,Mon Jun 05 13:55:11 +0000 2023,,,268,0,0,0,id,whey protein rasa aneh,2026-05-13T14:21:52.812210,twitter,lah enak banget ni whey protein padahal plain... malah rasa cokelatnya yang aneh,lah enak banget ni whey protein padahal plain... malah rasa cokelatnya aneh,13
1382692179768979459,SUMPAH WKWKWKW rasa whey aneh banget tp selama 3 hari puasa ini kebutuhan protein jelek banget jd mau gamau minum whey,Thu Apr 15 13:47:59 +0000 2021,,,23,0,0,0,id,whey protein rasa aneh,2026-05-13T14:21:52.812215,twitter,sumpah wkwkwkw rasa whey aneh banget tapi selama 3 hari puasa ini kebutuhan protein jelek banget jd mau gamau minum whey,sumpah wkwkwkw rasa whey aneh banget tapi selama 3 hari puasa kebutuhan protein jelek banget jd mau gamau minum whey,21
1984879901410017485,"Setahun ngegym hanya mengandalkan real food dan baru kali ini ngerasaain whey protein rasanya enek banget, padahal terhitungnya aku sweet tooth yg suka makanan atau minuman manis dan creamy",Sun Nov 02 07:07:00 +0000 2025,,,452,0,0,0,id,minuman protein enek,2026-05-13T14:23:22.284102,twitter,"setahun ngegym hanya mengandalkan real food dan baru kali ini ngerasaain whey protein rasanya mual banget, padahal terhitungnya aku sweet tooth yang suka makanan atau minuman manis dan creamy","setahun ngegym hanya mengandalkan real food baru kali ngerasaain whey protein rasanya mual banget, padahal terhitungnya sweet tooth suka makanan atau minuman manis creamy",29
1973573756657476029,"Ga pernah suka sama minuman tipe ini, tp emang butuh bgt protein tambahan. Kalau makan tuh enek dan capek. Pas cari-cari, ini cukup murah dan sesuai yg dibutuhkan. Dari 2 rasa honey banana dan chocolate soul, lebih suka chocolate soul. 

https://t.co/YNbskLjWtO",Thu Oct 02 02:20:25 +0000 2025,,,18,0,0,0,id,minuman protein enek,2026-05-13T14:23:22.284121,twitter,"tidak pernah suka sama minuman tipe ini, tapi emang butuh banget protein tambahan. kalau makan tuh mual dan capek. pas cari-cari, ini cukup murah dan sesuai yang dibutuhkan. dari 2 rasa honey banana dan chocolate soul, lebih suka chocolate soul.","tidak pernah suka sama minuman tipe ini, tapi emang butuh banget protein tambahan. kalau makan tuh mual capek. pas cari-cari, cukup murah sesuai dibutuhkan. 2 rasa honey banana chocolate soul, lebih suka chocolate soul.",40
1917113739108925690,"Minuman protein selain xpose, meskipun tawar tetep enak dan gak enek, klo di pakein gula kayak dawet jir😒 https://t.co/rFMxmI4u5H",Tue Apr 29 07:08:28 +0000 2025,,,314,0,0,0,id,minuman protein enek,2026-05-13T14:23:22.284126,twitter,"minuman protein selain xpose, meskipun tawar tetep enak dan tidak enek, klo di pakein gula kayak dawet jir","minuman protein selain xpose, meskipun tawar tetep enak tidak enek, klo pakein gula kayak dawet jir",18
1724271854121062677,@984_goldyck_237 Correct ! Kalo ngga dicoba tanpa campuran apapun dulu aja soalnya ada yg enek kalo baru pertama kali nyoba minuman protein,Tue Nov 14 03:43:40 +0000 2023,,,812,0,0,0,id,minuman protein enek,2026-05-13T14:23:22.284129,twitter,correct ! kalo tidak dicoba tanpa campuran apapun dulu aja soalnya ada yang mual kalo baru pertama kali nyoba minuman protein,correct ! kalo tidak dicoba tanpa campuran apapun dulu aja soalnya mual kalo baru pertama kali nyoba minuman protein,21
1602214447233531904,"@AyuArisandi @pulutmonggo @aan__ aku orang yang diet tr90. post program pun aku jadi punya kebiasaan  nggak makan gorengam, lebih seneng makan protein, dan ngak suka manis (minuman kek boba atau bahkan esteh pakek gula normal aja aku udah enek kemanisan)",Mon Dec 12 08:11:06 +0000 2022,,,307,0,0,1,id,minuman protein enek,2026-05-13T14:23:22.284133,twitter,"aku orang yang diet tr90. post program pun aku jadi punya kebiasaan tidak makan gorengam, lebih seneng makan protein, dan ngak suka manis minuman kek boba atau bahkan esteh pakek gula normal aja aku sudah mual kemanisan","orang diet tr90. post program pun jadi punya kebiasaan tidak makan gorengam, lebih seneng makan protein, ngak suka manis minuman kek boba atau bahkan esteh pakek gula normal aja mual kemanisan",37
1248573473456177155,"Minuman tinggi protein :
1. Pisang jgn terlalu mateng
2. Putih telur bebas berapa biji sekuatnya
3. Madu biar ada rasanya aja
4. Protein powder
Biar ga enek pakein kacang ijo.
Selamat muntah kawan 💩 https://t.co/cs3tZHYQE2",Fri Apr 10 11:28:08 +0000 2020,,,582,2,1,2,id,minuman protein enek,2026-05-13T14:23:22.284137,twitter,minuman tinggi protein 1. pisang jgn terlalu mateng 2. putih telur bebas berapa biji sekuatnya 3. madu biar ada rasanya aja 4. protein powder biar tidak mual pakein kacang ijo. selamat muntah kawan,minuman tinggi protein 1. pisang jgn terlalu mateng 2. putih telur bebas berapa biji sekuatnya 3. madu biar rasanya aja 4. protein powder biar tidak mual pakein kacang ijo. selamat muntah kawan,33
2043039876116095463,"cut gula juga (tp ga strict kyknya ya gtau lupa). soalnya asupan manisnya udah dari ubi dan protein whey+pisang frozen+susu ituuu diblender jd kayak milkshake enak bgttt. whey nya aku yg isolate &amp; vegan, susunya pake oat milk atau almond milk",Sat Apr 11 18:53:58 +0000 2026,,,198,0,0,1,id,whey protein ga enak,2026-05-13T14:24:48.100844,twitter,"cut gula juga tp tidak strict kyknya ya gtau lupa. soalnya asupan manisnya sudah dari ubi dan protein wheypisang frozensusu ituuu diblender jd kayak milkshake enak bgttt. whey nya aku yang isolate amp vegan, susunya pake oat milk atau almond milk","cut gula tp tidak strict kyknya ya gtau lupa. soalnya asupan manisnya ubi protein wheypisang frozensusu ituuu diblender jd kayak milkshake enak bgttt. whey nya isolate amp vegan, susunya pake oat milk atau almond milk",41
2041713131534385187,"Bentuknya jelek tapi rasanya enak. Ga bantet, fluffy, ga seret. Pake tepung gluten free dan tepung almond, susu kedelai, olive oil, whey protein powder rasa vanilla, telur, baking powder dll. https://t.co/cA6AA66x45",Wed Apr 08 03:01:58 +0000 2026,,,242,0,0,0,id,whey protein ga enak,2026-05-13T14:24:48.100906,twitter,"bentuknya jelek tapi rasanya enak. tidak bantet, fluffy, tidak seret. pake tepung gluten free dan tepung almond, susu kedelai, olive oil, whey protein powder rasa vanilla, telur, baking powder dll.","bentuknya jelek tapi rasanya enak. tidak bantet, fluffy, tidak seret. pake tepung gluten free tepung almond, susu kedelai, olive oil, whey protein powder rasa vanilla, telur, baking powder dll.",30
2039607203070681519,@coastalreverb betulll bbyy lebih pure protein nya but ga enak si jujurr rasanya kalo minum whey nya doang,Thu Apr 02 07:33:45 +0000 2026,,,10488,0,0,0,id,whey protein ga enak,2026-05-13T14:24:48.100915,twitter,betulll bbyy lebih pure protein nya but tidak enak si jujurr rasanya kalo minum whey nya doang,betulll bbyy lebih pure protein nya tidak enak si jujurr rasanya kalo minum whey nya doang,17
2038956625688719734,whey protein emang ga enak????? kayak ngededel gitu ditenggorokan,Tue Mar 31 12:28:36 +0000 2026,,,2373,1,0,0,id,whey protein ga enak,2026-05-13T14:24:48.100921,twitter,whey protein emang tidak enak????? kayak ngededel gitu ditenggorokan,whey protein emang tidak enak????? kayak ngededel gitu ditenggorokan,9
2038471175668666702,"Gym: celfit 550/ FTL 620 (lagi compare buat 3 bulan enakan mana)
Kadang CrossFit 100/ visit di bdg

Protein + meal: 3 jutaan (exclude weekend makan diluar)

Whey: ga pake

Creatine: ga pake

Vitamin: cuma minum kalo badan ga enak

Coffee: 300an, ngopi kalo kurang mood di gym",Mon Mar 30 04:19:35 +0000 2026,,,9983,28,2,5,id,whey protein ga enak,2026-05-13T14:24:48.100927,twitter,"gym celfit 550 ftl 620 lagi compare buat 3 bulan enakan mana kadang crossfit 100 visit di bdg protein meal 3 jutaan exclude weekend makan diluar whey tidak pake creatine tidak pake vitamin cuma minum kalo badan tidak enak coffee 300an, ngopi kalo kurang mood di gym","gym celfit 550 ftl 620 lagi compare buat 3 bulan enakan mana kadang crossfit 100 visit bdg protein meal 3 jutaan exclude weekend makan diluar whey tidak pake creatine tidak pake vitamin cuma minum kalo badan tidak enak coffee 300an, ngopi kalo kurang mood gym",47
2026990182285877423,"tadi saur chia pudding yogurt + pepes tahu + telur dadar bocah yg ga abis.. buka lsg minum psyllium husk + whey protein + whey hasil saring yogurt..

kenyang nya enak ternyata, ga kek blenek kepenuhan",Thu Feb 26 11:58:13 +0000 2026,,,469,0,0,1,id,whey protein ga enak,2026-05-13T14:24:48.100932,twitter,"tadi saur chia pudding yogurt pepes tahu telur dadar bocah yang tidak abis.. buka lsg minum psyllium husk whey protein whey hasil saring yogurt.. kenyang nya enak ternyata, tidak kek blenek kepenuhan","tadi saur chia pudding yogurt pepes tahu telur dadar bocah tidak abis.. buka lsg minum psyllium husk whey protein whey hasil saring yogurt.. kenyang nya enak ternyata, tidak kek blenek kepenuhan",32
2024523517744861372,"gimana sih caranya minum whey protein biar ga mual?? sumpah udh dikasih sugesti ""ini enak.. ini enak"" tapi tetep aja ngga mempan 😫

kaya badannya nolak sendiri, alhasil tiap abis minum itu pengen muntah terus😭",Thu Feb 19 16:36:35 +0000 2026,,,1051,0,0,2,id,whey protein ga enak,2026-05-13T14:24:48.100945,twitter,"gimana caranya minum whey protein biar tidak mual?? sumpah sudah dikasih sugesti ini enak.. ini enak tapi tetep aja tidak mempan kayak badannya nolak sendiri, alhasil tiap abis minum itu pengen muntah terus","gimana caranya minum whey protein biar tidak mual?? sumpah dikasih sugesti enak.. enak tapi tetep aja tidak mempan kayak badannya nolak sendiri, alhasil tiap abis minum pengen muntah terus",33
2021195299532972488,"Usaha buat menggendutkan badan biar ga di bodyshaming terus sama cowo inisial G itu 😤
I love my body, sejujurnya minum ini biar semangat ngegym juga sih. Coba ini dlu ga langsung yg bener2 whey protein 30%. Ini enak ga manis tp nyoklat. Dibikin santai minumnya ekwk https://t.co/OJpKQBZi4E",Tue Feb 10 12:11:26 +0000 2026,,,0,0,0,0,id,whey protein ga enak,2026-05-13T14:24:48.100950,twitter,"usaha buat menggendutkan badan biar tidak di bodyshaming terus sama cowo inisial tidak itu i love my body, sejujurnya minum ini biar semangat ngegym juga sih. coba ini dlu tidak langsung yang bener2 whey protein 30. ini enak tidak manis tapi nyoklat. dibikin santai minumnya ekwk","usaha buat menggendutkan badan biar tidak bodyshaming terus sama cowo inisial tidak love body, sejujurnya minum biar semangat ngegym sih. coba dlu tidak langsung bener2 whey protein 30. enak tidak manis tapi nyoklat. dibikin santai minumnya ekwk",46
2012704430475362540,"@slythheryn gainer itu biasanya enak kok, legit ky susu pd umumnya (ga kaya rasa muntahan ky whey protein), klo susu supplement biasanya aku pake merk puro or provus. Cm kalo cr yg lebih affordable ya rimba jg udah ok🤣🤣",Sun Jan 18 01:51:45 +0000 2026,,,2167,0,0,0,id,whey protein ga enak,2026-05-13T14:24:48.100955,twitter,"gainer itu biasanya enak kok, legit ky susu pd umumnya ga kayak rasa muntahan ky whey protein, klo susu supplement biasanya aku pake merk puro or provus. cm kalo cr yang lebih affordable ya rimba juga sudah ok","gainer biasanya enak kok, legit ky susu pd umumnya ga kayak rasa muntahan ky whey protein, klo susu supplement biasanya pake merk puro provus. cm kalo cr lebih affordable ya rimba ok",38
1990442826854015128,"hari ini baru nyobain jus whey protein + creatine + pisang, dan trnyata? lebih enak dan ga eneg. karena dia jadinya well blended gt kali ya jadi ga menggumpal dan ga 🤢",Mon Nov 17 15:32:05 +0000 2025,,,52,0,0,1,id,whey protein ga enak,2026-05-13T14:24:48.100960,twitter,"hari ini baru nyobain jus whey protein creatine pisang, dan trnyata? lebih enak dan tidak eneg. karena dia jadinya well blended gt kali ya jadi tidak menggumpal dan tidak","hari baru nyobain jus whey protein creatine pisang, trnyata? lebih enak tidak eneg. karena jadinya well blended gt kali ya jadi tidak menggumpal tidak",29
1972829996634034409,"Gw pikir soy protein yg murah2 itu emang ga enak, tapi setidaknya bisa gw habisin 1 porsi dengan stevia 3 tetes; Ga enak tapi HEMAT kalo dibanding whey protein enak yang harganya bisa 200rb+",Tue Sep 30 01:04:59 +0000 2025,,,6950,4,0,1,id,whey protein ga enak,2026-05-13T14:24:48.100970,twitter,"gw pikir soy protein yang murah2 itu emang tidak enak, tapi setidaknya bisa gw habisin 1 porsi dengan stevia 3 tetes tidak enak tapi hemat kalo dibanding whey protein enak yang harganya bisa 200rb","gw pikir soy protein murah2 emang tidak enak, tapi setidaknya bisa gw habisin 1 porsi stevia 3 tetes tidak enak tapi hemat kalo dibanding whey protein enak harganya bisa 200rb",34
1964916401757622367,@Dewriel Sini co Whey dri bawah Indo aja ad variant vegan dan kyknya jg ad yg free lactose klo ga slh plus ad protein water yg jauh lbh enak tanpa rasa susu 😁😆,Mon Sep 08 04:59:11 +0000 2025,,,472,1,0,1,id,whey protein ga enak,2026-05-13T14:24:48.100975,twitter,sini co whey dri bawah indo aja ad variant vegan dan kyknya juga ad yang free lactose klo tidak slh plus ad protein water yang jauh lbh enak tanpa rasa susu,sini co whey dri bawah indo aja ad variant vegan kyknya ad free lactose klo tidak slh plus ad protein water jauh lbh enak tanpa rasa susu,31
1953301271860883746,"ga expect whey protein strawberry smoothie bakal se ENAK ini, kyk… lezat👌🏻",Thu Aug 07 03:44:48 +0000 2025,,,11822,25,0,5,en,whey protein ga enak,2026-05-13T14:24:48.100980,twitter,"tidak expect whey protein strawberry smoothie bakal se enak ini, kyk lezat","tidak expect whey protein strawberry smoothie bakal se enak ini, kyk lezat",12
1949782615877460121,"tiap hari makan dada ayam rebus + whey protein, sekalinya makan seblak + pop ice ENAK BGT ANJIR (tp ga sehat)",Mon Jul 28 10:42:55 +0000 2025,,,110,0,0,1,id,whey protein ga enak,2026-05-13T14:24:48.100984,twitter,"tiap hari makan dada ayam rebus whey protein, sekalinya makan seblak pop ice enak banget anjir tp tidak sehat","tiap hari makan dada ayam rebus whey protein, sekalinya makan seblak pop ice enak banget anjir tp tidak sehat",19
1949383888696234341,"WHEY PROTEIN

Muscle First Pro Isolate Box ✨️

Bakal beralih ke muscle first sihh.. emang lebih mahal, tapi enak, ga rasa sintetis, dan komposisinya lebih oke, protein 27g, kalori 140. Banyak hadiahnya juga hehe

https://t.co/fkDIKhXlsj

#wheyprotein #gym #Shopee #racunshopee https://t.co/HwVf5WsHEJ",Sun Jul 27 08:18:31 +0000 2025,,,187,1,0,0,id,whey protein ga enak,2026-05-13T14:24:48.100992,twitter,"whey protein muscle first pro isolate box bakal beralih ke muscle first sihh.. emang lebih mahal, tapi enak, tidak rasa sintetis, dan komposisinya lebih oke, protein 27g, kalori 140. banyak hadiahnya juga wheyprotein gym shopee racunshopee","whey protein muscle first pro isolate box bakal beralih muscle first sihh.. emang lebih mahal, tapi enak, tidak rasa sintetis, komposisinya lebih oke, protein 27g, kalori 140. banyak hadiahnya wheyprotein gym shopee racunshopee",36
1935021736568963165,"Bisa ga yah ga usah minum whey or makan dada ayam buat menuhin protein? 😭
Daging mahal tinggi kolesterol
Putih telor enek 🤢
Ikan enak tapi agak mahal dibandingin sama dada ayam

Probably this is the reason I cannot be a bodybuilder..",Tue Jun 17 17:08:27 +0000 2025,,,62,0,0,0,id,whey protein ga enak,2026-05-13T14:24:48.100997,twitter,bisa tidak yah tidak usah minum whey or makan dada ayam buat menuhin protein? daging mahal tinggi kolesterol putih telor mual ikan enak tapi agak mahal dibandingin sama dada ayam probably this is the reason i cannot be a bodybuilder..,bisa tidak yah tidak usah minum whey makan dada ayam buat menuhin protein? daging mahal tinggi kolesterol putih telor mual ikan enak tapi agak mahal dibandingin sama dada ayam probably reason cannot bodybuilder..,40
1932675023229366452,@nadiraspace Belum coba yg pea protein takut ga enak. Dulu pernah minum susu kedelai ga suka soalnya. Enak ga ya whey yg pea?,Wed Jun 11 05:43:27 +0000 2025,,,4275,0,0,1,id,whey protein ga enak,2026-05-13T14:24:48.101004,twitter,belum coba yang pea protein takut tidak enak. dulu pernah minum susu kedelai tidak suka soalnya. enak tidak ya whey yang pea?,belum coba pea protein takut tidak enak. dulu pernah minum susu kedelai tidak suka soalnya. enak tidak ya whey pea?,22
1932375213465022884,tolong kasig ak rekomendasi whey protein yang rasa coklatnya enak… punya rimba ga enak pls rasa coklatnya…,Tue Jun 10 09:52:07 +0000 2025,,,83,1,0,1,id,whey protein ga enak,2026-05-13T14:24:48.101010,twitter,tolong kasig ak rekomendasi whey protein yang rasa coklatnya enak punya rimba tidak enak pls rasa coklatnya,tolong kasig ak rekomendasi whey protein rasa coklatnya enak punya rimba tidak enak pls rasa coklatnya,17
1926005801497342343,@tanyakanrl MINUM SUSU PROTEIN!! ASLII AKU MINUM SUSU PROTEIN YG ADA WHEY KEDELAINYA ITU (IH LUPAA) JD MAKAN MULUU DAN ENAK LAGI RASANYA BUAT AKU YG GA SUKA SUSU SAPI BUBUK👍👍,Fri May 23 20:02:21 +0000 2025,,,605,2,0,0,id,whey protein ga enak,2026-05-13T14:24:48.101016,twitter,minum susu protein!! aslii aku minum susu protein yang ada whey kedelainya itu ih lupaa jd makan muluu dan enak lagi rasanya buat aku yang tidak suka susu sapi bubuk,minum susu protein!! aslii minum susu protein whey kedelainya ih lupaa jd makan muluu enak lagi rasanya buat tidak suka susu sapi bubuk,30
1913176398954680469,"lupa soya milk-nya ini ada whey protein-nya. jadi tidak sesuai ekspektasi kalau dijadiin matcha latte. pakai oatmilk, oke. tapi paling enak pakai susu sapi sih. sayangnya aku lagi ga bisa minum susu sapi ;""3",Fri Apr 18 10:22:53 +0000 2025,,,24,0,0,0,id,whey protein ga enak,2026-05-13T14:24:50.971971,twitter,"lupa soya milk-nya ini ada whey protein-nya. jadi tidak sesuai ekspektasi kalau dijadiin matcha latte. pakai oatmilk, oke. tapi paling enak pakai susu sapi sih. sayangnya aku lagi tidak bisa minum susu sapi 3","lupa soya milk-nya whey protein-nya. jadi tidak sesuai ekspektasi kalau dijadiin matcha latte. pakai oatmilk, oke. tapi paling enak pakai susu sapi sih. sayangnya lagi tidak bisa minum susu sapi 3",34
1912057314200396098,@toystoryaja Aku pernah coba evowhey... Rasa nya enak .. ga lebay.. harga juga terjangkau... Akan tetapi aku pribadi lebih sarankan pakai protein dari realfood aja.. Whey hanya tambahan pabila protein harian tidak terpenuhi,Tue Apr 15 08:16:02 +0000 2025,,,99,1,0,1,id,whey protein ga enak,2026-05-13T14:24:50.971993,twitter,aku pernah coba evowhey... rasa nya enak .. tidak lebay.. harga juga terjangkau... akan tetapi aku pribadi lebih sarankan pakai protein dari realfood aja.. whey hanya tambahan pabila protein harian tidak terpenuhi,pernah coba evowhey... rasa nya enak .. tidak lebay.. harga terjangkau... tetapi pribadi lebih sarankan pakai protein realfood aja.. whey hanya tambahan pabila protein harian tidak terpenuhi,32
1906511610191192481,"kopi + whey protein (pengganti susu)
mama yg ga suka manis, blg ini enak sekalii!!
krn aku blg dari protein shake 🥰😇👍🏻
MAMA APPROVED👍🏻 https://t.co/72xth9oz7C",Mon Mar 31 00:59:23 +0000 2025,,,691,3,0,1,id,whey protein ga enak,2026-05-13T14:24:50.971999,twitter,"kopi whey protein pengganti susu mama yang tidak suka manis, blg ini enak sekalii!! karena aku blg dari protein shake mama approved","kopi whey protein pengganti susu mama tidak suka manis, blg enak sekalii!! karena blg protein shake mama approved",22
1886346143149494518,"Malem tinggal buat wakame soup plus telur 2 per orang. Minum whey juga bisr protein nya makin banyak 💯

Sebenernya enak pake kimchi buatan chef @kimddaeri tapi ga jadi jadi aku po hiksss",Mon Feb 03 09:29:01 +0000 2025,,,9804,0,0,1,id,whey protein ga enak,2026-05-13T14:24:50.972004,twitter,malem tinggal buat wakame soup plus telur 2 per orang. minum whey juga bisr protein nya makin banyak sebenernya enak pake kimchi buatan chef tapi tidak jadi jadi aku po hiksss,malem tinggal buat wakame soup plus telur 2 per orang. minum whey bisr protein nya makin banyak sebenernya enak pake kimchi buatan chef tapi tidak jadi jadi po hiksss,31
1884496009566511134,"Aku bikin matcha latte, kuaduk-aduk sampe smooth and very demure kaya buatan ibuk @safierawlndr enak banget jadinya🍵🌸

Karena semalem ga abis, besok paginya aku campur… whey protein

Gagah nan gemulai",Wed Jan 29 06:57:15 +0000 2025,,,9034,1,0,0,id,whey protein ga enak,2026-05-13T14:24:50.972008,twitter,"aku bikin matcha latte, kuaduk-aduk sampe smooth and very demure kayak buatan ibuk enak banget jadinya karena semalem tidak abis, besok paginya aku campur whey protein gagah nan gemulai","bikin matcha latte, kuaduk-aduk sampe smooth and demure kayak buatan ibuk enak banget jadinya karena semalem tidak abis, besok paginya campur whey protein gagah nan gemulai",29
1875031853985595698,"Mau maintain body goal? BISAA! Karena ada kandungan multigrain, oat, whey protein, dan cacao extract, jadi ga cuma enak tapi juga bantu tambah massa otot💪 

COBAIN DEH👀 https://t.co/BJKdZ6tniP",Fri Jan 03 04:10:05 +0000 2025,,,3252,0,0,0,id,whey protein ga enak,2026-05-13T14:24:50.972013,twitter,"mau maintain body goal? bisaa! karena ada kandungan multigrain, oat, whey protein, dan cacao extract, jadi tidak cuma enak tapi juga bantu tambah massa otot cobain","mau maintain body goal? bisaa! karena kandungan multigrain, oat, whey protein, cacao extract, jadi tidak cuma enak tapi bantu tambah massa otot cobain",26
1856861308261732418,"JURrrrrrrr kombinasi yang super duper mega enak, whey protein tapi rasanya kayak Earl Grey Milk Tea nya Tuku which lebih sehat dan ga pake gula samsek😋😋😋😋 https://t.co/InuPo2XGa0",Thu Nov 14 00:46:49 +0000 2024,,,2179,17,0,4,id,whey protein ga enak,2026-05-13T14:24:50.972018,twitter,"jurrrrrrrr kombinasi yang super duper mega enak, whey protein tapi rasanya kayak earl grey milk tea nya tuku which lebih sehat dan tidak pake gula samsek","jurrrrrrrr kombinasi super duper mega enak, whey protein tapi rasanya kayak earl grey milk tea nya tuku which lebih sehat tidak pake gula samsek",26
1851222860016337235,"Jer, sbnernya whey enak ga enak sih minumny, kdang eneg tea ntah knp😩 klo ga minum asupan protein kureng",Tue Oct 29 11:21:38 +0000 2024,,,12,0,0,0,id,whey protein ga enak,2026-05-13T14:24:50.972022,twitter,"jer, sbnernya whey enak tidak enak minumny, kdang mual tea ntah knp klo tidak minum asupan protein kureng","jer, sbnernya whey enak tidak enak minumny, kdang mual tea ntah knp klo tidak minum asupan protein kureng",18
1847277474071380018,"sumpah whey protein rasa coklat ga enak bgt, nyesel gue siallll",Fri Oct 18 14:04:05 +0000 2024,,,119,0,0,0,id,whey protein ga enak,2026-05-13T14:24:50.972026,twitter,"sumpah whey protein rasa coklat tidak enak bgt, nyesel gue siallll","sumpah whey protein rasa coklat tidak enak bgt, nyesel gue siallll",11
1844688985773502574,"Dengan Whey Protein Muscle First kamu ga bakalan ngerasa lemes saat latihan 
Karena tingginya protein didalamnya dan rasanya yang enak 
Bikin latihanmu makin semangat 💪 
Kunjungi websitenya 
https://t.co/fvoh2tb8ZD
#musclefirst #wheyprotein",Fri Oct 11 10:38:21 +0000 2024,,,0,0,0,1,id,whey protein ga enak,2026-05-13T14:24:50.972030,twitter,dengan whey protein muscle first kamu tidak bakalan ngerasa lemes saat latihan karena tingginya protein didalamnya dan rasanya yang enak bikin latihanmu makin semangat kunjungi websitenya musclefirst wheyprotein,whey protein muscle first tidak bakalan ngerasa lemes saat latihan karena tingginya protein didalamnya rasanya enak bikin latihanmu makin semangat kunjungi websitenya musclefirst wheyprotein,28
1844621773071057019,"@diethingy Kalo lagi rajin aku gini nder, kalo lagi males makan aku usahain minimal 1x berat badan. Kalo ga dapet jg yauda gapapa besok coba lagi😁

Pagi 2telor
Cafe latte
Siang ayam +tempe +protein lain yg enak di warung tsb
Sore whey
Malem 2ikan +tempe

Semangat kitaaa💪🏻💪🏻",Fri Oct 11 06:11:16 +0000 2024,,,561,3,0,0,id,whey protein ga enak,2026-05-13T14:24:50.972035,twitter,"kalo lagi rajin aku gini nder, kalo lagi males makan aku usahain minimal 1x berat badan. kalo tidak dapet juga yauda gapapa besok coba lagi pagi 2telor cafe latte siang ayam tempe protein lain yang enak di warung tsb sore whey malem 2ikan tempe semangat kitaaa","kalo lagi rajin gini nder, kalo lagi males makan usahain minimal 1x berat badan. kalo tidak dapet yauda gapapa besok coba lagi pagi 2telor cafe latte siang ayam tempe protein lain enak warung tsb sore whey malem 2ikan tempe semangat kitaaa",46
1839352417793749262,"whey protein rimbalife enek krn kekentelan sm kemanisan sedangkan muscle first ga enak krn hambar dan terlalu encer, serba salah😭",Thu Sep 26 17:12:44 +0000 2024,,,252,0,0,1,id,whey protein ga enak,2026-05-13T14:24:50.972039,twitter,"whey protein rimbalife mual karena kekentelan sama kemanisan sedangkan muscle first tidak enak karena hambar dan terlalu encer, serba salah","whey protein rimbalife mual karena kekentelan sama kemanisan sedangkan muscle first tidak enak karena hambar terlalu encer, serba salah",20
1833735708563197979,@tabul_ian @RacunBelanja energen enak ga si sebagai penambah rasa whey protein yg plain? ak minun yg plain kurang msuk,Wed Sep 11 05:13:56 +0000 2024,,,3410,0,0,1,id,whey protein ga enak,2026-05-13T14:24:50.972043,twitter,energen enak tidak si sebagai penambah rasa whey protein yang plain? ak minun yang plain kurang msuk,energen enak tidak si sebagai penambah rasa whey protein plain? ak minun plain kurang msuk,17
1830602860356313367,gue kira whey protein rasanya bakal ga enak. ternyata enak deng https://t.co/A4sxZwKLbL,Mon Sep 02 13:45:07 +0000 2024,,,983,0,0,0,id,whey protein ga enak,2026-05-13T14:24:50.972047,twitter,gue kira whey protein rasanya bakal tidak enak. ternyata enak deng,gue kira whey protein rasanya bakal tidak enak. ternyata enak deng,11
1818080654430757356,"Whey protein ternyata ga enak, malah pengen berak abis minum begituan",Tue Jul 30 00:26:20 +0000 2024,,,34,0,0,2,id,whey protein ga enak,2026-05-13T14:24:50.972051,twitter,"whey protein ternyata tidak enak, malah pengen berak abis minum begituan","whey protein ternyata tidak enak, malah pengen berak abis minum begituan",11
1809475039101882817,"Gaes kalian ada rekomendasi whey protein yang enak ga ,?",Sat Jul 06 06:30:42 +0000 2024,,,19058,8,0,0,id,whey protein ga enak,2026-05-13T14:24:50.972055,twitter,"gaes kalian ada rekomendasi whey protein yang enak tidak ,?","gaes kalian rekomendasi whey protein enak tidak ,?",10
1806892729785557257,Whey protein yg enak tp ga mahal2 bgt apa ya,Sat Jun 29 03:29:31 +0000 2024,,,5085,0,0,0,id,whey protein ga enak,2026-05-13T14:24:50.972059,twitter,whey protein yang enak tapi tidak mahal2 banget apa ya,whey protein enak tapi tidak mahal2 banget apa ya,10
1803739935515496611,"beda ya olahraga dengan kemauan sendiri dan yang agak kek dipaksa, bawaannya capek sebelum mulai
sementara badan masih begini begini aja
kek belum ada perkembangan otot yang signifikan
atau udah saatnya gua konsumsi whey protein?
tapi ga de, makan dada ayam masih enak kok",Thu Jun 20 10:41:27 +0000 2024,,,110,0,0,0,id,whey protein ga enak,2026-05-13T14:24:50.972063,twitter,"beda ya olahraga dengan kemauan sendiri dan yang agak kek dipaksa, bawaannya capek sebelum mulai sementara badan masih begini begini aja kek belum ada perkembangan otot yang signifikan atau sudah saatnya gua konsumsi whey protein? tapi tidak de, makan dada ayam masih enak kok","beda ya olahraga kemauan sendiri agak kek dipaksa, bawaannya capek sebelum mulai sementara badan masih begini begini aja kek belum perkembangan otot signifikan atau saatnya gua konsumsi whey protein? tapi tidak de, makan dada ayam masih enak kok",44
1800057086228996556,"@chocobbokari Bzirrr mending minum whey protein aja dah, enak, ga aneh aneh.. bisa menuhin protein harian 😔 https://t.co/lu6UVonFth",Mon Jun 10 06:47:07 +0000 2024,,,1566,0,0,1,id,whey protein ga enak,2026-05-13T14:24:50.972067,twitter,"bzirrr mending minum whey protein aja dah, enak, tidak aneh aneh.. bisa menuhin protein harian","bzirrr mending minum whey protein aja dah, enak, tidak aneh aneh.. bisa menuhin protein harian",15
1796124678018232826,@mokondedo Yokan aku berpikir diluar nalar disik🤣🤣🤣 campur whey protein ga enak ta?,Thu May 30 10:21:08 +0000 2024,,,2647,0,0,1,id,whey protein ga enak,2026-05-13T14:24:50.972071,twitter,yokan aku berpikir diluar nalar disik campur whey protein tidak enak ta?,yokan berpikir diluar nalar disik campur whey protein tidak enak ta?,12
1776914045037326566,"Udah beralih dari fithub ke gym yg lebih enak di Bali:
🔥 alat lengkap dan dimaintenance dg baik
🔥 kelas bervariasi tiap hari, bahkan ada RPM
🔥 AC dingin, playlist enak, banyak sinar matahari masuk ke gym
🔥 ga banyak yg bikin konten, emang fokus mau body building di sini
🔥 https://t.co/xtVG6UNhTy",Sun Apr 07 10:04:56 +0000 2024,,,68129,20,4,5,id,whey protein ga enak,2026-05-13T14:24:54.368446,twitter,"sudah beralih dari fithub ke gym yang lebih enak di bali alat lengkap dan dimaintenance dengan baik kelas bervariasi tiap hari, bahkan ada rpm ac dingin, playlist enak, banyak sinar matahari masuk ke gym tidak banyak yang bikin konten, emang fokus mau body building di sini","beralih fithub gym lebih enak bali alat lengkap dimaintenance baik kelas bervariasi tiap hari, bahkan rpm ac dingin, playlist enak, banyak sinar matahari masuk gym tidak banyak bikin konten, emang fokus mau body building sini",46
1772871181885948248,"#3 Bosen whey skrng nyoba soy proteinnya natlab, Rp. 100k dapat 500 gram

&gt; protein per servingnya 20 gram 
&gt; rasanya enak lebih gampang kutelen
&gt; sama juga aku ga ngerasa massa ototku nambah
&gt; di titik ini aku udah bosen minum suplemen, dan akhirnya aku menemukan HIKMAH! https://t.co/VMkESiikh0",Wed Mar 27 06:20:02 +0000 2024,,,28,1,0,1,id,whey protein ga enak,2026-05-13T14:24:54.368469,twitter,"3 bosen whey skrng nyoba soy proteinnya natlab, rp. 100k dapat 500 gram gt protein per servingnya 20 gram gt rasanya enak lebih gampang kutelen gt sama juga aku tidak ngerasa massa ototku nambah gt di titik ini aku sudah bosen minum suplemen, dan akhirnya aku menemukan hikmah!","3 bosen whey skrng nyoba soy proteinnya natlab, rp. 100k dapat 500 gram gt protein per servingnya 20 gram gt rasanya enak lebih gampang kutelen gt sama tidak ngerasa massa ototku nambah gt titik bosen minum suplemen, akhirnya menemukan hikmah!",48
1767864588346007957,"diet! whey protein tu rasanya gimana dah, pengen beli tapi takut ga enak",Wed Mar 13 10:45:37 +0000 2024,,,276769,13,0,12,id,whey protein ga enak,2026-05-13T14:24:54.368475,twitter,"diet! whey protein tu rasanya gimana dah, pengen beli tapi takut tidak enak","diet! whey protein tu rasanya gimana dah, pengen beli tapi takut tidak enak",13
1752320397650071582,Nyobain whey protein brand lain eh malah rasanya ga enak. Manaaa sekilo ajgg 🥲.,Tue Jan 30 13:18:33 +0000 2024,,,175,0,0,0,id,whey protein ga enak,2026-05-13T14:24:54.368480,twitter,nyobain whey protein brand lain eh malah rasanya tidak enak. manaaa sekilo ajgg .,nyobain whey protein brand lain eh malah rasanya tidak enak. manaaa sekilo ajgg .,14
1748742378364760169,"hari ini dibawain oleh2 dessert semua enak bgt aargh, boleh ga sih request bikinnya pake whey protein 😭. Seharian makan manis2 guilty bgt sumpah",Sat Jan 20 16:20:47 +0000 2024,,,89,0,0,0,id,whey protein ga enak,2026-05-13T14:24:54.368483,twitter,"hari ini dibawain oleh2 dessert semua enak banget aargh, boleh tidak request bikinnya pake whey protein . seharian makan manis2 guilty banget sumpah","hari dibawain oleh2 dessert semua enak banget aargh, boleh tidak request bikinnya pake whey protein . seharian makan manis2 guilty banget sumpah",23
1745738458939957454,"@Adhit_Android Creatine bisa diminum kapan aja.

Whey juga sebenernya bisa kapan aja karena tujuannya kan buat memenuhi protein harian.

Yang bilang ""1 jam abis olahraga harus minum whey karena itu anabolic window buat perkembangan otot, kalo gak otot ga tumbuh"" sebenernya ya gak sekaku itu.",Fri Jan 12 09:24:17 +0000 2024,,,33748,27,3,2,id,whey protein ga enak,2026-05-13T14:24:54.368487,twitter,"creatine bisa diminum kapan aja. whey juga sebenernya bisa kapan aja karena tujuannya kan buat memenuhi protein harian. yang bilang 1 jam abis olahraga harus minum whey karena itu anabolic window buat perkembangan otot, kalo tidak otot tidak tumbuh sebenernya ya tidak sekaku itu.","creatine bisa diminum kapan aja. whey sebenernya bisa kapan aja karena tujuannya kan buat memenuhi protein harian. bilang 1 jam abis olahraga harus minum whey karena anabolic window buat perkembangan otot, kalo tidak otot tidak tumbuh sebenernya ya tidak sekaku itu.",44
1741835887162626132,ok but real talk bikin badan kaya gini tuh susah banget. mgkn udh banyak yg tau tp i just wanna point it out. gedein badan esp when ur body comp alr consists of lots of muscles susah bgt krn harus makan super banyak (cus ur bmr is alr high bc muscles r metabolically active) and https://t.co/sk2rzOcsSm,Mon Jan 01 14:56:51 +0000 2024,,,5568,2707,405,12,id,whey protein ga enak,2026-05-13T14:24:54.368492,twitter,ok but real talk bikin badan kayak gini tuh susah banget. mgkn sudah banyak yang tau tapi i just wanna point it out. gedein badan esp when ur body comp alr consists of lots of muscles susah banget karena harus makan super banyak cus ur bmr is alr high bc muscles r metabolically active and,ok real talk bikin badan kayak gini tuh susah banget. mgkn banyak tau tapi wanna point out. gedein badan esp when ur body comp alr consists lots muscles susah banget karena harus makan super banyak cus ur bmr alr high bc muscles r metabolically active and,55
1715955038621925426,Whey protein rasanya ga enak,Sun Oct 22 04:55:36 +0000 2023,,,359,0,0,0,id,whey protein ga enak,2026-05-13T14:24:54.368496,twitter,whey protein rasanya tidak enak,whey protein rasanya tidak enak,5
1714320202710827152,"plisssss kenapa gada orang yang ngasih tau kalo susu whey protein se ga enak ituuuu 🤢🤢🤢
mual bgttt minumnya, atau gue salah takaran yah? tapi udah ikutin yg dikemasan kok, mana harganya lumayan 😭",Tue Oct 17 16:39:21 +0000 2023,,,6,0,0,0,id,whey protein ga enak,2026-05-13T14:24:54.368499,twitter,"plisssss kenapa gada orang yang ngasih tau kalo susu whey protein se tidak enak ituuuu mual bgttt minumnya, atau gue salah takaran yah? tapi sudah ikutin yang dikemasan kok, mana harganya lumayan","plisssss kenapa gada orang ngasih tau kalo susu whey protein se tidak enak ituuuu mual bgttt minumnya, atau gue salah takaran yah? tapi ikutin dikemasan kok, mana harganya lumayan",32
1703750295740907938,whey protein yg enak dan ga mahal2 amat ada ga si gaes?,Mon Sep 18 12:38:19 +0000 2023,,,738,1,0,2,id,whey protein ga enak,2026-05-13T14:24:54.368503,twitter,whey protein yang enak dan tidak mahal2 amat ada tidak si gaes?,whey protein enak tidak mahal2 amat tidak si gaes?,12
1701472766082617833,@diethingy Shine whey protein rasa coklat nya enak bgt ga hambar,Tue Sep 12 05:48:13 +0000 2023,,,431,0,0,0,en,whey protein ga enak,2026-05-13T14:24:54.368507,twitter,shine whey protein rasa coklat nya enak banget tidak hambar,shine whey protein rasa coklat nya enak banget tidak hambar,10
1686024314485698561,"@falla_adinda Yg paling enak dalam sepanjang whey protein yg pernah kucoba itu syntha 6, ga kerasa kalo lg minum whey, ky minum eskrim cair",Mon Jul 31 14:41:36 +0000 2023,,,269,0,0,0,id,whey protein ga enak,2026-05-13T14:24:54.368511,twitter,"yang paling enak dalam sepanjang whey protein yang pernah kucoba itu syntha 6, tidak kerasa kalo lagi minum whey, ky minum eskrim cair","paling enak sepanjang whey protein pernah kucoba syntha 6, tidak kerasa kalo lagi minum whey, ky minum eskrim cair",23
1668817631359676416,"15. Gua minum pre-workout shake jg dicampur susu oat krn whey protein itu kan berat ya. Klo pake aer biasa ga enak, klo pake susu sapi lebih gumoh lg. Penambahan soy/oat milk jg bisa jd asupan extra micronutrients kyk kalsium, vitamin, etc.",Wed Jun 14 03:08:23 +0000 2023,,,5044,5,0,1,id,whey protein ga enak,2026-05-13T14:24:54.368515,twitter,"15. gua minum pre-workout shake juga dicampur susu oat karena whey protein itu kan berat ya. klo pake aer biasa tidak enak, klo pake susu sapi lebih gumoh lg. penambahan soyoat milk juga bisa jd asupan extra micronutrients kayak kalsium, vitamin, etc.","15. gua minum pre-workout shake dicampur susu oat karena whey protein kan berat ya. klo pake aer biasa tidak enak, klo pake susu sapi lebih gumoh lg. penambahan soyoat milk bisa jd asupan extra micronutrients kayak kalsium, vitamin, etc.",42
1665900331904163846,"@danapramudya Yes, point nya ""yang membutuhkan protein tambahan""

Kebutuhan protein harian masih bisa didapat dari makanan sehari-hari kok
Lagian susu whey rasa nya ga enak 🤣",Tue Jun 06 01:56:04 +0000 2023,,,333,0,0,0,id,whey protein ga enak,2026-05-13T14:24:54.368519,twitter,"yes, point nya yang membutuhkan protein tambahan kebutuhan protein harian masih bisa didapat dari makanan sehari-hari kok lagian susu whey rasa nya tidak enak","yes, point nya membutuhkan protein tambahan kebutuhan protein harian masih bisa didapat makanan sehari-hari kok lagian susu whey rasa nya tidak enak",24
1662794300512681984,"Pancake whey protein ❌ 
Blas ga enak 😭😭😭",Sun May 28 12:13:49 +0000 2023,,,549,0,0,0,en,whey protein ga enak,2026-05-13T14:24:54.368522,twitter,pancake whey protein blas tidak enak,pancake whey protein blas tidak enak,6
1639260712018272257,"Pro whey emang cocoknya untuk maintenance, ga setahan pro casein untuk puasa 7/10.
Whey impor murah (Blade) cukup mengenyangkan untuk puasa 8/10 karena teksturnya padat dan kandungan campuran dari beberapa protein (konsentrat, soy, dan rice protein), untuk rasa cukup enak jg https://t.co/5TZuQSoAEJ",Fri Mar 24 13:39:44 +0000 2023,,,296,0,0,2,id,whey protein ga enak,2026-05-13T14:24:54.368526,twitter,"pro whey emang cocoknya untuk maintenance, tidak setahan pro casein untuk puasa 710. whey impor murah blade cukup mengenyangkan untuk puasa 810 karena teksturnya padat dan kandungan campuran dari beberapa protein konsentrat, soy, dan rice protein, untuk rasa cukup enak juga","pro whey emang cocoknya maintenance, tidak setahan pro casein puasa 710. whey impor murah blade cukup mengenyangkan puasa 810 karena teksturnya padat kandungan campuran beberapa protein konsentrat, soy, rice protein, rasa cukup enak",41
1638678196731396096,@FOOD_FESS overnightoat! aku campur susu skim milk + susu ashitaki atau ga whey protein + selai kacang + chia seed toppingnya pake buah + madu + yogurt enak bgt ya ampun duh jd ngiler,Wed Mar 22 23:05:01 +0000 2023,,,123,0,0,0,id,whey protein ga enak,2026-05-13T14:24:54.368530,twitter,overnightoat! aku campur susu skim milk susu ashitaki atau tidak whey protein selai kacang chia seed toppingnya pake buah madu yogurt enak banget ya ampun duh jd ngiler,overnightoat! campur susu skim milk susu ashitaki atau tidak whey protein selai kacang chia seed toppingnya pake buah madu yogurt enak banget ya ampun duh jd ngiler,28
1623665954227097603,"@diethingy Budget berapa? 
Mau nyari yang gainer, isolate atau concentrate nder?

Kalau budget cuma 100k ga usah beli whey, soy protein aja.

Kalau mau yang isolate beli soy protein isolate merk NATLAB karena lokal (dari bali klo ga salah)

Murah, dapat 1/2 kg, rasa vanillanya enak.",Thu Feb 09 12:51:44 +0000 2023,,,28,28,2,5,id,whey protein ga enak,2026-05-13T14:24:54.368534,twitter,"budget berapa? mau nyari yang gainer, isolate atau concentrate nder? kalau budget cuma 100k tidak usah beli whey, soy protein aja. kalau mau yang isolate beli soy protein isolate merk natlab karena lokal dari bali klo tidak salah murah, dapat 12 kg, rasa vanillanya enak.","budget berapa? mau nyari gainer, isolate atau concentrate nder? kalau budget cuma 100k tidak usah beli whey, soy protein aja. kalau mau isolate beli soy protein isolate merk natlab karena lokal bali klo tidak salah murah, dapat 12 kg, rasa vanillanya enak.",45
1622898912540631042,"@diethingy whey protein  + susu full/low cream + pisang
diblender enak banget itu..

itu cr mnum whey bertahun"" dan ga eneq...klo mau tambahin susu atau ga bebas.",Tue Feb 07 10:03:47 +0000 2023,,,134,1,0,0,id,whey protein ga enak,2026-05-13T14:24:54.368538,twitter,whey protein susu fulllow cream pisang diblender enak banget itu.. itu cr mnum whey bertahun dan tidak eneq...klo mau tambahin susu atau tidak bebas.,whey protein susu fulllow cream pisang diblender enak banget itu.. cr mnum whey bertahun tidak eneq...klo mau tambahin susu atau tidak bebas.,24
1615895061899923456,"INI PENTING DI HIGHLIGHT krna jujur aja cari motivasi itu susah buangat, apalagi dgn keadaan p word gini untuk beli protein whey, baju olah raga dll...suaah buangat 😭😭😭 plis tmn2 ga ada yang enak semua, mmg bener motivation itu no. 1 tp susah dijalaninnya",Thu Jan 19 02:12:59 +0000 2023,,,217,1,0,1,id,whey protein ga enak,2026-05-13T14:24:54.368541,twitter,"ini penting di highlight karena jujur aja cari motivasi itu susah buangat, apalagi dengan keadaan p word gini untuk beli protein whey, baju olah raga dll...suaah buangat plis tmn2 tidak ada yang enak semua, mmg bener motivation itu no. 1 tapi susah dijalaninnya","penting highlight karena jujur aja cari motivasi susah buangat, apalagi keadaan p word gini beli protein whey, baju olah raga dll...suaah buangat plis tmn2 tidak enak semua, mmg bener motivation no. 1 tapi susah dijalaninnya",43
1586814405131440129,diet! rekomendasi whey protein yang ga bikin jerawatan dan rasanya enak dong guys. Thanks,Sun Oct 30 20:16:50 +0000 2022,,,276769,28,1,9,id,whey protein ga enak,2026-05-13T14:24:58.205077,twitter,diet! rekomendasi whey protein yang tidak bikin jerawatan dan rasanya enak guys. thanks,diet! rekomendasi whey protein tidak bikin jerawatan rasanya enak guys. thanks,13
1585273807702413312,"2. Whey protein rimba life yang chocolate. Rasa cokelatnya enak dan ga bikin eneg, serius. Tapi inget pilih yang Whey ya atau bisa bel disini

https://t.co/jTyj3DMPQM",Wed Oct 26 14:15:03 +0000 2022,,,9,0,0,1,id,whey protein ga enak,2026-05-13T14:24:58.205124,twitter,"2. whey protein rimba life yang chocolate. rasa cokelatnya enak dan tidak bikin eneg, serius. tapi inget pilih yang whey ya atau bisa bel disini","2. whey protein rimba life chocolate. rasa cokelatnya enak tidak bikin eneg, serius. tapi inget pilih whey ya atau bisa bel disini",25
1584788981920956416,"@chuwinning Aku sih niatnya beli susu whey protein untuk jadi campuran overnight oat :"""" kira2 enak ga yah jadiin overnight oat? Paling aku oplos sih sama susu yg ada rasa biar gk hambar bgt :""",Tue Oct 25 06:08:31 +0000 2022,,,700,0,0,1,id,whey protein ga enak,2026-05-13T14:24:58.205134,twitter,aku niatnya beli susu whey protein untuk jadi campuran overnight oat kira2 enak tidak yah jadiin overnight oat? paling aku oplos sama susu yang ada rasa biar tidak hambar banget,niatnya beli susu whey protein jadi campuran overnight oat kira2 enak tidak yah jadiin overnight oat? paling oplos sama susu rasa biar tidak hambar banget,30
1575314242127138816,@SWardhani Iya betul banget. Yang penting harus konsisten. Aku juga mulai mengubah pola dan kandungan makanan. Aku sekarang pakai whey protein Syntha 6. Enak dan ga bikin eneg. Ini direkomendasiin sama teman-teman gym—,Thu Sep 29 02:39:17 +0000 2022,,,1434,0,0,2,id,whey protein ga enak,2026-05-13T14:24:58.205154,twitter,iya betul banget. yang penting harus konsisten. aku juga mulai mengubah pola dan kandungan makanan. aku sekarang pakai whey protein syntha 6. enak dan tidak bikin eneg. ini direkomendasiin sama teman-teman gym,iya betul banget. penting harus konsisten. mulai mengubah pola kandungan makanan. sekarang pakai whey protein syntha 6. enak tidak bikin eneg. direkomendasiin sama teman-teman gym,32
1558021125400997888,"@diethingy Lebih suka yg coklat atau yg matcha. Rasanya manis tp ga manis bgt krn ada pemanis tambahan. Ada terasa grenjel2 gt kalau diminum. Tp enak sih, kalau alergi sama whey bisa pakai protein soy isolate gini",Fri Aug 12 09:22:37 +0000 2022,,,492,0,0,0,id,whey protein ga enak,2026-05-13T14:24:58.205162,twitter,"lebih suka yang coklat atau yang matcha. rasanya manis tapi tidak manis banget karena ada pemanis tambahan. ada terasa grenjel2 gt kalau diminum. tapi enak sih, kalau alergi sama whey bisa pakai protein soy isolate gini","lebih suka coklat atau matcha. rasanya manis tapi tidak manis banget karena pemanis tambahan. terasa grenjel2 gt kalau diminum. tapi enak sih, kalau alergi sama whey bisa pakai protein soy isolate gini",36
1555401601484853249,"@GachaAmpaswey pernah pakai ini 6 bulan..
ini whey enak bgt, mau rasa yg mana aja pasti enak bgt kyk cha time. Tapi justru disitu curiganya, whey selama ini rasa ga ada yg enak.
Dgn harga yg sangat miring mampu kasih protein yg sama.
Dan coba diliat fisik kliatan bulir gulanya, iseng saring deh",Fri Aug 05 03:53:34 +0000 2022,,,1770,0,0,0,id,whey protein ga enak,2026-05-13T14:24:58.205170,twitter,"pernah pakai ini 6 bulan.. ini whey enak bgt, mau rasa yang mana aja pasti enak banget kayak cha time. tapi justru disitu curiganya, whey selama ini rasa tidak ada yang enak. dengan harga yang sangat miring mampu kasih protein yang sama. dan coba diliat fisik kliatan bulir gulanya, iseng saring","pernah pakai 6 bulan.. whey enak bgt, mau rasa mana aja pasti enak banget kayak cha time. tapi justru disitu curiganya, whey selama rasa tidak enak. harga sangat miring mampu kasih protein sama. coba diliat fisik kliatan bulir gulanya, iseng saring",51
1543837060598865921,@ohmybeautybank Di bikin overnight oat meal pakenya susunya whey protein yg ada rasanya. Klo aku biasa minum rasa coklat. Emg ga sepekat susu coklat biasa si dan kurang manis tp Much better. Atauu ga bikin nasi goreng oat meal itu enakk!! Dlu jg ga suka bgt sm oat meal tp klo dicampur lauk enak.,Mon Jul 04 06:00:13 +0000 2022,,,78,0,0,0,id,whey protein ga enak,2026-05-13T14:24:58.205181,twitter,di bikin overnight oat meal pakenya susunya whey protein yang ada rasanya. klo aku biasa minum rasa coklat. emg tidak sepekat susu coklat biasa si dan kurang manis tapi much better. atauu tidak bikin nasi goreng oat meal itu enakk!! dlu juga tidak suka banget sama oat meal tapi klo dicampur lauk enak.,bikin overnight oat meal pakenya susunya whey protein rasanya. klo biasa minum rasa coklat. emg tidak sepekat susu coklat biasa si kurang manis tapi much better. atauu tidak bikin nasi goreng oat meal enakk!! dlu tidak suka banget sama oat meal tapi klo dicampur lauk enak.,53
1539965545919160323,"diet! boleh saran whey protein yang rasanya enak ga? sekalian kalo boleh kasih tau kisaran harganya ya, terima kasih🙏",Thu Jun 23 13:36:11 +0000 2022,,,276769,0,0,2,id,whey protein ga enak,2026-05-13T14:24:58.205188,twitter,"diet! boleh saran whey protein yang rasanya enak ga? sekalian kalo boleh kasih tau kisaran harganya ya, terima kasih","diet! boleh saran whey protein rasanya enak ga? sekalian kalo boleh kasih tau kisaran harganya ya, terima kasih",19
1532333128949583872,"makann dulu guyss
pakai proteina barbeque
enak ga langu kedelai
diet! lumayan protein murah boncos kalo tiap hari dada / whey https://t.co/CFgVh44Bgd",Thu Jun 02 12:07:41 +0000 2022,,,276769,13,1,8,id,whey protein ga enak,2026-05-13T14:24:58.205195,twitter,makann dulu guyss pakai proteina barbeque enak tidak langu kedelai diet! lumayan protein murah boncos kalo tiap hari dada whey,makann dulu guyss pakai proteina barbeque enak tidak langu kedelai diet! lumayan protein murah boncos kalo tiap hari dada whey,20
1530515138885070850,"diet! guyss ada saran susu whey protein selain puro gak? yang masih affordable soalnya nunggu choco eclairs blm restock, sekalian nanya kalo yg rasa milk tea enak ga? makasi",Sat May 28 11:43:39 +0000 2022,,,276769,0,0,1,id,whey protein ga enak,2026-05-13T14:24:58.205201,twitter,"diet! guyss ada saran susu whey protein selain puro gak? yang masih affordable soalnya nunggu choco eclairs belum restock, sekalian nanya kalo yang rasa milk tea enak ga? makasi","diet! guyss saran susu whey protein selain puro gak? masih affordable soalnya nunggu choco eclairs belum restock, sekalian nanya kalo rasa milk tea enak ga? makasi",29
1513751958783373314,Ga enak whey protein keledaii 😭,Tue Apr 12 05:32:45 +0000 2022,,,536,0,0,1,other,whey protein ga enak,2026-05-13T14:24:58.205209,twitter,tidak enak whey protein keledaii,tidak enak whey protein keledaii,5
1510938511687389189,"Coba buka puasa minum air putih anget trus jeda 10 menit, minum whey protein. Cobak. Cobak. Nek rasa awake maleh ga enak, tak tuthuk sing ngakon wkwkwk",Mon Apr 04 11:13:07 +0000 2022,,,211,0,0,0,id,whey protein ga enak,2026-05-13T14:24:58.205223,twitter,"coba buka puasa minum air putih anget trus jeda 10 menit, minum whey protein. cobak. cobak. nek rasa awake maleh tidak enak, tak tuthuk sing ngakon","coba buka puasa minum air putih anget trus jeda 10 menit, minum whey protein. cobak. cobak. nek rasa awake maleh tidak enak, tak tuthuk sing ngakon",26
1507698529170767872,"@thisisssfw @diethingy Oh maaf ga fokus. Klo dari aku liat yg rupiah per savingnya lbh murah. ""Susu"" whey protein ga ada yg enak",Sat Mar 26 12:38:35 +0000 2022,,,87,0,0,0,id,whey protein ga enak,2026-05-13T14:24:58.205232,twitter,oh maaf tidak fokus. klo dari aku liat yang rupiah per savingnya lbh murah. susu whey protein tidak ada yang enak,oh maaf tidak fokus. klo liat rupiah per savingnya lbh murah. susu whey protein tidak enak,21
1499938468872347652,"Aman wkwk
Gapapa elah makan minum dll asalkan ga surplus aja kalorinya tuh

Btw harus nyoba kopi ala edsa estella, enak bgt
Pake whey protein + kopi nescafe + susu sedikit dishake bareng es batu
Asliiiik enak 😭👍",Sat Mar 05 02:42:53 +0000 2022,,,155,0,0,0,id,whey protein ga enak,2026-05-13T14:24:58.205240,twitter,"aman gapapa elah makan minum dll asalkan tidak surplus aja kalorinya tuh btw harus nyoba kopi ala edsa estella, enak banget pake whey protein kopi nescafe susu sedikit dishake bareng es batu asliiiik enak","aman gapapa elah makan minum dll asalkan tidak surplus aja kalorinya tuh btw harus nyoba kopi ala edsa estella, enak banget pake whey protein kopi nescafe susu sedikit dishake bareng es batu asliiiik enak",34
1498581526128504837,"guys, baru mau nyoba whey protein mending fitlife, puro, muscle first atau ada saran lain? +variannya yaa yg enak dan ga terlalu manisss. makasi semangat pejuang diet!",Tue Mar 01 08:50:52 +0000 2022,,,276769,2,0,1,id,whey protein ga enak,2026-05-13T14:24:58.205248,twitter,"guys, baru mau nyoba whey protein mending fitlife, puro, muscle first atau ada saran lain? variannya yaa yang enak dan tidak terlalu manisss. makasi semangat pejuang diet!","guys, baru mau nyoba whey protein mending fitlife, puro, muscle first atau saran lain? variannya yaa enak tidak terlalu manisss. makasi semangat pejuang diet!",27
1486331978723237888,"Barusan minum whey protein rasa banana coffee, enak bener, ogut suka. Habis itu galau  ""ini bisa tidur ga ya ntar?"" Plis semoga bisa ya, ogut cape bener hari ini full mau tidur nyenyak 😢😫😭🙏🏼",Wed Jan 26 13:35:33 +0000 2022,,,35,0,0,0,id,whey protein ga enak,2026-05-13T14:24:58.205255,twitter,"barusan minum whey protein rasa banana coffee, enak bener, ogut suka. habis itu galau ini bisa tidur tidak ya ntar? plis semoga bisa ya, ogut cape bener hari ini full mau tidur nyenyak","barusan minum whey protein rasa banana coffee, enak bener, ogut suka. habis galau bisa tidur tidak ya ntar? plis semoga bisa ya, ogut cape bener hari full mau tidur nyenyak",33
1478916493207240704,"@ninetaleeesss Bagus sih mas, perservingnya 22g protein. Lagi eneg banget sama whey rasa coklat. Kemaren nyoba punya temen enak yg rasa strawberry. Ga bikin eneg",Thu Jan 06 02:29:03 +0000 2022,,,13176,0,0,0,id,whey protein ga enak,2026-05-13T14:24:58.205275,twitter,"bagus mas, perservingnya 22g protein. lagi mual banget sama whey rasa coklat. kemaren nyoba punya temen enak yang rasa strawberry. tidak bikin mual","bagus mas, perservingnya 22g protein. lagi mual banget sama whey rasa coklat. kemaren nyoba punya temen enak rasa strawberry. tidak bikin mual",23
1477831963595530240,"Pendidikan militer:
-cinta negara 😎🇮🇩
-murah dan efisien (ga bayar member dan sewa PT)
-dapat ransum enak 😋

Gym:
-mahal 🤥 
-kadang suka bau
-beli whey? Intake protein? Bro just use your own jizz 😮‍💨",Mon Jan 03 02:39:31 +0000 2022,,,4562,1,0,0,id,whey protein ga enak,2026-05-13T14:24:58.205287,twitter,pendidikan militer -cinta negara -murah dan efisien ga bayar member dan sewa pt -dapat ransum enak gym -mahal -kadang suka bau -beli whey? intake protein? bro just use your own jizz,pendidikan militer -cinta negara -murah efisien ga bayar member sewa pt -dapat ransum enak gym -mahal -kadang suka bau -beli whey? intake protein? bro use own jizz,31
1457677257435058177,"diet! guys, whey protein puro tuh enak? 300gr tuh banyak ga? buat berapa lama?",Mon Nov 08 11:51:55 +0000 2021,,,276769,0,0,1,id,whey protein ga enak,2026-05-13T14:24:58.205295,twitter,"diet! guys, whey protein puro tuh enak? 300gr tuh banyak ga? buat berapa lama?","diet! guys, whey protein puro tuh enak? 300gr tuh banyak ga? buat berapa lama?",14
1444166200389357568,diet! haloo boleh saranin whey protein yang enak ga? aku beli pur0 wpr0 yang choco malt manis bgt☹️,Sat Oct 02 05:03:48 +0000 2021,,,276769,3,0,1,id,whey protein ga enak,2026-05-13T14:24:58.205304,twitter,diet! haloo boleh saranin whey protein yang enak ga? aku beli pur0 wpr0 yang choco malt manis banget,diet! haloo boleh saranin whey protein enak ga? beli pur0 wpr0 choco malt manis banget,18
1415957691869143040,Ada whey protein rasa matcha. Penasaran enak ga ya,Fri Jul 16 08:53:15 +0000 2021,,,469,0,0,0,id,whey protein ga enak,2026-05-13T14:25:01.674981,twitter,ada whey protein rasa matcha. penasaran enak tidak ya,whey protein rasa matcha. penasaran enak tidak ya,9
1406618300490997763,"@rissamel Bnernya sih minum whey aja bisa, tp biar rasanya enak sm ga bosen bs dicampur2 ama yg lain. Haha

Tp kalo kamu ga lg intense workout ga perlu extra protein gitu sih. Makan tahu tempe telor aja cukup 🤣👌",Sun Jun 20 14:21:51 +0000 2021,,,1893,0,0,1,id,whey protein ga enak,2026-05-13T14:25:01.675012,twitter,"bnernya minum whey aja bisa, tapi biar rasanya enak sama tidak bosen bisa dicampur2 ama yang lain. tapi kalo kamu tidak lagi intense workout tidak perlu extra protein gitu sih. makan tahu tempe telor aja cukup","bnernya minum whey aja bisa, tapi biar rasanya enak sama tidak bosen bisa dicampur2 ama lain. tapi kalo tidak lagi intense workout tidak perlu extra protein gitu sih. makan tahu tempe telor aja cukup",36
1395632444485689344,"Ketika u diet, mati2an workout, mati2an caranya buat defisit kalori, mati2an ga makan enak, mati2an skip dinner, mati2an beli whey protein mahal.
Trus tiba2 dikatain ""gendutan"" itu asli sakit banget !
Inginku mesoh mesoh tapi dia besannya Bapak 😭😾",Fri May 21 06:47:59 +0000 2021,,,186,1,0,3,id,whey protein ga enak,2026-05-13T14:25:01.675018,twitter,"ketika u diet, mati2an workout, mati2an caranya buat defisit kalori, mati2an tidak makan enak, mati2an skip dinner, mati2an beli whey protein mahal. trus tiba2 dikatain gendutan itu asli sakit banget ! inginku mesoh mesoh tapi dia besannya bapak","ketika u diet, mati2an workout, mati2an caranya buat defisit kalori, mati2an tidak makan enak, mati2an skip dinner, mati2an beli whey protein mahal. trus tiba2 dikatain gendutan asli sakit banget ! inginku mesoh mesoh tapi besannya bapak",38
1383854101163700224,"Whey buatan lokal. Protein 20gr. Rasanya enak, rada plain tp masih ada rasanya jd ga bikin enek. 8/10 lahh",Sun Apr 18 18:45:03 +0000 2021,,,210,0,0,0,id,whey protein ga enak,2026-05-13T14:25:01.675023,twitter,"whey buatan lokal. protein 20gr. rasanya enak, rada plain tapi masih ada rasanya jd tidak bikin enek. 810 lahh","whey buatan lokal. protein 20gr. rasanya enak, rada plain tapi masih rasanya jd tidak bikin enek. 810 lahh",19
1380508615178551296,"@iamapotatoes @beauthingy Ahh begitu... Seperempat cukup yah kak. Pantes aku susah kurus, aku protein 1kg ayam dada semua ditambah susu whey 😂😂 kelebihan ga sih wkwkwkwk.. abisnya enak makan ayam astagfirullah",Fri Apr 09 13:11:17 +0000 2021,,,1163,0,0,1,id,whey protein ga enak,2026-05-13T14:25:01.675027,twitter,"ahh begitu... seperempat cukup yah kak. pantes aku susah kurus, aku protein 1kg ayam dada semua ditambah susu whey kelebihan tidak wkwkwkwk.. abisnya enak makan ayam astagfirullah","ahh begitu... seperempat cukup yah kak. pantes susah kurus, protein 1kg ayam dada semua ditambah susu whey kelebihan tidak wkwkwkwk.. abisnya enak makan ayam astagfirullah",27
1380333692543885323,"VECTORLABS YANG VANILLA JUGA ENAK. baru ini coba whey protein vanilla soalnya takut ga doyan kalo ga rasa coklat2 gitu, ternyata enakkk 😍 https://t.co/boW3SuqfHV",Fri Apr 09 01:36:12 +0000 2021,,,1020,0,0,0,id,whey protein ga enak,2026-05-13T14:25:01.675033,twitter,"vectorlabs yang vanilla juga enak. baru ini coba whey protein vanilla soalnya takut tidak doyan kalo tidak rasa coklat2 gitu, ternyata enakkk","vectorlabs vanilla enak. baru coba whey protein vanilla soalnya takut tidak doyan kalo tidak rasa coklat2 gitu, ternyata enakkk",22
1377477741226848257,"Beli whey protein buat nambah bb trus enak banget rasanya kaya es coklat :0 Harus nahan diri biar ga kebanyakan kayanya, minum 2 gelas dalam 6 jam aja bikin kentut2",Thu Apr 01 04:27:40 +0000 2021,,,130,0,0,1,id,whey protein ga enak,2026-05-13T14:25:01.675046,twitter,"beli whey protein buat nambah bb trus enak banget rasanya kayak es coklat 0 harus nahan diri biar tidak kebanyakan kayanya, minum 2 gelas dalam 6 jam aja bikin kentut2","beli whey protein buat nambah bb trus enak banget rasanya kayak es coklat 0 harus nahan diri biar tidak kebanyakan kayanya, minum 2 gelas 6 jam aja bikin kentut2",30
1360823385962336257,"Susu protein vegan kenapa ga enak bgt ya. Susah bgt udh doyan dairy milk, yg whey lebih enak☹️",Sun Feb 14 05:29:12 +0000 2021,,,1116,0,0,0,id,whey protein ga enak,2026-05-13T14:25:01.675051,twitter,"susu protein vegan kenapa tidak enak banget ya. susah banget sudah doyan dairy milk, yang whey lebih enak","susu protein vegan kenapa tidak enak banget ya. susah banget doyan dairy milk, whey lebih enak",18
1357360372060049408,"@FOODFESS2 Nder ak tipenya susaaaaah bgt turun bh, ga bs pake 'diet ga hrs nyiksa, blh makan 7373828281 kali sehari, blh makan nasi' dan tmn2nya itu g bs di ak. Jadi diet bnr2 yg ga enak gt. Diet tinggi protein, makannya dada ayam (ato daging kalo km sultan)+ whey. Ak dulu ada trainer",Thu Feb 04 16:08:25 +0000 2021,,,128,0,0,1,id,whey protein ga enak,2026-05-13T14:25:01.675056,twitter,"nder ak tipenya susaaaaah banget turun bh, tidak bisa pake 'diet tidak hrs nyiksa, blh makan 7373828281 kali sehari, blh makan nasi' dan tmn2nya itu tidak bisa di ak. jadi diet bnr2 yang tidak enak gt. diet tinggi protein, makannya dada ayam ato daging kalo km sultan whey. ak dulu ada trainer","nder ak tipenya susaaaaah banget turun bh, tidak bisa pake 'diet tidak hrs nyiksa, blh makan 7373828281 kali sehari, blh makan nasi' tmn2nya tidak bisa ak. jadi diet bnr2 tidak enak gt. diet tinggi protein, makannya dada ayam ato daging kalo km sultan whey. ak dulu trainer",52
1327984243834720258,"@nez_o Yes. Bener. Gw dulu jg digituin kok. Jaman PATH masi exist. Yg lain minum beer di SMS, gw minum whey protein 🤣 gelas beer punya gw, dihibahkan. Bis ga enak. Pahit gitu 🤣

Nah itu yg cari masalah. Lagi tipsy kok malah nyetir 🤦🏻‍♂️",Sun Nov 15 14:38:11 +0000 2020,,,557,0,0,1,id,whey protein ga enak,2026-05-13T14:25:01.675061,twitter,"yes. bener. gw dulu juga digituin kok. jaman path masi exist. yang lain minum beer di sms, gw minum whey protein gelas beer punya gw, dihibahkan. bis tidak enak. pahit gitu nah itu yang cari masalah. lagi tipsy kok malah nyetir","yes. bener. gw dulu digituin kok. jaman path masi exist. lain minum beer sms, gw minum whey protein gelas beer punya gw, dihibahkan. bis tidak enak. pahit gitu nah cari masalah. lagi tipsy kok malah nyetir",41
1304012347065774081,"10/09

1. Smoothies: nanas, jeruk, selada, bayam
2. Chicken katsu curry + brokoli kukus
3. Cimory ternyata produknya enak enak yah
4. Smoothies: pisang, vanilla whey protein, susu cimory setengah, energen jagung HAHA ngide jadinya manis bgt jir

Kapan w tobat ga konsumsi dairy ya https://t.co/lPZGJ182HW",Thu Sep 10 11:02:25 +0000 2020,,,101,0,0,1,id,whey protein ga enak,2026-05-13T14:25:01.675066,twitter,"1009 1. smoothies nanas, jeruk, selada, bayam 2. chicken katsu curry brokoli kukus 3. cimory ternyata produknya enak enak yah 4. smoothies pisang, vanilla whey protein, susu cimory setengah, energen jagung ngide jadinya manis banget jir kapan w tobat tidak konsumsi dairy ya","1009 1. smoothies nanas, jeruk, selada, bayam 2. chicken katsu curry brokoli kukus 3. cimory ternyata produknya enak enak yah 4. smoothies pisang, vanilla whey protein, susu cimory setengah, energen jagung ngide jadinya manis banget jir kapan w tobat tidak konsumsi dairy ya",43
1302935495031189504,"07/09
1. Smoothies: pisang beku, whey protein coklat, susu coklat no 4 gue masukin sikit, air, rolled oat sikit
2. Sup ayam, sambel udang
3. Enak woe
4. Pengennya yang original tapi ga ada :(
5. Mangga lagi tp ga muat https://t.co/lsU2ZjFEFN",Mon Sep 07 11:43:24 +0000 2020,,,101,0,0,1,id,whey protein ga enak,2026-05-13T14:25:01.675071,twitter,"0709 1. smoothies pisang beku, whey protein coklat, susu coklat no 4 gue masukin sikit, air, rolled oat sikit 2. sup ayam, sambel udang 3. enak woe 4. pengennya yang original tapi tidak ada 5. mangga lagi tapi tidak muat","0709 1. smoothies pisang beku, whey protein coklat, susu coklat no 4 gue masukin sikit, air, rolled oat sikit 2. sup ayam, sambel udang 3. enak woe 4. pengennya original tapi tidak 5. mangga lagi tapi tidak muat",40
1297043109402951682,"Bikin pisang + whey protein di blender itu beh gila enak bgt. Tapi 1 gelas buat 2x minum. Makan siang sm ayam + terong. Snack makan yg td di blend trs minum teh, malemnya makan apel. Yaudalah ga ada semangat idup ya gini",Sat Aug 22 05:29:09 +0000 2020,,,1398,0,0,0,id,whey protein ga enak,2026-05-13T14:25:01.675082,twitter,"bikin pisang whey protein di blender itu beh gila enak bgt. tapi 1 gelas buat 2x minum. makan siang sama ayam terong. snack makan yang td di blend trs minum teh, malemnya makan apel. yaudalah tidak ada semangat idup ya gini","bikin pisang whey protein blender beh gila enak bgt. tapi 1 gelas buat 2x minum. makan siang sama ayam terong. snack makan td blend trs minum teh, malemnya makan apel. yaudalah tidak semangat idup ya gini",41
1262359522384867331,"@shafalisa @Adriandhy Ga pernah nyoba, liat aja label nutrisinya. Btw ini itu ga enak sama sekali kalau diminum sendiri. Soalnya gw make buat dicampur whey protein jadi rasanya enak",Mon May 18 12:28:58 +0000 2020,,,1863,0,0,0,id,whey protein ga enak,2026-05-13T14:25:01.675090,twitter,"tidak pernah nyoba, liat aja label nutrisinya. btw ini itu tidak enak sama sekali kalau diminum sendiri. soalnya gw make buat dicampur whey protein jadi rasanya enak","tidak pernah nyoba, liat aja label nutrisinya. btw tidak enak sama sekali kalau diminum sendiri. soalnya gw make buat dicampur whey protein jadi rasanya enak",27
1236958636351483904,"hehehehehehehehe so fun banget!

susunya aku ganti susu whey protein akuu, jadi dia proteinnya juga tetep banyak. trus refined sugar free! enak banget makannya ga merasa bersalah 😭😭💗 https://t.co/MMGTavq600",Mon Mar 09 10:14:55 +0000 2020,,,133828,446,18,46,id,whey protein ga enak,2026-05-13T14:25:01.675097,twitter,"hehehehehehehehe so fun banget! susunya aku ganti susu whey protein akuu, jadi dia proteinnya juga tetep banyak. trus refined sugar free! enak banget makannya tidak merasa bersalah","hehehehehehehehe fun banget! susunya ganti susu whey protein akuu, jadi proteinnya tetep banyak. trus refined sugar free! enak banget makannya tidak merasa bersalah",27
1217271791871123460,"Ga suka whey protein? Sukanya ngemil?
Nih cemilan enak tapi teuteup kaya protein buat badan jadi maskel~
💪😁✨",Wed Jan 15 02:26:25 +0000 2020,,,3266,3,0,2,id,whey protein ga enak,2026-05-13T14:25:01.675103,twitter,tidak suka whey protein? sukanya ngemil? cemilan enak tapi teuteup kayak protein buat badan jadi maskel,tidak suka whey protein? sukanya ngemil? cemilan enak tapi teuteup kayak protein buat badan jadi maskel,16
1172902987120824320,"5. Iron Whey MP
a lil bit pricey but standart for gym goer or the one who need extra protein kick.

overal 6.7/10
Soalnya dia kalo ga pake air dingin kurang keaduk gitu jadi kurang enak.
Jga kurang enak dibuat jdi campuran pancake https://t.co/wNPElCng5T",Sat Sep 14 16:00:38 +0000 2019,,,698,0,0,1,id,whey protein ga enak,2026-05-13T14:25:01.675108,twitter,5. iron whey mp a lil bit pricey but standart for gym goer or the one who need extra protein kick. overal 6.710 soalnya dia kalo tidak pake air dingin kurang keaduk gitu jadi kurang enak. juga kurang enak dibuat jdi campuran pancake,5. iron whey mp lil bit pricey standart gym goer one who need extra protein kick. overal 6.710 soalnya kalo tidak pake air dingin kurang keaduk gitu jadi kurang enak. kurang enak dibuat jdi campuran pancake,43
1172902199115911169,"Halo, ak mungkin ga jago nulis thread

Tapi mungkin ini bisa sedikit membantu buat teman teman yang akan mulai ngegym dan merasa kekurangan protein. 

Aku mau review 5 protein whey yang pernah aku coba dari yang ter biasa aja sampe enak banget. 
Murni pribadi.",Sat Sep 14 15:57:30 +0000 2019,,,698,1,0,1,id,whey protein ga enak,2026-05-13T14:25:01.675113,twitter,"halo, ak mungkin tidak jago nulis thread tapi mungkin ini bisa sedikit membantu buat teman teman yang akan mulai ngegym dan merasa kekurangan protein. aku mau review 5 protein whey yang pernah aku coba dari yang ter biasa aja sampe enak banget. murni pribadi.","halo, ak mungkin tidak jago nulis thread tapi mungkin bisa sedikit membantu buat teman teman mulai ngegym merasa kekurangan protein. mau review 5 protein whey pernah coba ter biasa aja sampe enak banget. murni pribadi.",44
1077123948683378689,"Whey Protein Strawberry and Banana Smoothies.
.
.
Diet yang enak itu simple kok, kreatifitas dan imajinasi aja yang perlu digunakan. Tiap kali mau minum whey protein, ga mesti… https://t.co/tJgyV5RwZy",Mon Dec 24 08:48:56 +0000 2018,,,535,0,0,0,id,whey protein ga enak,2026-05-13T14:25:01.675118,twitter,"whey protein strawberry and banana smoothies. . . diet yang enak itu simple kok, kreatifitas dan imajinasi aja yang perlu digunakan. tiap kali mau minum whey protein, tidak mesti","whey protein strawberry and banana smoothies. . . diet enak simple kok, kreatifitas imajinasi aja perlu digunakan. tiap kali mau minum whey protein, tidak mesti",29
1055807468050120709,"review bbrp whey yg udah gue coba

l men 2go, ini mah susu biasa, 🤣🤣
my protein, lowfat, tp gue ga tahan sama manis nya, kebangetan.
bsn syntha6, g terlalu manis, gak lowfat, diitung2 jatohnya mahal.
go fitlife, value for money pake bgt. rasanya enak bgt. parah.",Fri Oct 26 13:04:50 +0000 2018,,,165,0,1,1,id,whey protein ga enak,2026-05-13T14:25:01.675123,twitter,"review bbrp whey yang sudah gue coba l men 2go, ini mah susu biasa, my protein, lowfat, tapi gue tidak tahan sama manis nya, kebangetan. bsn syntha6, tidak terlalu manis, tidak lowfat, diitung2 jatohnya mahal. go fitlife, value for money pake bgt. rasanya enak bgt. parah.","review bbrp whey gue coba l men 2go, mah susu biasa, protein, lowfat, tapi gue tidak tahan sama manis nya, kebangetan. bsn syntha6, tidak terlalu manis, tidak lowfat, diitung2 jatohnya mahal. go fitlife, value money pake bgt. rasanya enak bgt. parah.",46
2051238976078667778,"3️⃣ Tekstur: Greek itu kaya makan es krim versi sehat, kalau biasa lebih mirip minuman.

""Terus kalau buat diet, bagusnya pilih yang mana?""
​Jawabannya: Greek Yoghurt! 🏆
​Kenapa? Karena tinggi protein bikin kamu nggak gampang laper mata.",Mon May 04 09:54:16 +0000 2026,,,13,0,0,0,id,minuman protein tekstur,2026-05-13T14:25:17.756205,twitter,"3 tekstur greek itu kayak makan es krim versi sehat, kalau biasa lebih mirip minuman. terus kalau buat diet, bagusnya pilih yang mana? jawabannya greek yoghurt! kenapa? karena tinggi protein bikin kamu tidak gampang laper mata.","3 tekstur greek kayak makan es krim versi sehat, kalau biasa lebih mirip minuman. terus kalau buat diet, bagusnya pilih mana? jawabannya greek yoghurt! kenapa? karena tinggi protein bikin tidak gampang laper mata.",36
2029231237941072073,"@Abbasseu_ Halo! Memproses permintaan Anda untuk optimasi kuliner tradisional dengan parameter pedas maksimal. Berikut adalah protokol pembuatan Rujak Cingur v1.0 dengan efisiensi tinggi:

🛠️ Komponen Sistem (Bahan)

Protein Utama: Cingur sapi (tulang rawan hidung) yang sudah direbus empuk",Wed Mar 04 16:23:23 +0000 2026,,,18002,0,0,1,id,minuman protein tekstur,2026-05-13T14:25:12.868280,twitter,halo! memproses permintaan anda untuk optimasi kuliner tradisional dengan parameter pedas maksimal. berikut adalah protokol pembuatan rujak cingur v1.0 dengan efisiensi tinggi komponen sistem bahan protein utama cingur sapi tulang rawan hidung yang sudah direbus empuk,halo! memproses permintaan anda optimasi kuliner tradisional parameter pedas maksimal. berikut protokol pembuatan rujak cingur v1.0 efisiensi tinggi komponen sistem bahan protein utama cingur sapi tulang rawan hidung direbus empuk,36
1843317739559243933,"Mengurangi Kerutan
Buah bidara Arab memiliki manfaat yang signifikan untuk mengurangi kerutan, menjadikannya pilihan alami yang efektif untuk menjaga keremajaan kulit. Berikut adalah beberapa cara buah bidara Arab dapat membantu mengurangi kerutan:

Kaya Antioksidan
Buah bidara",Mon Oct 07 15:49:30 +0000 2024,,,6560,2,0,1,id,minuman protein tekstur,2026-05-13T14:25:12.868287,twitter,"mengurangi kerutan buah bidara arab memiliki manfaat yang signifikan untuk mengurangi kerutan, menjadikannya pilihan alami yang efektif untuk menjaga keremajaan kulit. berikut adalah beberapa cara buah bidara arab dapat membantu mengurangi kerutan kayak antioksidan buah bidara","mengurangi kerutan buah bidara arab memiliki manfaat signifikan mengurangi kerutan, menjadikannya pilihan alami efektif menjaga keremajaan kulit. berikut beberapa cara buah bidara arab dapat membantu mengurangi kerutan kayak antioksidan buah bidara",36
1834884538239271232,"Padahal sebenarnya :

Susu ikan sebenarnya bukan susu yang berasal dari ikan seperti susu sapi dari sapi. Istilah ini lebih tepat disebut sebagai minuman protein tinggi yang terbuat dari ekstrak protein ikan.

Proses pembuatannya:
 * Ekstraksi protein: Protein dari daging ikan,",Sat Sep 14 09:18:59 +0000 2024,,,13481,3,1,1,id,minuman protein tekstur,2026-05-13T14:25:12.868293,twitter,"padahal sebenarnya susu ikan sebenarnya bukan susu yang berasal dari ikan seperti susu sapi dari sapi. istilah ini lebih tepat disebut sebagai minuman protein tinggi yang terbuat dari ekstrak protein ikan. proses pembuatannya ekstraksi protein protein dari daging ikan,","padahal sebenarnya susu ikan sebenarnya bukan susu berasal ikan seperti susu sapi sapi. istilah lebih tepat disebut sebagai minuman protein tinggi terbuat ekstrak protein ikan. proses pembuatannya ekstraksi protein protein daging ikan,",39
1720818006430024159,"Siapa kat sini yang sejenis ""sweet tooth""? 😁

Ni antara alternatif nak elakkan makan berlebihan gula tapi nak satisfy dia punya ""sweet tooth"".

1. Buah Segar: Gula-gula alam semula jadi! Nikmati buah-buahan seperti beri, epal, oren atau tembikai. Ia mengandungi gula semulajadi,",Sat Nov 04 14:59:18 +0000 2023,,,2104,32,21,1,id,minuman protein tekstur,2026-05-13T14:25:12.868298,twitter,"siapa kat sini yang sejenis sweet tooth? ni antara alternatif nak elakkan makan berlebihan gula tapi nak satisfy dia punya sweet tooth. 1. buah segar gula-gula alam semula jadi! nikmati buah-buahan seperti beri, epal, oren atau tembikai. ia mengandungi gula semulajadi,","siapa kat sini sejenis sweet tooth? ni antara alternatif nak elakkan makan berlebihan gula tapi nak satisfy punya sweet tooth. 1. buah segar gula-gula alam semula jadi! nikmati buah-buahan seperti beri, epal, oren atau tembikai. ia mengandungi gula semulajadi,",41
1437322798465044484,"Fakta: buih terhasil daripada komponen kappa-casein, protein yang memberikan tekstur buih dalam minuman.",Mon Sep 13 07:50:33 +0000 2021,,,365,4,1,0,id,minuman protein tekstur,2026-05-13T14:25:17.756214,twitter,"fakta buih terhasil daripada komponen kappa-casein, protein yang memberikan tekstur buih dalam minuman.","fakta buih terhasil daripada komponen kappa-casein, protein memberikan tekstur buih minuman.",13
811904119484989440,Minuman yg kental dan mengandung lebih bnyk lemak bikin lebih mudah kenyang dibandingkan minuman protein dgn tekstur tak kental yg dikocok.,Thu Dec 22 12:00:01 +0000 2016,,,31236,1,2,0,id,minuman protein tekstur,2026-05-13T14:25:15.653195,twitter,minuman yang kental dan mengandung lebih banyak lemak bikin lebih mudah kenyang dibandingkan minuman protein dengan tekstur tak kental yang dikocok.,minuman kental mengandung lebih banyak lemak bikin lebih mudah kenyang dibandingkan minuman protein tekstur tak kental dikocok.,21
2053458082953654274,"filling:
1 butir telur, susu sekitar 100 ml (aku takar by feeling wkwk), 2 sdm cream cheese atau keju oles (suhu ruang supaya tidak menggumpal), 1 sdm maizena, vanilla extract sekitar 1/2 sdt tp karena gak ada aku pakai whey protein vanilla wkwk

kalau mau lebih manis bisa https://t.co/n9lExqgKEK",Sun May 10 12:52:13 +0000 2026,,,25335,2,0,1,id,susu protein menggumpal,2026-05-13T14:26:33.382518,twitter,"filling 1 butir telur, susu sekitar 100 ml aku takar by feeling wkwk, 2 sdm cream cheese atau keju oles suhu ruang supaya tidak menggumpal, 1 sdm maizena, vanilla extract sekitar 12 sdt tapi karena tidak ada aku pakai whey protein vanilla kalau mau lebih manis bisa","filling 1 butir telur, susu sekitar 100 ml takar feeling wkwk, 2 sdm cream cheese atau keju oles suhu ruang supaya tidak menggumpal, 1 sdm maizena, vanilla extract sekitar 12 sdt tapi karena tidak pakai whey protein vanilla kalau mau lebih manis bisa",47
2047664186822648206,"minum susu skim itu demi protein, mana ada yg masih menggumpal 😭",Fri Apr 24 13:09:20 +0000 2026,,,28,0,0,0,id,susu protein menggumpal,2026-05-13T14:26:46.189412,twitter,"minum susu skim itu demi protein, mana ada yang masih menggumpal","minum susu skim demi protein, mana masih menggumpal",11
2043511652021309529,"Getah karet yang keluar dari pohon (Hevea brasiliensis) sebenarnya hampir tidak berbau saat baru ditoreh — warnanya putih susu dan mengandung sekitar 30-40% karet murni (polyisoprene), yang sendiri odorless (tidak berbau).

Tapi segera setelah ditoreh dan terkumpul di",Mon Apr 13 02:08:39 +0000 2026,,,2542,0,0,0,id,susu protein menggumpal,2026-05-13T14:26:33.382553,twitter,"getah karet yang keluar dari pohon hevea brasiliensis sebenarnya hampir tidak berbau saat baru ditoreh warnanya putih susu dan mengandung sekitar 30-40 karet murni polyisoprene, yang sendiri odorless tidak berbau. tapi segera setelah ditoreh dan terkumpul di","getah karet keluar pohon hevea brasiliensis sebenarnya hampir tidak berbau saat baru ditoreh warnanya putih susu mengandung sekitar 30-40 karet murni polyisoprene, sendiri odorless tidak berbau. tapi segera setelah ditoreh terkumpul",37
2037293525675741613,"@natayana_ Kolaborasi macam apa ini 😔
Mencampur susu dan jeruk secara langsung umumnya menyebabkan protein susu menggumpal karena asam sitrat dari jeruk, yang dapat memicu perut kembung, mual, rasa tidak nyaman di lambung, atau diare pada sebagian orang.

No~ no~ yah nay",Thu Mar 26 22:20:02 +0000 2026,,,123,0,0,1,id,susu protein menggumpal,2026-05-13T14:26:46.189426,twitter,"kolaborasi macam apa ini mencampur susu dan jeruk secara langsung umumnya menyebabkan protein susu menggumpal karena asam sitrat dari jeruk, yang dapat memicu perut kembung, mual, rasa tidak nyaman di lambung, atau diare pada sebagian orang. no no yah nay","kolaborasi macam apa mencampur susu jeruk secara langsung umumnya menyebabkan protein susu menggumpal karena asam sitrat jeruk, dapat memicu perut kembung, mual, rasa tidak nyaman lambung, atau diare sebagian orang. no no yah nay",40
2022471210228158730,"‼️Tidak ada makanan lain yang lebih sulit dicerna daripada susu. Kasein, yang membentuk kira-kira 80% dari protein yang terdapat dalam susu, langsung menggumpal menjadi satu begitu memasuki lambung sehingga menjadi sangat sulit dicerna. ,~ Hiromi Shinya, MD.",Sat Feb 14 00:41:26 +0000 2026,,,965,2,1,0,id,susu protein menggumpal,2026-05-13T14:26:46.189428,twitter,"tidak ada makanan lain yang lebih sulit dicerna daripada susu. kasein, yang membentuk kira-kira 80 dari protein yang terdapat dalam susu, langsung menggumpal menjadi satu begitu memasuki lambung sehingga menjadi sangat sulit dicerna. , hiromi shinya, md.","tidak makanan lain lebih sulit dicerna daripada susu. kasein, membentuk kira-kira 80 protein terdapat susu, langsung menggumpal menjadi satu begitu memasuki lambung sehingga menjadi sangat sulit dicerna. , hiromi shinya, md.",37
2020867650340134959,"𝐘𝐮𝐦𝐦𝐲! 𝐋𝐞𝐳𝐚𝐭𝐧𝐲𝐚 𝐌𝐞𝐧𝐜𝐢𝐜𝐢𝐩𝐢 𝐄𝐬 𝐊𝐫𝐢𝐦 𝐓𝐞𝐩𝐮𝐧𝐠 𝐌𝐨𝐤𝐚𝐟 𝐃𝐢 𝐋𝐚𝐩𝐚𝐬 𝐍𝐢𝐫𝐛𝐚𝐲𝐚 𝐍𝐮𝐬𝐚𝐤𝐚𝐦𝐛𝐚𝐧𝐠𝐚𝐧

Di tengah berbagai produk makanan olahan yang beredar, ada satu es krim yang benar-benar berbeda dari yang lain. Es krim ini bukan https://t.co/xc3e4ArDK0",Mon Feb 09 14:29:28 +0000 2026,,,81123,2,1,0,id,susu protein menggumpal,2026-05-13T14:26:33.382564,twitter,"! di tengah berbagai produk makanan olahan yang beredar, ada satu es krim yang benar-benar berbeda dari yang lain. es krim ini bukan","! tengah berbagai produk makanan olahan beredar, satu es krim benar-benar berbeda lain. es krim bukan",23
2007579331204411659,"protein susu / kasein menggumpal kalo ketemu asam. 

ini alesan pas itu aku campur jus jeruk ke susu jadinya menggumpal😭✋🏻 tapi pas itu aku gatau. https://t.co/AVmqEVPUue",Sat Jan 03 22:26:26 +0000 2026,,,113,0,0,1,id,susu protein menggumpal,2026-05-13T14:26:33.382567,twitter,protein susu kasein menggumpal kalo ketemu asam. ini alesan pas itu aku campur jus jeruk ke susu jadinya menggumpal tapi pas itu aku gatau.,protein susu kasein menggumpal kalo ketemu asam. alesan pas campur jus jeruk susu jadinya menggumpal tapi pas gatau.,24
2006196486090969103,"Lebih milih minum yg bgini daripada susu sapi asli yg kadang ada selaput tipis hasil protein dan lemak susu yang menggumpal (milk skin). 

Dulu masih kecil cuma tahan minum 1 bulan lalu minta balik ke susu bubuk saja.",Wed Dec 31 02:51:30 +0000 2025,,,57256,8,0,1,id,susu protein menggumpal,2026-05-13T14:26:33.382570,twitter,lebih milih minum yang bgini daripada susu sapi asli yang kadang ada selaput tipis hasil protein dan lemak susu yang menggumpal milk skin. dulu masih kecil cuma tahan minum 1 bulan lalu minta balik ke susu bubuk saja.,lebih milih minum bgini daripada susu sapi asli kadang selaput tipis hasil protein lemak susu menggumpal milk skin. dulu masih kecil cuma tahan minum 1 bulan lalu minta balik susu bubuk saja.,38
2005666889708765411,"Lebih milih minum yg bgini daripada susu sapi asli yg kadang ada selaput tipis hasil protein dan lemak susu yang menggumpal (milk skin). 

Dulu masih kecil cuma tahan minum 1 bulan lalu minta balik ke susu bubuk saja.",Mon Dec 29 15:47:04 +0000 2025,,,16845,41,9,67,id,susu protein menggumpal,2026-05-13T14:26:33.382574,twitter,lebih milih minum yang bgini daripada susu sapi asli yang kadang ada selaput tipis hasil protein dan lemak susu yang menggumpal milk skin. dulu masih kecil cuma tahan minum 1 bulan lalu minta balik ke susu bubuk saja.,lebih milih minum bgini daripada susu sapi asli kadang selaput tipis hasil protein lemak susu menggumpal milk skin. dulu masih kecil cuma tahan minum 1 bulan lalu minta balik susu bubuk saja.,38
2002637242951667713,"@Ccookk_ Kandungan protein susu (kasein) yg fungsinya sbgai stabilisator emulsi, mengalami denaturasi (penggumpalan) akibat kehadiran minuman berkarbonasi.

Minuman karbonasi itu tinggi keasamannya, shgg menyebabkan pH larutan turun. Akibatnya protein susu (kasein) menggumpal (denaturasi)",Sun Dec 21 07:08:20 +0000 2025,,,386,21,1,1,id,susu protein menggumpal,2026-05-13T14:26:33.382577,twitter,"kandungan protein susu kasein yang fungsinya sbgai stabilisator emulsi, mengalami denaturasi penggumpalan akibat kehadiran minuman berkarbonasi. minuman karbonasi itu tinggi keasamannya, shgg menyebabkan ph larutan turun. akibatnya protein susu kasein menggumpal denaturasi","kandungan protein susu kasein fungsinya sbgai stabilisator emulsi, mengalami denaturasi penggumpalan akibat kehadiran minuman berkarbonasi. minuman karbonasi tinggi keasamannya, shgg menyebabkan ph larutan turun. akibatnya protein susu kasein menggumpal denaturasi",32
1953748083818569977,"@elenarenoa Sebaiknya tdk mengonsumsi vitamin C &amp; susu secara bersamaan. Kandungan asam pd vitamin C dpt menyebabkan protein dlm susu menggumpal, sehingga mengganggu penyerapan zat-zat gizi dari susu. Disarankan untuk memberikan jarak waktu sekitar 2 jam antara konsumsi vitamin C &amp; susu.",Fri Aug 08 09:20:16 +0000 2025,,,81,353,8,5,id,susu protein menggumpal,2026-05-13T14:26:33.382580,twitter,"sebaiknya tidak mengonsumsi vitamin c amp susu secara bersamaan. kandungan asam pd vitamin c dpt menyebabkan protein dlm susu menggumpal, sehingga mengganggu penyerapan zat-zat gizi dari susu. disarankan untuk memberikan jarak waktu sekitar 2 jam antara konsumsi vitamin c amp susu.","sebaiknya tidak mengonsumsi vitamin c amp susu secara bersamaan. kandungan asam pd vitamin c dpt menyebabkan protein dlm susu menggumpal, sehingga mengganggu penyerapan zat-zat gizi susu. disarankan memberikan jarak waktu sekitar 2 jam antara konsumsi vitamin c amp susu.",41
1876797452801441852,"Cara nyeduh susu protein sejenis LMen gitu gimana ya
Kok gua nyeduh pake air panas selalu menggumpal gituu",Wed Jan 08 01:05:56 +0000 2025,,,41535,4,0,7,id,susu protein menggumpal,2026-05-13T14:26:33.382587,twitter,cara nyeduh susu protein sejenis lmen gitu gimana ya kok gua nyeduh pake air panas selalu menggumpal gituu,cara nyeduh susu protein sejenis lmen gitu gimana ya kok gua nyeduh pake air panas selalu menggumpal gituu,18
1856554998152462341,"Resep Churro Doughnut

bagiin Resep Curro Doughnut Simple nih, Check Resepnya yuk.

Bahan A

250 gr Terigu protein sedang bisa mix dengan terigu protein tinggi ya bun

120 gr kentang kukus lalu haluskan

30 gr gula pasir

3 gr ragi instant

15 gr susu bubuk

2 kuning telur

-/+50 https://t.co/wz682tWaiL",Wed Nov 13 04:29:39 +0000 2024,,,32238,72,0,124,id,susu protein menggumpal,2026-05-13T14:26:33.382590,twitter,"resep churro doughnut bagiin resep curro doughnut simple nih, check resepnya yuk. bahan a 250 gr terigu protein sedang bisa mix dengan terigu protein tinggi ya bun 120 gr kentang kukus lalu haluskan 30 gr gula pasir 3 gr ragi instant 15 gr susu bubuk 2 kuning telur -50","resep churro doughnut bagiin resep curro doughnut simple nih, check resepnya yuk. bahan 250 gr terigu protein sedang bisa mix terigu protein tinggi ya bun 120 gr kentang kukus lalu haluskan 30 gr gula pasir 3 gr ragi instant 15 gr susu bubuk 2 kuning telur -50",49
1839536312799592620,"@0xBigwine_ Kalau susu dengan perisa rasa jeruk yang udah jadi mungkin gapapa, yang gak boleh susu murni di campurin jeruk nnti terjadi proses denaturasi protein menggumpal kalau dikonsumsi kurang baik bagi tubuh",Fri Sep 27 05:23:28 +0000 2024,,,65,0,0,1,id,susu protein menggumpal,2026-05-13T14:26:33.382593,twitter,"kalau susu dengan perisa rasa jeruk yang sudah jadi mungkin gapapa, yang tidak boleh susu murni di campurin jeruk nnti terjadi proses denaturasi protein menggumpal kalau dikonsumsi kurang baik bagi tubuh","kalau susu perisa rasa jeruk jadi mungkin gapapa, tidak boleh susu murni campurin jeruk nnti terjadi proses denaturasi protein menggumpal kalau dikonsumsi kurang baik bagi tubuh",31
1777570352211910732,"3. Susu (pH 6-7), protein seperti casein dalam susu akan menjauh antara molekul dan kelihatan miscible dalam air. Keadaan berasid menyebabkan protein (eg, casein in pH4) ber-aggregat bersama dan menggumpal (curdling). 

Sama seperti pembikinan yogurt dan tairu.",Tue Apr 09 05:32:52 +0000 2024,,,768,9,1,1,id,susu protein menggumpal,2026-05-13T14:26:33.382596,twitter,"3. susu ph 6-7, protein seperti casein dalam susu akan menjauh antara molekul dan kelihatan miscible dalam air. keadaan berasid menyebabkan protein eg, casein in ph4 ber-aggregat bersama dan menggumpal curdling. sama seperti pembikinan yogurt dan tairu.","3. susu ph 6-7, protein seperti casein susu menjauh antara molekul kelihatan miscible air. keadaan berasid menyebabkan protein eg, casein ph4 ber-aggregat bersama menggumpal curdling. sama seperti pembikinan yogurt tairu.",37
1763575648965247480,"When susu &amp; jeruk dicampur bakal menggumpal gini susunya. Asam di jeruk ngaruh ke protein di susu, jadi menggumpal. Ada dampaknya, mungkin baiknya gadi campur. https://t.co/rqqpJB80ds",Fri Mar 01 14:42:55 +0000 2024,,,270,0,0,1,id,susu protein menggumpal,2026-05-13T14:26:33.382599,twitter,"when susu amp jeruk dicampur bakal menggumpal gini susunya. asam di jeruk ngaruh ke protein di susu, jadi menggumpal. ada dampaknya, mungkin baiknya gadi campur.","when susu amp jeruk dicampur bakal menggumpal gini susunya. asam jeruk ngaruh protein susu, jadi menggumpal. dampaknya, mungkin baiknya gadi campur.",25
1762106730778161225,"Cara bikin ricotta sbnrnya simple. Panasin susu, kasih garem, kalo udh berbuih matiin api. Masukin air lemon sampe protein susunya menggumpal. Kalo gumpalannya msh dikit dan susunya msh putih, tambahin lg aja air lemonnya. Caranya kurleb kayak gini https://t.co/r10oBiiu7e",Mon Feb 26 13:25:57 +0000 2024,,,952,4,0,1,id,susu protein menggumpal,2026-05-13T14:26:33.382602,twitter,"cara bikin ricotta sbnrnya simple. panasin susu, kasih garem, kalo sudah berbuih matiin api. masukin air lemon sampe protein susunya menggumpal. kalo gumpalannya msh dikit dan susunya msh putih, tambahin lagi aja air lemonnya. caranya kurleb kayak gini","cara bikin ricotta sbnrnya simple. panasin susu, kasih garem, kalo berbuih matiin api. masukin air lemon sampe protein susunya menggumpal. kalo gumpalannya msh dikit susunya msh putih, tambahin lagi aja air lemonnya. caranya kurleb kayak gini",38
1760582939799355835,@luculucuaaan Vitamin C nya gak diserap optimal oleh tubuh. Reaksi protein susu dengan vit c bikin susu menggumpal dan mengurangi penyerapan vit c di tubuh.,Thu Feb 22 08:30:57 +0000 2024,,,61,0,0,0,id,susu protein menggumpal,2026-05-13T14:26:33.382606,twitter,vitamin c nya tidak diserap optimal oleh tubuh. reaksi protein susu dengan vit c bikin susu menggumpal dan mengurangi penyerapan vit c di tubuh.,vitamin c nya tidak diserap optimal oleh tubuh. reaksi protein susu vit c bikin susu menggumpal mengurangi penyerapan vit c tubuh.,24
1760540876672274799,@luculucuaaan kandungan asam yg ada di vitamin c bisa buat protein yg terkandung di dalam susu menggumpal dong kalo gini😅,Thu Feb 22 05:43:48 +0000 2024,,,1762,1,0,0,id,susu protein menggumpal,2026-05-13T14:26:33.382610,twitter,kandungan asam yang ada di vitamin c bisa buat protein yang terkandung di dalam susu menggumpal kalo gini,kandungan asam vitamin c bisa buat protein terkandung susu menggumpal kalo gini,18
1692524020279967883,"Kenapa bisa begini? pada kasus ini kemungkinan adanya penyimpanan yg salah, kemasan rusak, kalo susu disimpan jangka lama terutama kalo sudah melewati masa kadaluarsanya, protein ini dapat rusak dan menggumpal kemudian basi. https://t.co/wXHK8l4mLy",Fri Aug 18 13:09:06 +0000 2023,,,374,12,3,2,id,susu protein menggumpal,2026-05-13T14:26:36.688659,twitter,"kenapa bisa begini? pada kasus ini kemungkinan adanya penyimpanan yang salah, kemasan rusak, kalo susu disimpan jangka lama terutama kalo sudah melewati masa kadaluarsanya, protein ini dapat rusak dan menggumpal kemudian basi.","kenapa bisa begini? kasus kemungkinan adanya penyimpanan salah, kemasan rusak, kalo susu disimpan jangka lama terutama kalo melewati masa kadaluarsanya, protein dapat rusak menggumpal kemudian basi.",32
1682668831431626752,@tanyakanrl Protein susu menggumpal nder kena jeruk,Sat Jul 22 08:28:06 +0000 2023,,,4372,0,0,0,id,susu protein menggumpal,2026-05-13T14:26:36.688728,twitter,protein susu menggumpal nder kena jeruk,protein susu menggumpal nder kena jeruk,6
1682585122753875968,"@tanyakanrl Aku pernah bikin nder. Pake susu bubuk si dikasih jeruk nipis, emang menggumpal si protein nya gegara asam yg di jeruk. Tapi aman si aku gakenapa2, gaberacun sampe meninggal kok. Paling kalo kamu gatawar jadi sakit perut aja.",Sat Jul 22 02:55:28 +0000 2023,,,38,0,0,0,id,susu protein menggumpal,2026-05-13T14:26:36.688731,twitter,"aku pernah bikin nder. pake susu bubuk si dikasih jeruk nipis, emang menggumpal si protein nya gegara asam yang di jeruk. tapi aman si aku gakenapa2, gaberacun sampe meninggal kok. paling kalo kamu gatawar jadi sakit perut aja.","pernah bikin nder. pake susu bubuk si dikasih jeruk nipis, emang menggumpal si protein nya gegara asam jeruk. tapi aman si gakenapa2, gaberacun sampe meninggal kok. paling kalo gatawar jadi sakit perut aja.",38
1682581760121643010,@tanyakanrl Selain kerusakan protein karena asam. Ada instilahnya inhibitor nder yaitu menghambat laju reaksi. Jadi susu (kalsium) ini sifatnya inhibitor terhadap jeruk (vit.c) karena itu dia menggumpal karena zatnya rusak. Sama halnya dengan makan daging gaboleh berbarengan dengan minum teh,Sat Jul 22 02:42:07 +0000 2023,,,426,0,0,0,id,susu protein menggumpal,2026-05-13T14:26:36.688734,twitter,selain kerusakan protein karena asam. ada instilahnya inhibitor nder yaitu menghambat laju reaksi. jadi susu kalsium ini sifatnya inhibitor terhadap jeruk vit.c karena itu dia menggumpal karena zatnya rusak. sama halnya dengan makan daging gaboleh berbarengan dengan minum teh,selain kerusakan protein karena asam. instilahnya inhibitor nder yaitu menghambat laju reaksi. jadi susu kalsium sifatnya inhibitor terhadap jeruk vit.c karena menggumpal karena zatnya rusak. sama halnya makan daging gaboleh berbarengan minum teh,39
1682574907144798208,"@tanyakanrl Itu normal, protein susu akan menggumpal klo kena asam. Proses pembuatan keju jg sama kaya gitu.",Sat Jul 22 02:14:53 +0000 2023,,,203,0,0,0,id,susu protein menggumpal,2026-05-13T14:26:36.688737,twitter,"itu normal, protein susu akan menggumpal klo kena asam. proses pembuatan keju juga sama kayak gitu.","normal, protein susu menggumpal klo kena asam. proses pembuatan keju sama kayak gitu.",16
1682530487607373825,"@tanyakanrl klo tdk salah
asam dri jeruk tu memecah protein dalam susu, makanya jdiny menggumpal gituu",Fri Jul 21 23:18:22 +0000 2023,,,167,0,0,0,id,susu protein menggumpal,2026-05-13T14:26:36.688741,twitter,"klo tidak salah asam dri jeruk tu memecah protein dalam susu, makanya jdiny menggumpal gituu","klo tidak salah asam dri jeruk tu memecah protein susu, makanya jdiny menggumpal gituu",15
1682430232631050247,"@tanyakanrl Susu itu ada banyak molekul2nya nder, termasuk protein. Protein ini punya titik isoelektrik, dimana pada keasaman tertentu akan memecah dan menggumpal. Makanya segala sesuatu yang bersusu kalo dikasi asam bakal mecah. Tapi bisa dikocok bentar trs nyatu lagi kok.",Fri Jul 21 16:40:00 +0000 2023,,,51,13,0,1,id,susu protein menggumpal,2026-05-13T14:26:36.688744,twitter,"susu itu ada banyak molekul2nya nder, termasuk protein. protein ini punya titik isoelektrik, dimana pada keasaman tertentu akan memecah dan menggumpal. makanya segala sesuatu yang bersusu kalo dikasi asam bakal mecah. tapi bisa dikocok bentar trs nyatu lagi kok.","susu banyak molekul2nya nder, termasuk protein. protein punya titik isoelektrik, dimana keasaman tertentu memecah menggumpal. makanya segala sesuatu bersusu kalo dikasi asam bakal mecah. tapi bisa dikocok bentar trs nyatu lagi kok.",39
1678588170328506368,"kemarin sok ngide beli whey protein vegan, ternyata pas dicampur susu jadi menggumpal kaya bubur bayi. rasanya pun bikin pen muntah https://t.co/AsBOTZvX6H",Tue Jul 11 02:13:01 +0000 2023,,,915,1,1,0,id,susu protein menggumpal,2026-05-13T14:26:36.688749,twitter,"kemarin sok ngide beli whey protein vegan, ternyata pas dicampur susu jadi menggumpal kayak bubur bayi. rasanya pun bikin pen muntah","kemarin sok ngide beli whey protein vegan, ternyata pas dicampur susu jadi menggumpal kayak bubur bayi. rasanya pun bikin pen muntah",21
1604811607929782272,"@budskiy Ternyata tergantung merk susu protein nya juga, ada beberapa merek yg masih menggumpal gitu setelah di kocok",Mon Dec 19 12:11:17 +0000 2022,,,310,0,0,1,id,susu protein menggumpal,2026-05-13T14:26:36.688751,twitter,"ternyata tergantung merk susu protein nya juga, ada beberapa merek yang masih menggumpal gitu setelah di kocok","ternyata tergantung merk susu protein nya juga, beberapa merek masih menggumpal gitu setelah kocok",17
1574572384161779712,"ada juga yg model Low Temperature-Long Time (LTLT), dipanasin dengan suhu 60°C selama 15-30 menit.

Abis searching + mengingat 😀
Komponen susu ada 3, lemak, protein, air. Kalo dipanasin, emulsi ini pecah, trus si protein menggumpal (koagulasi). Si protein kalo dipanasin (-cont)",Tue Sep 27 01:31:25 +0000 2022,,,33,0,0,1,id,susu protein menggumpal,2026-05-13T14:26:36.688754,twitter,"ada juga yang model low temperature-long time ltlt, dipanasin dengan suhu 60c selama 15-30 menit. abis searching mengingat komponen susu ada 3, lemak, protein, air. kalo dipanasin, emulsi ini pecah, trus si protein menggumpal koagulasi. si protein kalo dipanasin -cont","model low temperature-long time ltlt, dipanasin suhu 60c selama 15-30 menit. abis searching mengingat komponen susu 3, lemak, protein, air. kalo dipanasin, emulsi pecah, trus si protein menggumpal koagulasi. si protein kalo dipanasin -cont",40
1532723857039101953,@FOOD_FESS Protein susu kalo kena bahan asam mengandung vit C bakal menggumpal kayaknya. cmiiw,Fri Jun 03 14:00:18 +0000 2022,,,710,2,0,0,id,susu protein menggumpal,2026-05-13T14:26:36.688757,twitter,protein susu kalo kena bahan asam mengandung vit c bakal menggumpal kayaknya. cmiiw,protein susu kalo kena bahan asam mengandung vit c bakal menggumpal kayaknya. cmiiw,13
1507621206559985668,"@sbyfess karena susu mengandung protein yg tinggi dan lemon mengandung asam sitrat. akibatnya susu akan menggumpal dan kedua larutan tsb terpisah 

gampange kaya km sm dee tidak bisa bersatu.",Sat Mar 26 07:31:20 +0000 2022,,,660,4,0,2,id,susu protein menggumpal,2026-05-13T14:26:36.688760,twitter,karena susu mengandung protein yang tinggi dan lemon mengandung asam sitrat. akibatnya susu akan menggumpal dan kedua larutan tsb terpisah gampange kayak km sama dee tidak bisa bersatu.,karena susu mengandung protein tinggi lemon mengandung asam sitrat. akibatnya susu menggumpal kedua larutan tsb terpisah gampange kayak km sama dee tidak bisa bersatu.,28
1502856168661991424,"👨: papa buat susu campur jeruk. Tau apa yg terjadi?
👱‍♀️: ……
👨: menggumpal
👱‍♀️: oiya protein kena asam

Biokimia dasar aja lupa 🤦‍♀️🤦‍♀️🤦‍♀️🤦‍♀️",Sun Mar 13 03:56:46 +0000 2022,,,713,0,0,0,id,susu protein menggumpal,2026-05-13T14:26:36.688763,twitter,papa buat susu campur jeruk. tau apa yang terjadi? menggumpal oiya protein kena asam biokimia dasar aja lupa,papa buat susu campur jeruk. tau apa terjadi? menggumpal oiya protein kena asam biokimia dasar aja lupa,18
1476839567168704513,"@blessinmess @collegemenfess iya setauku gt ce, jd protein dlm susu itu bakal kedenaturasi akibat penyimpanan yg ga kedap udara jd ada pengaruh dri suhu, ph, ama oksigen jg, trs bikin protein susu (kasein) itu bakal ngecapai ph isoelektrik jd dia bakal memadat trs menggumpal gt cmiiw ini seinget aja 🥲",Fri Dec 31 08:56:05 +0000 2021,,,77,4,0,1,id,susu protein menggumpal,2026-05-13T14:26:36.688769,twitter,"iya setauku gt ce, jd protein dlm susu itu bakal kedenaturasi akibat penyimpanan yang tidak kedap udara jd ada pengaruh dri suhu, ph, ama oksigen jg, trs bikin protein susu kasein itu bakal ngecapai ph isoelektrik jd dia bakal memadat trs menggumpal gt cmiiw ini seinget aja","iya setauku gt ce, jd protein dlm susu bakal kedenaturasi akibat penyimpanan tidak kedap udara jd pengaruh dri suhu, ph, ama oksigen jg, trs bikin protein susu kasein bakal ngecapai ph isoelektrik jd bakal memadat trs menggumpal gt cmiiw seinget aja",47
1475135822106017796,@tanyakanrl itu karena protein dalam susu kalo kecampur sama vit c jadinya menggumpal,Sun Dec 26 16:06:01 +0000 2021,,,199,2,0,0,id,susu protein menggumpal,2026-05-13T14:26:36.688772,twitter,itu karena protein dalam susu kalo kecampur sama vit c jadinya menggumpal,karena protein susu kalo kecampur sama vit c jadinya menggumpal,12
1427833901280481280,"@nvarnti_ @FOOD_FESS Susu itukan kandungannya protein dimana sifat protein bisa terdenaturasi karna adanya suhu, jadi menggumpal &amp; mengendap, sukar larut dlm air, sama hal nya dg telur klo di rebus bentuknya jd padat dan menggumpal",Wed Aug 18 03:25:04 +0000 2021,,,575,1,0,0,id,susu protein menggumpal,2026-05-13T14:26:36.688777,twitter,"susu itukan kandungannya protein dimana sifat protein bisa terdenaturasi karna adanya suhu, jadi menggumpal amp mengendap, sukar larut dlm air, sama hal nya dengan telur klo di rebus bentuknya jd padat dan menggumpal","susu itukan kandungannya protein dimana sifat protein bisa terdenaturasi karna adanya suhu, jadi menggumpal amp mengendap, sukar larut dlm air, sama hal nya telur klo rebus bentuknya jd padat menggumpal",33
1427677622876598273,@nvarnti_ @FOOD_FESS Karena di suhu tinggi kandungan protein pada susu bisa rusak dan akhirnya menggumpal kak,Tue Aug 17 17:04:04 +0000 2021,,,724,0,0,0,id,susu protein menggumpal,2026-05-13T14:26:36.688780,twitter,karena di suhu tinggi kandungan protein pada susu bisa rusak dan akhirnya menggumpal kak,karena suhu tinggi kandungan protein susu bisa rusak akhirnya menggumpal kak,14
1422505327115726856,"Ceritanya mau bikin lemon milk, tapi ternyata protein air susu dilasih asam sitrat lemon jadi menggumpal kaya keju, air nya ditinggalin ga boleh masuk geng",Tue Aug 03 10:31:13 +0000 2021,,,189,0,0,0,id,susu protein menggumpal,2026-05-13T14:26:36.688783,twitter,"ceritanya mau bikin lemon milk, tapi ternyata protein air susu dilasih asam sitrat lemon jadi menggumpal kayak keju, air nya ditinggalin tidak boleh masuk geng","ceritanya mau bikin lemon milk, tapi ternyata protein air susu dilasih asam sitrat lemon jadi menggumpal kayak keju, air nya ditinggalin tidak boleh masuk geng",25
1411276300996669441,@KSaryani @singleorigin666 Sebaiknya di kasi jeda lama ya mbak.. Vit c akan membuat protein pada susu menggumpal dan akan sulit di serap tubuh..,Sat Jul 03 10:51:05 +0000 2021,,,115,1,0,0,id,susu protein menggumpal,2026-05-13T14:26:36.688787,twitter,sebaiknya di kasi jeda lama ya mbak.. vit c akan membuat protein pada susu menggumpal dan akan sulit di serap tubuh..,sebaiknya kasi jeda lama ya mbak.. vit c membuat protein susu menggumpal sulit serap tubuh..,21
1411222627889205257,"Banyak sliweran soal susu naga + c1000 atau apalah itu yang katanya bagus buat recovery c0vid 

Bikin gue mikir : 
konsumsi vitamin C yang bersamaan dengan susu bukannya dihindari, karena kandungan asam pada vitamin C dapat membuat protein-protein yang ada dalam susu menggumpal ?",Sat Jul 03 07:17:48 +0000 2021,,,2905,0,0,1,id,susu protein menggumpal,2026-05-13T14:26:36.688790,twitter,"banyak sliweran soal susu naga c1000 atau apalah itu yang katanya bagus buat recovery c0vid bikin gue mikir konsumsi vitamin c yang bersamaan dengan susu bukannya dihindari, karena kandungan asam pada vitamin c dapat membuat protein-protein yang ada dalam susu menggumpal ?","banyak sliweran soal susu naga c1000 atau apalah katanya bagus buat recovery c0vid bikin gue mikir konsumsi vitamin c bersamaan susu bukannya dihindari, karena kandungan asam vitamin c dapat membuat protein-protein susu menggumpal ?",42
1411028001135816704,"So, kalau keduanya dicampur? Protein di susu akan terdenaturasi/terpecah. Kasein-kasein td akan menggumpal dan terjadi pemisahan kasein dengan air. Dari kenampakannya aja udah ga enak. Mau repot-repot minum emang?",Fri Jul 02 18:24:25 +0000 2021,,,0,0,0,1,id,susu protein menggumpal,2026-05-13T14:26:41.146985,twitter,"so, kalau keduanya dicampur? protein di susu akan terdenaturasiterpecah. kasein-kasein td akan menggumpal dan terjadi pemisahan kasein dengan air. dari kenampakannya aja sudah tidak enak. mau repot-repot minum emang?","so, kalau keduanya dicampur? protein susu terdenaturasiterpecah. kasein-kasein td menggumpal terjadi pemisahan kasein air. kenampakannya aja tidak enak. mau repot-repot minum emang?",29
1410877064790495235,"Sebaiknya konsumsi vitamin c yg bersamaan dg susu dihindari, krn kandungan asam pada vitamin c dapat membuat protein protein yg ada dalam susu menggumpal. Hal ini akan membuat terganggunya penyerapan zat zat protein yg terkandung dalam susu tersebut — https://t.co/wayyL5QTSi",Fri Jul 02 08:24:39 +0000 2021,,,6040,3,0,2,id,susu protein menggumpal,2026-05-13T14:26:41.147021,twitter,"sebaiknya konsumsi vitamin c yang bersamaan dengan susu dihindari, karena kandungan asam pada vitamin c dapat membuat protein protein yang ada dalam susu menggumpal. hal ini akan membuat terganggunya penyerapan zat zat protein yang terkandung dalam susu tersebut","sebaiknya konsumsi vitamin c bersamaan susu dihindari, karena kandungan asam vitamin c dapat membuat protein protein susu menggumpal. hal membuat terganggunya penyerapan zat zat protein terkandung susu tersebut",38
1410872066132221953,Protein di susu nya juga bakal menggumpal :(,Fri Jul 02 08:04:47 +0000 2021,,,120,0,0,1,id,susu protein menggumpal,2026-05-13T14:26:41.147025,twitter,protein di susu nya juga bakal menggumpal,protein susu nya bakal menggumpal,7
1410868991891886085,"@myloff_exe @collegemenfess Protein yang terdenaturasi bukannya tetap masi bisa dimakan dan tidak membahayakan ya? Contohnya kek susu yang dikasi air jahe jdi menggumpal, telur yang dimasak cmiiw",Fri Jul 02 07:52:35 +0000 2021,,,74,1,0,1,id,susu protein menggumpal,2026-05-13T14:26:41.147029,twitter,"protein yang terdenaturasi bukannya tetap masi bisa dimakan dan tidak membahayakan ya? contohnya kek susu yang dikasi air jahe jdi menggumpal, telur yang dimasak cmiiw","protein terdenaturasi bukannya tetap masi bisa dimakan tidak membahayakan ya? contohnya kek susu dikasi air jahe jdi menggumpal, telur dimasak cmiiw",25
1410857334713192448,Sesat. Kandungan protein di susu jadi menggumpal dan susah diserap oleh tubuh dong sayangcu 🙂,Fri Jul 02 07:06:15 +0000 2021,,,135,0,0,0,id,susu protein menggumpal,2026-05-13T14:26:41.147032,twitter,sesat. kandungan protein di susu jadi menggumpal dan susah diserap oleh tubuh sayangcu,sesat. kandungan protein susu jadi menggumpal susah diserap oleh tubuh sayangcu,13
1408635015877988358,"@sbyfess Hai Junaedi, kebutuhan daily vitamin C (untuk org sehat) iku mek 120 mg, sisane ginjalmu sing kerja keras buwak dadi urine, siji maneh ascorbic acid ketemu protein susu iku menggumpal, tapi kayake kowe sedulure ultrmen dadi gapopo",Sat Jun 26 03:55:33 +0000 2021,,,1238,1,0,0,id,susu protein menggumpal,2026-05-13T14:26:41.147036,twitter,"hai junaedi, kebutuhan daily vitamin c untuk orang sehat iku mek 120 mg, sisane ginjalmu sing kerja keras buwak dadi urine, siji maneh ascorbic acid ketemu protein susu iku menggumpal, tapi kayake kowe sedulure ultrmen dadi gapopo","hai junaedi, kebutuhan daily vitamin c orang sehat iku mek 120 mg, sisane ginjalmu sing kerja keras buwak dadi urine, siji maneh ascorbic acid ketemu protein susu iku menggumpal, tapi kayake kowe sedulure ultrmen dadi gapopo",37
1403925959959625733,@dewinuranita18 Sebaiknya jangan bareng minumnya. Kasih jeda beberapa jam. Setahuku asam pada vit C bisa menggumpal kan protein dalam susu,Sun Jun 13 04:03:27 +0000 2021,,,165,0,0,1,id,susu protein menggumpal,2026-05-13T14:26:41.147039,twitter,sebaiknya jangan bareng minumnya. kasih jeda beberapa jam. setahuku asam pada vit c bisa menggumpal kan protein dalam susu,sebaiknya jangan bareng minumnya. kasih jeda beberapa jam. setahuku asam vit c bisa menggumpal kan protein susu,19
1400375799996317706,"yaAllah ada yg minum uc1000 dicampur susu...... gaboleh gitu bestie vit c gaboleh ketemu susu nnti protein susunya menggumpal, ga karuan deh tuh perut lu nanti",Thu Jun 03 08:56:23 +0000 2021,,,523,0,0,2,id,susu protein menggumpal,2026-05-13T14:26:41.147042,twitter,"yaallah ada yang minum uc1000 dicampur susu...... gaboleh gitu bestie vit c gaboleh ketemu susu nnti protein susunya menggumpal, tidak karuan tuh perut lu nanti","yaallah minum uc1000 dicampur susu...... gaboleh gitu bestie vit c gaboleh ketemu susu nnti protein susunya menggumpal, tidak karuan tuh perut lu nanti",25
1393077496912912387,"@FFOODFESS Bisa gtu, itu protein susu yg menggumpal karena pemanasan yg berlebih, biasanya untuk manasin susu gak perlu lama laama dan api yg terlalu besar, biasanya byk yg bilang ""susu pecah"". Selagi rasanya gak asam gak masalah kok, bisa dijadiin opsi bikin olahan lain.",Fri May 14 05:35:32 +0000 2021,,,444,0,0,0,id,susu protein menggumpal,2026-05-13T14:26:41.147045,twitter,"bisa gtu, itu protein susu yang menggumpal karena pemanasan yang berlebih, biasanya untuk manasin susu tidak perlu lama laama dan api yang terlalu besar, biasanya banyak yang bilang susu pecah. selagi rasanya tidak asam tidak masalah kok, bisa dijadiin opsi bikin olahan lain.","bisa gtu, protein susu menggumpal karena pemanasan berlebih, biasanya manasin susu tidak perlu lama laama api terlalu besar, biasanya banyak bilang susu pecah. selagi rasanya tidak asam tidak masalah kok, bisa dijadiin opsi bikin olahan lain.",43
1391027982618152960,@schfess Lupa aku nder.. cuma inget kalo protein di susu kalo dikasi asam kek cuka gitu tu bakalan menggumpal... Cmiiw dah lupa anj,Sat May 08 13:51:29 +0000 2021,,,1147,0,0,0,id,susu protein menggumpal,2026-05-13T14:26:41.147048,twitter,lupa aku nder.. cuma inget kalo protein di susu kalo dikasi asam kek cuka gitu tu bakalan menggumpal... cmiiw dah lupa anj,lupa nder.. cuma inget kalo protein susu kalo dikasi asam kek cuka gitu tu bakalan menggumpal... cmiiw dah lupa anj,22
1391019836906491905,@schfess Hai! Simpelnya protein susu bakalan menggumpal kalo terkena asam yaaa!,Sat May 08 13:19:07 +0000 2021,,,353,333,8,3,id,susu protein menggumpal,2026-05-13T14:26:41.147051,twitter,hai! simpelnya protein susu bakalan menggumpal kalo terkena asam yaaa!,hai! simpelnya protein susu bakalan menggumpal kalo terkena asam yaaa!,10
1313860018534449153,"@masakdarurat Jus lemon yang pH-nya rendah menurunkan pH susu. Akibatnya, protein bernama kasein yang ada di susu jadi menggumpal.

Nah, gumpalan inilah yang tadi keliatan disaring itu. Kasein sendiri memang salah satu komponen utama keju.

Source: https://t.co/kRrYjIVOVW",Wed Oct 07 15:13:33 +0000 2020,,,877,91,19,2,id,susu protein menggumpal,2026-05-13T14:26:41.147054,twitter,"jus lemon yang ph-nya rendah menurunkan ph susu. akibatnya, protein bernama kasein yang ada di susu jadi menggumpal. nah, gumpalan inilah yang tadi keliatan disaring itu. kasein sendiri memang salah satu komponen utama keju. source","jus lemon ph-nya rendah menurunkan ph susu. akibatnya, protein bernama kasein susu jadi menggumpal. nah, gumpalan inilah tadi keliatan disaring itu. kasein sendiri memang salah satu komponen utama keju. source",35
1266714327546884097,"@FOODFESS2 Air jeruk (asam) bisa bikin protein susu menggumpal gitu, makanya jd gitu bentuknyaa kaya misah",Sat May 30 12:53:24 +0000 2020,,,374,0,0,0,id,susu protein menggumpal,2026-05-13T14:26:41.147057,twitter,"air jeruk asam bisa bikin protein susu menggumpal gitu, makanya jd gitu bentuknyaa kayak misah","air jeruk asam bisa bikin protein susu menggumpal gitu, makanya jd gitu bentuknyaa kayak misah",15
1264703960503312384,"@FOODFESS2 Jangan diminum nder wkwk. Itu kamu udah bikin bakal keju 😂

Soda sifatnya asam, kalo kamu campur ke susu, protein susu yang tadinya kesebar rata di dalam air breakdown lalu menggumpal. Jadi kepisah sama airnya... 
Cmiiw ya ini kalo ada yang lebih ngerti kimia...",Sun May 24 23:44:55 +0000 2020,,,195,20,1,2,id,susu protein menggumpal,2026-05-13T14:26:41.147061,twitter,"jangan diminum nder wkwk. itu kamu sudah bikin bakal keju soda sifatnya asam, kalo kamu campur ke susu, protein susu yang tadinya kesebar rata di dalam air breakdown lalu menggumpal. jadi kepisah sama airnya... cmiiw ya ini kalo ada yang lebih ngerti kimia...","jangan diminum nder wkwk. bikin bakal keju soda sifatnya asam, kalo campur susu, protein susu tadinya kesebar rata air breakdown lalu menggumpal. jadi kepisah sama airnya... cmiiw ya kalo lebih ngerti kimia...",43
1210416918865174528,@FOODFESS2 Tu protein susu nya. Tanin dalam teh ketemu protein bisa menyebabkan protein nya menggumpal gitu loh nder makannya teh pake susu itu tidak dianjurkan karena dapat menurunkan ketetcernaan protein nya,Fri Dec 27 04:27:36 +0000 2019,,,183,56,5,0,id,susu protein menggumpal,2026-05-13T14:26:41.147064,twitter,tu protein susu nya. tanin dalam teh ketemu protein bisa menyebabkan protein nya menggumpal gitu loh nder makannya teh pake susu itu tidak dianjurkan karena dapat menurunkan ketetcernaan protein nya,tu protein susu nya. tanin teh ketemu protein bisa menyebabkan protein nya menggumpal gitu loh nder makannya teh pake susu tidak dianjurkan karena dapat menurunkan ketetcernaan protein nya,30
1203947573997912065,"Tips Agar Kulit Risoles Tidak Pecah
_
1. Gunakan tepung dengan protein sedang. Pastikan kekentalan tepung maksimal dan tidak menggumpal.
2. Gunakanlah susu cair sebagai pengganti air untuk mendapatkan hasil lentur.… https://t.co/hRMuJkzOjA",Mon Dec 09 08:00:44 +0000 2019,,,123,0,0,0,id,susu protein menggumpal,2026-05-13T14:26:41.147067,twitter,tips agar kulit risoles tidak pecah 1. gunakan tepung dengan protein sedang. pastikan kekentalan tepung maksimal dan tidak menggumpal. 2. gunakanlah susu cair sebagai pengganti air untuk mendapatkan hasil lentur.,tips agar kulit risoles tidak pecah 1. gunakan tepung protein sedang. pastikan kekentalan tepung maksimal tidak menggumpal. 2. gunakanlah susu cair sebagai pengganti air mendapatkan hasil lentur.,30
1198633441668915200,"@FOODFESS2 Gaboleh susu + vit c, bakal bikin protein di susu menggumpal dan sulit dicerna",Sun Nov 24 16:04:16 +0000 2019,,,4856,0,0,0,id,susu protein menggumpal,2026-05-13T14:26:41.147070,twitter,"gaboleh susu vit c, bakal bikin protein di susu menggumpal dan sulit dicerna","gaboleh susu vit c, bakal bikin protein susu menggumpal sulit dicerna",13
1198607317329047552,"@FOODFESS2 susu gaboleh dicampur asam, bukan? nanti protein susunya menggumpal, susah dicerna dan diserap tubuh? 😅",Sun Nov 24 14:20:28 +0000 2019,,,1652,0,0,1,id,susu protein menggumpal,2026-05-13T14:26:41.147073,twitter,"susu gaboleh dicampur asam, bukan? nanti protein susunya menggumpal, susah dicerna dan diserap tubuh?","susu gaboleh dicampur asam, bukan? nanti protein susunya menggumpal, susah dicerna diserap tubuh?",14
1194424799482675202,"@gajelazs @Askmenfess Boleh kok susu sama jeruk. Ada jurnalnya gak? Kalo kata dosen saya protein memang menggumpal kalo kena asam, keju juga menggumpal, yoghurt juga. Tapi lambung kita juga kan asam, susu cair masuk lambung langsung menggumpal kena asam lambung",Wed Nov 13 01:20:38 +0000 2019,,,345,0,0,0,id,susu protein menggumpal,2026-05-13T14:26:41.147076,twitter,"boleh kok susu sama jeruk. ada jurnalnya gak? kalo kata dosen saya protein memang menggumpal kalo kena asam, keju juga menggumpal, yoghurt juga. tapi lambung kita juga kan asam, susu cair masuk lambung langsung menggumpal kena asam lambung","boleh kok susu sama jeruk. jurnalnya gak? kalo kata dosen protein memang menggumpal kalo kena asam, keju menggumpal, yoghurt juga. tapi lambung kan asam, susu cair masuk lambung langsung menggumpal kena asam lambung",38
1193860800152080384,@theaddinra @Askmenfess Setau saya sih di lambung juga ada HCl yang bikin protein susu menggumpal ya.  Terus susu sapi juga mengandung vitamin C meskipun dalam kadar yang rendah. Jadi penjelasannya gimana ya kalo susu + jeruk/vit. C bisa menggumpal saat dimakan? Makasih kak hehe,Mon Nov 11 11:59:30 +0000 2019,,,260,4,0,2,id,susu protein menggumpal,2026-05-13T14:26:41.147079,twitter,setau saya di lambung juga ada hcl yang bikin protein susu menggumpal ya. terus susu sapi juga mengandung vitamin c meskipun dalam kadar yang rendah. jadi penjelasannya gimana ya kalo susu jerukvit. c bisa menggumpal saat dimakan? makasih kak,setau lambung hcl bikin protein susu menggumpal ya. terus susu sapi mengandung vitamin c meskipun kadar rendah. jadi penjelasannya gimana ya kalo susu jerukvit. c bisa menggumpal saat dimakan? makasih kak,39
1193823321810300928,"@peselingkuh @bighippota @teletubirr @malu2funky @AnyaQUEENsha @ratnaamayanti @Halfs8an @Askmenfess Denaturasi protein susu oleh asam dari jeruk, kalo protein susunya menggumpal nutrisinya begimana 🙂",Mon Nov 11 09:30:34 +0000 2019,,,596,0,0,0,id,susu protein menggumpal,2026-05-13T14:26:46.189430,twitter,"denaturasi protein susu oleh asam dari jeruk, kalo protein susunya menggumpal nutrisinya begimana","denaturasi protein susu oleh asam jeruk, kalo protein susunya menggumpal nutrisinya begimana",13
1185566866032467969,"Lattenya bagus, namun cepet banget menggumpal (kebalikan susu indo UHT selain diamond yang cepet banget mencair), jadi kudu cepet nuang e kl gk susah banget bikin latte art. Ini koenci ya, biar mudah kandungan protein dan lemak susu mesti pas. Sebenarnya gak esensial kl udah PRO.",Sat Oct 19 14:42:22 +0000 2019,,,623,0,0,1,id,susu protein menggumpal,2026-05-13T14:26:46.189431,twitter,"lattenya bagus, namun cepet banget menggumpal kebalikan susu indo uht selain diamond yang cepet banget mencair, jadi kudu cepet nuang e kl tidak susah banget bikin latte art. ini koenci ya, biar mudah kandungan protein dan lemak susu mesti pas. sebenarnya tidak esensial kl sudah pro.","lattenya bagus, namun cepet banget menggumpal kebalikan susu indo uht selain diamond cepet banget mencair, jadi kudu cepet nuang e kl tidak susah banget bikin latte art. koenci ya, biar mudah kandungan protein lemak susu mesti pas. sebenarnya tidak esensial kl pro.",46
1156104783545061376,"@matengenak Perkembangan mikroorganisme bisa mengganggu pH susu. Kalau pH susu menurun, protein di susu bisa menggumpal dan jadilah kaya gituu. Cmiiw",Tue Jul 30 07:30:34 +0000 2019,,,380,1,0,1,id,susu protein menggumpal,2026-05-13T14:26:46.189433,twitter,"perkembangan mikroorganisme bisa mengganggu ph susu. kalau ph susu menurun, protein di susu bisa menggumpal dan jadilah kayak gituu. cmiiw","perkembangan mikroorganisme bisa mengganggu ph susu. kalau ph susu menurun, protein susu bisa menggumpal jadilah kayak gituu. cmiiw",20
1133233475501273089,"+ mengikat protein susu. Kalau sudah begitu, nanti mereka menggumpal dan membuatmu sakit perut—atau muntah? Aku tidak terlalu ingat yang mana."" @subagjoahae",Tue May 28 04:48:09 +0000 2019,,,25,0,0,0,id,susu protein menggumpal,2026-05-13T14:26:46.189435,twitter,"mengikat protein susu. kalau sudah begitu, nanti mereka menggumpal dan membuatmu sakit perutatau muntah? aku tidak terlalu ingat yang mana.","mengikat protein susu. kalau begitu, nanti menggumpal membuatmu sakit perutatau muntah? tidak terlalu ingat mana.",20
1008265583119364096,"Kasein Yang Membentuk Kira2 80% Dari Protein Terdapat Dalam Susu, Langsung Menggumpal Menjadi Satu Begitu Masuk Lambung.",Sun Jun 17 08:30:22 +0000 2018,,,104,0,0,0,id,susu protein menggumpal,2026-05-13T14:26:46.189437,twitter,"kasein yang membentuk kira2 80 dari protein terdapat dalam susu, langsung menggumpal menjadi satu begitu masuk lambung.","kasein membentuk kira2 80 protein terdapat susu, langsung menggumpal menjadi satu begitu masuk lambung.",17
1005336291112710144,"Kasein Yang Membentuk Kira2 80% Dari Protein Terdapat Dalam Susu, Langsung Menggumpal Menjadi Satu Begitu Masuk Lambung.",Sat Jun 09 06:30:24 +0000 2018,,,112,0,0,0,id,susu protein menggumpal,2026-05-13T14:26:46.189438,twitter,"kasein yang membentuk kira2 80 dari protein terdapat dalam susu, langsung menggumpal menjadi satu begitu masuk lambung.","kasein membentuk kira2 80 protein terdapat susu, langsung menggumpal menjadi satu begitu masuk lambung.",17
1005109786130636801,"Kasein Yang Membentuk Kira2 80% Dari Protein Terdapat Dalam Susu, Langsung Menggumpal Menjadi Satu Begitu Masuk Lambung.",Fri Jun 08 15:30:21 +0000 2018,,,111,0,0,0,id,susu protein menggumpal,2026-05-13T14:26:46.189440,twitter,"kasein yang membentuk kira2 80 dari protein terdapat dalam susu, langsung menggumpal menjadi satu begitu masuk lambung.","kasein membentuk kira2 80 protein terdapat susu, langsung menggumpal menjadi satu begitu masuk lambung.",17
1002958103610978304,"Kasein Yang Membentuk Kira2 80% Dari Protein Terdapat Dalam Susu, Langsung Menggumpal Menjadi Satu Begitu Masuk Lambung.",Sat Jun 02 17:00:20 +0000 2018,,,104,0,0,0,id,susu protein menggumpal,2026-05-13T14:26:46.189442,twitter,"kasein yang membentuk kira2 80 dari protein terdapat dalam susu, langsung menggumpal menjadi satu begitu masuk lambung.","kasein membentuk kira2 80 protein terdapat susu, langsung menggumpal menjadi satu begitu masuk lambung.",17
1000277981820895233,"Kasein Yang Membentuk Kira2 80% Dari Protein Terdapat Dalam Susu, Langsung Menggumpal Menjadi Satu Begitu Masuk Lambung.",Sat May 26 07:30:29 +0000 2018,,,112,0,0,0,id,susu protein menggumpal,2026-05-13T14:26:46.189443,twitter,"kasein yang membentuk kira2 80 dari protein terdapat dalam susu, langsung menggumpal menjadi satu begitu masuk lambung.","kasein membentuk kira2 80 protein terdapat susu, langsung menggumpal menjadi satu begitu masuk lambung.",17
1000051464465670145,"Kasein Yang Membentuk Kira2 80% Dari Protein Terdapat Dalam Susu, Langsung Menggumpal Menjadi Satu Begitu Masuk Lambung.",Fri May 25 16:30:23 +0000 2018,,,111,0,0,0,id,susu protein menggumpal,2026-05-13T14:26:46.189445,twitter,"kasein yang membentuk kira2 80 dari protein terdapat dalam susu, langsung menggumpal menjadi satu begitu masuk lambung.","kasein membentuk kira2 80 protein terdapat susu, langsung menggumpal menjadi satu begitu masuk lambung.",17
997537387789012992,"Kasein Yang Membentuk Kira2 80% Dari Protein Terdapat Dalam Susu, Langsung Menggumpal Menjadi Satu Begitu Masuk Lambung.",Fri May 18 18:00:21 +0000 2018,,,104,0,0,0,id,susu protein menggumpal,2026-05-13T14:26:46.189447,twitter,"kasein yang membentuk kira2 80 dari protein terdapat dalam susu, langsung menggumpal menjadi satu begitu masuk lambung.","kasein membentuk kira2 80 protein terdapat susu, langsung menggumpal menjadi satu begitu masuk lambung.",17
995061081310613504,"Kasein Yang Membentuk Kira2 80% Dari Protein Terdapat Dalam Susu, Langsung Menggumpal Menjadi Satu Begitu Masuk Lambung.",Fri May 11 22:00:23 +0000 2018,,,112,0,0,0,id,susu protein menggumpal,2026-05-13T14:26:46.189448,twitter,"kasein yang membentuk kira2 80 dari protein terdapat dalam susu, langsung menggumpal menjadi satu begitu masuk lambung.","kasein membentuk kira2 80 protein terdapat susu, langsung menggumpal menjadi satu begitu masuk lambung.",17
994834692217212928,"Kasein Yang Membentuk Kira2 80% Dari Protein Terdapat Dalam Susu, Langsung Menggumpal Menjadi Satu Begitu Masuk Lambung.",Fri May 11 07:00:48 +0000 2018,,,111,0,0,0,id,susu protein menggumpal,2026-05-13T14:26:46.189450,twitter,"kasein yang membentuk kira2 80 dari protein terdapat dalam susu, langsung menggumpal menjadi satu begitu masuk lambung.","kasein membentuk kira2 80 protein terdapat susu, langsung menggumpal menjadi satu begitu masuk lambung.",17
992207338693013505,"Kasein Yang Membentuk Kira2 80% Dari Protein Terdapat Dalam Susu, Langsung Menggumpal Menjadi Satu Begitu Masuk Lambung.",Fri May 04 01:00:38 +0000 2018,,,104,0,0,0,id,susu protein menggumpal,2026-05-13T14:26:46.189452,twitter,"kasein yang membentuk kira2 80 dari protein terdapat dalam susu, langsung menggumpal menjadi satu begitu masuk lambung.","kasein membentuk kira2 80 protein terdapat susu, langsung menggumpal menjadi satu begitu masuk lambung.",17
990025419310026752,"Kasein Yang Membentuk Kira2 80% Dari Protein Terdapat Dalam Susu, Langsung Menggumpal Menjadi Satu Begitu Masuk Lambung.",Sat Apr 28 00:30:28 +0000 2018,,,112,0,0,0,id,susu protein menggumpal,2026-05-13T14:26:47.147995,twitter,"kasein yang membentuk kira2 80 dari protein terdapat dalam susu, langsung menggumpal menjadi satu begitu masuk lambung.","kasein membentuk kira2 80 protein terdapat susu, langsung menggumpal menjadi satu begitu masuk lambung.",17
989798909433147393,"Kasein Yang Membentuk Kira2 80% Dari Protein Terdapat Dalam Susu, Langsung Menggumpal Menjadi Satu Begitu Masuk Lambung.",Fri Apr 27 09:30:24 +0000 2018,,,111,0,0,0,id,susu protein menggumpal,2026-05-13T14:26:47.148014,twitter,"kasein yang membentuk kira2 80 dari protein terdapat dalam susu, langsung menggumpal menjadi satu begitu masuk lambung.","kasein membentuk kira2 80 protein terdapat susu, langsung menggumpal menjadi satu begitu masuk lambung.",17
986892323651862528,"Kasein Yang Membentuk Kira2 80% Dari Protein Terdapat Dalam Susu, Langsung Menggumpal Menjadi Satu Begitu Masuk Lambung.",Thu Apr 19 09:00:40 +0000 2018,,,104,0,0,0,id,susu protein menggumpal,2026-05-13T14:26:47.148017,twitter,"kasein yang membentuk kira2 80 dari protein terdapat dalam susu, langsung menggumpal menjadi satu begitu masuk lambung.","kasein membentuk kira2 80 protein terdapat susu, langsung menggumpal menjadi satu begitu masuk lambung.",17
984959654613716993,"Kasein Yang Membentuk Kira2 80% Dari Protein Terdapat Dalam Susu, Langsung Menggumpal Menjadi Satu Begitu Masuk Lambung.",Sat Apr 14 01:00:55 +0000 2018,,,112,0,0,0,id,susu protein menggumpal,2026-05-13T14:26:47.148019,twitter,"kasein yang membentuk kira2 80 dari protein terdapat dalam susu, langsung menggumpal menjadi satu begitu masuk lambung.","kasein membentuk kira2 80 protein terdapat susu, langsung menggumpal menjadi satu begitu masuk lambung.",17
984733104001593344,"Kasein Yang Membentuk Kira2 80% Dari Protein Terdapat Dalam Susu, Langsung Menggumpal Menjadi Satu Begitu Masuk Lambung.",Fri Apr 13 10:00:42 +0000 2018,,,111,0,0,0,id,susu protein menggumpal,2026-05-13T14:26:47.148021,twitter,"kasein yang membentuk kira2 80 dari protein terdapat dalam susu, langsung menggumpal menjadi satu begitu masuk lambung.","kasein membentuk kira2 80 protein terdapat susu, langsung menggumpal menjadi satu begitu masuk lambung.",17
981607432488067072,"Kasein Yang Membentuk Kira2 80% Dari Protein Terdapat Dalam Susu, Langsung Menggumpal Menjadi Satu Begitu Masuk Lambung.",Wed Apr 04 19:00:23 +0000 2018,,,104,0,0,0,id,susu protein menggumpal,2026-05-13T14:26:47.148023,twitter,"kasein yang membentuk kira2 80 dari protein terdapat dalam susu, langsung menggumpal menjadi satu begitu masuk lambung.","kasein membentuk kira2 80 protein terdapat susu, langsung menggumpal menjadi satu begitu masuk lambung.",17
979923847968210944,"Kasein Yang Membentuk Kira2 80% Dari Protein Terdapat Dalam Susu, Langsung Menggumpal Menjadi Satu Begitu Masuk Lambung.",Sat Mar 31 03:30:26 +0000 2018,,,112,0,0,0,id,susu protein menggumpal,2026-05-13T14:26:47.148025,twitter,"kasein yang membentuk kira2 80 dari protein terdapat dalam susu, langsung menggumpal menjadi satu begitu masuk lambung.","kasein membentuk kira2 80 protein terdapat susu, langsung menggumpal menjadi satu begitu masuk lambung.",17
979697347075588096,"Kasein Yang Membentuk Kira2 80% Dari Protein Terdapat Dalam Susu, Langsung Menggumpal Menjadi Satu Begitu Masuk Lambung.",Fri Mar 30 12:30:24 +0000 2018,,,111,0,0,0,id,susu protein menggumpal,2026-05-13T14:26:47.148027,twitter,"kasein yang membentuk kira2 80 dari protein terdapat dalam susu, langsung menggumpal menjadi satu begitu masuk lambung.","kasein membentuk kira2 80 protein terdapat susu, langsung menggumpal menjadi satu begitu masuk lambung.",17
976322698396618753,"Kasein Yang Membentuk Kira2 80% Dari Protein Terdapat Dalam Susu, Langsung Menggumpal Menjadi Satu Begitu Masuk Lambung.",Wed Mar 21 05:00:45 +0000 2018,,,104,0,0,0,id,susu protein menggumpal,2026-05-13T14:26:47.148028,twitter,"kasein yang membentuk kira2 80 dari protein terdapat dalam susu, langsung menggumpal menjadi satu begitu masuk lambung.","kasein membentuk kira2 80 protein terdapat susu, langsung menggumpal menjadi satu begitu masuk lambung.",17
974888252392947714,"Kasein Yang Membentuk Kira2 80% Dari Protein Terdapat Dalam Susu, Langsung Menggumpal Menjadi Satu Begitu Masuk Lambung.",Sat Mar 17 06:00:46 +0000 2018,,,112,0,0,0,id,susu protein menggumpal,2026-05-13T14:26:47.148030,twitter,"kasein yang membentuk kira2 80 dari protein terdapat dalam susu, langsung menggumpal menjadi satu begitu masuk lambung.","kasein membentuk kira2 80 protein terdapat susu, langsung menggumpal menjadi satu begitu masuk lambung.",17
974661668645949440,"Kasein Yang Membentuk Kira2 80% Dari Protein Terdapat Dalam Susu, Langsung Menggumpal Menjadi Satu Begitu Masuk Lambung.",Fri Mar 16 15:00:24 +0000 2018,,,111,0,0,0,id,susu protein menggumpal,2026-05-13T14:26:47.148032,twitter,"kasein yang membentuk kira2 80 dari protein terdapat dalam susu, langsung menggumpal menjadi satu begitu masuk lambung.","kasein membentuk kira2 80 protein terdapat susu, langsung menggumpal menjadi satu begitu masuk lambung.",17
971037920068100096,"Kasein Yang Membentuk Kira2 80% Dari Protein Terdapat Dalam Susu, Langsung Menggumpal Menjadi Satu Begitu Masuk Lambung.",Tue Mar 06 15:00:55 +0000 2018,,,104,0,0,0,id,susu protein menggumpal,2026-05-13T14:26:47.148034,twitter,"kasein yang membentuk kira2 80 dari protein terdapat dalam susu, langsung menggumpal menjadi satu begitu masuk lambung.","kasein membentuk kira2 80 protein terdapat susu, langsung menggumpal menjadi satu begitu masuk lambung.",17
969852482959523840,"Kasein Yang Membentuk Kira2 80% Dari Protein Terdapat Dalam Susu, Langsung Menggumpal Menjadi Satu Begitu Masuk Lambung.",Sat Mar 03 08:30:25 +0000 2018,,,112,0,0,0,id,susu protein menggumpal,2026-05-13T14:26:47.148035,twitter,"kasein yang membentuk kira2 80 dari protein terdapat dalam susu, langsung menggumpal menjadi satu begitu masuk lambung.","kasein membentuk kira2 80 protein terdapat susu, langsung menggumpal menjadi satu begitu masuk lambung.",17
969625974655549440,"Kasein Yang Membentuk Kira2 80% Dari Protein Terdapat Dalam Susu, Langsung Menggumpal Menjadi Satu Begitu Masuk Lambung.",Fri Mar 02 17:30:21 +0000 2018,,,111,0,0,0,id,susu protein menggumpal,2026-05-13T14:26:47.148037,twitter,"kasein yang membentuk kira2 80 dari protein terdapat dalam susu, langsung menggumpal menjadi satu begitu masuk lambung.","kasein membentuk kira2 80 protein terdapat susu, langsung menggumpal menjadi satu begitu masuk lambung.",17
965609544465313792,"Kasein Yang Membentuk Kira2 80% Dari Protein Terdapat Dalam Susu, Langsung Menggumpal Menjadi Satu Begitu Masuk Lambung.",Mon Feb 19 15:30:30 +0000 2018,,,104,0,0,0,id,susu protein menggumpal,2026-05-13T14:26:47.148039,twitter,"kasein yang membentuk kira2 80 dari protein terdapat dalam susu, langsung menggumpal menjadi satu begitu masuk lambung.","kasein membentuk kira2 80 protein terdapat susu, langsung menggumpal menjadi satu begitu masuk lambung.",17
964673383047733249,"Kasein Yang Membentuk Kira2 80% Dari Protein Terdapat Dalam Susu, Langsung Menggumpal Menjadi Satu Begitu Masuk Lambung.",Sat Feb 17 01:30:31 +0000 2018,,,112,0,0,0,id,susu protein menggumpal,2026-05-13T14:26:47.148041,twitter,"kasein yang membentuk kira2 80 dari protein terdapat dalam susu, langsung menggumpal menjadi satu begitu masuk lambung.","kasein membentuk kira2 80 protein terdapat susu, langsung menggumpal menjadi satu begitu masuk lambung.",17
964446872977854464,"Kasein Yang Membentuk Kira2 80% Dari Protein Terdapat Dalam Susu, Langsung Menggumpal Menjadi Satu Begitu Masuk Lambung.",Fri Feb 16 10:30:27 +0000 2018,,,111,0,0,0,id,susu protein menggumpal,2026-05-13T14:26:47.148044,twitter,"kasein yang membentuk kira2 80 dari protein terdapat dalam susu, langsung menggumpal menjadi satu begitu masuk lambung.","kasein membentuk kira2 80 protein terdapat susu, langsung menggumpal menjadi satu begitu masuk lambung.",17
960324725175037953,"Kasein Yang Membentuk Kira2 80% Dari Protein Terdapat Dalam Susu, Langsung Menggumpal Menjadi Satu Begitu Masuk Lambung.",Mon Feb 05 01:30:31 +0000 2018,,,104,0,0,0,id,susu protein menggumpal,2026-05-13T14:26:47.148045,twitter,"kasein yang membentuk kira2 80 dari protein terdapat dalam susu, langsung menggumpal menjadi satu begitu masuk lambung.","kasein membentuk kira2 80 protein terdapat susu, langsung menggumpal menjadi satu begitu masuk lambung.",17
959637743138586624,"Kasein Yang Membentuk Kira2 80% Dari Protein Terdapat Dalam Susu, Langsung Menggumpal Menjadi Satu Begitu Masuk Lambung.",Sat Feb 03 04:00:41 +0000 2018,,,112,0,0,0,id,susu protein menggumpal,2026-05-13T14:26:47.148047,twitter,"kasein yang membentuk kira2 80 dari protein terdapat dalam susu, langsung menggumpal menjadi satu begitu masuk lambung.","kasein membentuk kira2 80 protein terdapat susu, langsung menggumpal menjadi satu begitu masuk lambung.",17
959411258775674880,"Kasein Yang Membentuk Kira2 80% Dari Protein Terdapat Dalam Susu, Langsung Menggumpal Menjadi Satu Begitu Masuk Lambung.",Fri Feb 02 13:00:43 +0000 2018,,,111,0,0,0,id,susu protein menggumpal,2026-05-13T14:26:47.148049,twitter,"kasein yang membentuk kira2 80 dari protein terdapat dalam susu, langsung menggumpal menjadi satu begitu masuk lambung.","kasein membentuk kira2 80 protein terdapat susu, langsung menggumpal menjadi satu begitu masuk lambung.",17
955039902516756480,"Kasein Yang Membentuk Kira2 80% Dari Protein Terdapat Dalam Susu, Langsung Menggumpal Menjadi Satu Begitu Masuk Lambung.",Sun Jan 21 11:30:31 +0000 2018,,,104,0,0,0,id,susu protein menggumpal,2026-05-13T14:26:52.663315,twitter,"kasein yang membentuk kira2 80 dari protein terdapat dalam susu, langsung menggumpal menjadi satu begitu masuk lambung.","kasein membentuk kira2 80 protein terdapat susu, langsung menggumpal menjadi satu begitu masuk lambung.",17
954602011596488705,"Kasein Yang Membentuk Kira2 80% Dari Protein Terdapat Dalam Susu, Langsung Menggumpal Menjadi Satu Begitu Masuk Lambung.",Sat Jan 20 06:30:29 +0000 2018,,,112,0,0,0,id,susu protein menggumpal,2026-05-13T14:26:52.663330,twitter,"kasein yang membentuk kira2 80 dari protein terdapat dalam susu, langsung menggumpal menjadi satu begitu masuk lambung.","kasein membentuk kira2 80 protein terdapat susu, langsung menggumpal menjadi satu begitu masuk lambung.",17
954375517586640897,"Kasein Yang Membentuk Kira2 80% Dari Protein Terdapat Dalam Susu, Langsung Menggumpal Menjadi Satu Begitu Masuk Lambung.",Fri Jan 19 15:30:29 +0000 2018,,,111,0,0,0,id,susu protein menggumpal,2026-05-13T14:26:52.663332,twitter,"kasein yang membentuk kira2 80 dari protein terdapat dalam susu, langsung menggumpal menjadi satu begitu masuk lambung.","kasein membentuk kira2 80 protein terdapat susu, langsung menggumpal menjadi satu begitu masuk lambung.",17
949755060463976448,"Kasein Yang Membentuk Kira2 80% Dari Protein Terdapat Dalam Susu, Langsung Menggumpal Menjadi Satu Begitu Masuk Lambung.",Sat Jan 06 21:30:26 +0000 2018,,,104,0,0,0,id,susu protein menggumpal,2026-05-13T14:26:52.663334,twitter,"kasein yang membentuk kira2 80 dari protein terdapat dalam susu, langsung menggumpal menjadi satu begitu masuk lambung.","kasein membentuk kira2 80 protein terdapat susu, langsung menggumpal menjadi satu begitu masuk lambung.",17
949566389810970624,"Kasein Yang Membentuk Kira2 80% Dari Protein Terdapat Dalam Susu, Langsung Menggumpal Menjadi Satu Begitu Masuk Lambung.",Sat Jan 06 09:00:44 +0000 2018,,,112,0,0,0,id,susu protein menggumpal,2026-05-13T14:26:52.663336,twitter,"kasein yang membentuk kira2 80 dari protein terdapat dalam susu, langsung menggumpal menjadi satu begitu masuk lambung.","kasein membentuk kira2 80 protein terdapat susu, langsung menggumpal menjadi satu begitu masuk lambung.",17
949339806823202816,"Kasein Yang Membentuk Kira2 80% Dari Protein Terdapat Dalam Susu, Langsung Menggumpal Menjadi Satu Begitu Masuk Lambung.",Fri Jan 05 18:00:22 +0000 2018,,,111,0,0,0,id,susu protein menggumpal,2026-05-13T14:26:52.663338,twitter,"kasein yang membentuk kira2 80 dari protein terdapat dalam susu, langsung menggumpal menjadi satu begitu masuk lambung.","kasein membentuk kira2 80 protein terdapat susu, langsung menggumpal menjadi satu begitu masuk lambung.",17
2018195981909852656,"oh ternyata whey protein mahal dibanding yang murah selain beda komposisi, beda juga kemudahan larutnya. tried 3 different brands so far, pr*vus, fitl*fe, and now ev*lene. merk kedua susah bgt buat larut euy meanwhile merk 1 &amp; 3 (apalagi 3) gampang bgt",Mon Feb 02 05:33:13 +0000 2026,,,707,4,0,1,id,whey protein susah larut,2026-05-13T14:27:14.352060,twitter,"oh ternyata whey protein mahal dibanding yang murah selain beda komposisi, beda juga kemudahan larutnya. tried 3 different brands so far, prvus, fitlfe, and now evlene. merk kedua susah banget buat larut euy meanwhile merk 1 amp 3 apalagi 3 gampang banget","oh ternyata whey protein mahal dibanding murah selain beda komposisi, beda kemudahan larutnya. tried 3 different brands far, prvus, fitlfe, and now evlene. merk kedua susah banget buat larut euy meanwhile merk 1 amp 3 apalagi 3 gampang banget",42
1727856883258765542,"Gw masih kurang paham kenapa belakangan anak gym banyak bawa electric blender bottle.. padahal cuma kocok whey protein doang, ga pake dicampur buah2an.

Like.. itu barang lebih berat dibawa2, lebih susah dibersihin, musti di charge, dan lebih mahal. Yg lu kocok jg whey isolate yg",Fri Nov 24 01:09:17 +0000 2023,,,10402,1,0,10,id,whey protein susah larut,2026-05-13T14:27:05.446859,twitter,"gw masih kurang paham kenapa belakangan anak gym banyak bawa electric blender bottle.. padahal cuma kocok whey protein doang, tidak pake dicampur buah2an. like.. itu barang lebih berat dibawa2, lebih susah dibersihin, musti di charge, dan lebih mahal. yang lu kocok juga whey isolate yang","gw masih kurang paham kenapa belakangan anak gym banyak bawa electric blender bottle.. padahal cuma kocok whey protein doang, tidak pake dicampur buah2an. like.. barang lebih berat dibawa2, lebih susah dibersihin, musti charge, lebih mahal. lu kocok whey isolate",45
1537395109473308674,kenapa ya whey protein susah banget larut 😫,Thu Jun 16 11:22:12 +0000 2022,,,3478,0,0,0,id,whey protein susah larut,2026-05-13T14:27:14.352078,twitter,kenapa ya whey protein susah banget larut,kenapa ya whey protein susah banget larut,7
1467052740790476800,"Supaya whey protein mu tidak menggumpal dan tetap enak diminum, coba tips berikut ini:
Gunakan air dingin, tapi bukan air es. Air yang terlalu dingin malah membuat whey protein susah larut. Half hot water and half cold water will do the trick bro!",Sat Dec 04 08:46:44 +0000 2021,,,572247,6,1,1,id,whey protein susah larut,2026-05-13T14:27:14.352082,twitter,"supaya whey protein mu tidak menggumpal dan tetap enak diminum, coba tips berikut ini gunakan air dingin, tapi bukan air es. air yang terlalu dingin malah membuat whey protein susah larut. half hot water and half cold water will do the trick bro!","supaya whey protein mu tidak menggumpal tetap enak diminum, coba tips berikut gunakan air dingin, tapi bukan air es. air terlalu dingin malah membuat whey protein susah larut. half hot water and half cold water trick bro!",43
681053194370330624,"Ada yg pernah seduh susu protein dgn air panas ? Pada suhu panas, whey protein akan menggumpal dan susah larut.  #protein",Sun Dec 27 10:05:09 +0000 2015,,,572247,3,14,1,id,whey protein susah larut,2026-05-13T14:27:14.352086,twitter,"ada yang pernah seduh susu protein dengan air panas ? pada suhu panas, whey protein akan menggumpal dan susah larut. protein","pernah seduh susu protein air panas ? suhu panas, whey protein menggumpal susah larut. protein",21
581622088567549952,"Masih seputar whey protein, namun saat dikonsumsi seringkali menggumpal dan susah larut?",Sat Mar 28 01:01:26 +0000 2015,,,572247,0,8,0,id,whey protein susah larut,2026-05-13T14:27:14.352089,twitter,"masih seputar whey protein, namun saat dikonsumsi seringkali menggumpal dan susah larut?","masih seputar whey protein, namun saat dikonsumsi seringkali menggumpal susah larut?",12
519741960169353216,"RT @LMen: Ada yg pernah seduh susu protein dgn air panas ? Pada suhu panas, whey protein akan menggumpal dan susah larut. :) #protein",Wed Oct 08 06:51:54 +0000 2014,,,455,1,0,0,id,whey protein susah larut,2026-05-13T14:27:14.352092,twitter,"rt ada yang pernah seduh susu protein dengan air panas ? pada suhu panas, whey protein akan menggumpal dan susah larut. protein","rt pernah seduh susu protein air panas ? suhu panas, whey protein menggumpal susah larut. protein",22
519480780574048258,"RT ""@LMen: Ada yg pernah seduh susu protein dgn air panas ? Pada suhu panas, whey protein akan menggumpal dan susah larut. :) #protein""",Tue Oct 07 13:34:04 +0000 2014,,,1148,0,0,0,id,whey protein susah larut,2026-05-13T14:27:14.352095,twitter,"rt ada yang pernah seduh susu protein dengan air panas ? pada suhu panas, whey protein akan menggumpal dan susah larut. protein","rt pernah seduh susu protein air panas ? suhu panas, whey protein menggumpal susah larut. protein",22
519476524655722496,"Iya""@LMen: Ada yg pernah seduh susu protein dgn air panas ? Pada suhu panas, whey protein akan menggumpal dan susah larut. :) #protein""",Tue Oct 07 13:17:09 +0000 2014,,,113,1,0,0,id,whey protein susah larut,2026-05-13T14:27:14.352099,twitter,"iya ada yang pernah seduh susu protein dengan air panas ? pada suhu panas, whey protein akan menggumpal dan susah larut. protein","iya pernah seduh susu protein air panas ? suhu panas, whey protein menggumpal susah larut. protein",22
519474864592531457,"Ada yg pernah seduh susu protein dgn air panas ? Pada suhu panas, whey protein akan menggumpal dan susah larut. :) #protein",Tue Oct 07 13:10:33 +0000 2014,,,572247,2,12,3,id,whey protein susah larut,2026-05-13T14:27:14.352102,twitter,"ada yang pernah seduh susu protein dengan air panas ? pada suhu panas, whey protein akan menggumpal dan susah larut. protein","pernah seduh susu protein air panas ? suhu panas, whey protein menggumpal susah larut. protein",21
370570336137261057,"@LMen Ada yg prnh seduh susu protein dgn air pns? Pd suhu pns, whey protein akan menggumpal susah larut bro!--&gt; +protein rusak terdenaturasi",Thu Aug 22 15:37:07 +0000 2013,,,645,0,0,1,id,whey protein susah larut,2026-05-13T14:27:14.352105,twitter,"ada yang prnh seduh susu protein dengan air pns? pd suhu pns, whey protein akan menggumpal susah larut bro!--gt protein rusak terdenaturasi","prnh seduh susu protein air pns? pd suhu pns, whey protein menggumpal susah larut bro!--gt protein rusak terdenaturasi",22
370548172789006336,"Cc: @Roigen_sumbung ""@LMen: Ada yg prnh seduh susu protein dgn air panas? Pd suhu panas, whey protein akn menggumpal n susah larut bro! :)""",Thu Aug 22 14:09:03 +0000 2013,,,136,0,0,0,id,whey protein susah larut,2026-05-13T14:27:14.352108,twitter,"cc ada yang prnh seduh susu protein dengan air panas? pd suhu panas, whey protein akn menggumpal n susah larut bro!","cc prnh seduh susu protein air panas? pd suhu panas, whey protein akn menggumpal n susah larut bro!",21
370545058006581249,"RT @LMen: Ada yg pernah seduh susu protein dgn air panas ? Pada suhu panas, whey protein akan menggumpal dan susah larut bro! :)""",Thu Aug 22 13:56:40 +0000 2013,,,202,0,0,0,id,whey protein susah larut,2026-05-13T14:27:14.352111,twitter,"rt ada yang pernah seduh susu protein dengan air panas ? pada suhu panas, whey protein akan menggumpal dan susah larut bro!","rt pernah seduh susu protein air panas ? suhu panas, whey protein menggumpal susah larut bro!",22
370541901947998208,"PERNAH RT @LMen: Ada yg pernah seduh susu protein dgn air panas ? Pada suhu panas, whey protein akan menggumpal dan susah larut bro! :)",Thu Aug 22 13:44:08 +0000 2013,,,205,0,0,0,id,whey protein susah larut,2026-05-13T14:27:14.352114,twitter,"pernah rt ada yang pernah seduh susu protein dengan air panas ? pada suhu panas, whey protein akan menggumpal dan susah larut bro!","pernah rt pernah seduh susu protein air panas ? suhu panas, whey protein menggumpal susah larut bro!",23
370539224660848641,":O gw @LMen: Ada yg pernah seduh susu protein dgn air panas ? Pada suhu panas, whey protein akan menggumpal dan susah larut bro! :)""",Thu Aug 22 13:33:30 +0000 2013,,,372,0,0,0,id,whey protein susah larut,2026-05-13T14:27:14.352117,twitter,"o gw ada yang pernah seduh susu protein dengan air panas ? pada suhu panas, whey protein akan menggumpal dan susah larut bro!","o gw pernah seduh susu protein air panas ? suhu panas, whey protein menggumpal susah larut bro!",23
370539043693400064,"Pantesan RT @LMen: Ada yang pernah seduh susu protein dengan air panas? Pada suhu panas, whey protein akan menggumpal dan susah larut bro!",Thu Aug 22 13:32:46 +0000 2013,,,218,0,0,1,id,whey protein susah larut,2026-05-13T14:27:14.352120,twitter,"pantesan rt ada yang pernah seduh susu protein dengan air panas? pada suhu panas, whey protein akan menggumpal dan susah larut bro!","pantesan rt pernah seduh susu protein air panas? suhu panas, whey protein menggumpal susah larut bro!",22
370538633612115970,"Waduh, keliru rek ""@LMen: Ada yg pernah seduh susu protein dgn air panas ? Pada suhu panas, whey protein akan menggumpal dan susah larut",Thu Aug 22 13:31:09 +0000 2013,,,161,0,0,1,id,whey protein susah larut,2026-05-13T14:27:14.352123,twitter,"waduh, keliru rek ada yang pernah seduh susu protein dengan air panas ? pada suhu panas, whey protein akan menggumpal dan susah larut","waduh, keliru rek pernah seduh susu protein air panas ? suhu panas, whey protein menggumpal susah larut",23
370538570802413568,"""@LMen: Ada yg pernah seduh susu protein dgn air panas ? Pada suhu panas, whey protein akan menggumpal dan susah larut bro! :)""",Thu Aug 22 13:30:54 +0000 2013,,,444,0,0,0,id,whey protein susah larut,2026-05-13T14:27:14.352126,twitter,"ada yang pernah seduh susu protein dengan air panas ? pada suhu panas, whey protein akan menggumpal dan susah larut bro!","pernah seduh susu protein air panas ? suhu panas, whey protein menggumpal susah larut bro!",21
370538299708145664,"Ada yg pernah seduh susu protein dgn air panas ? Pada suhu panas, whey protein akan menggumpal dan susah larut bro! :)",Thu Aug 22 13:29:49 +0000 2013,,,572247,3,22,12,id,whey protein susah larut,2026-05-13T14:27:14.352129,twitter,"ada yang pernah seduh susu protein dengan air panas ? pada suhu panas, whey protein akan menggumpal dan susah larut bro!","pernah seduh susu protein air panas ? suhu panas, whey protein menggumpal susah larut bro!",21
342165894245523456,@LMen kalo susu protein diseduh susu hangat apa whey protein na akan susah larut juga ? :),Wed Jun 05 06:28:00 +0000 2013,,,55,0,0,1,id,whey protein susah larut,2026-05-13T14:27:07.946045,twitter,kalo susu protein diseduh susu hangat apa whey protein na akan susah larut juga ?,kalo susu protein diseduh susu hangat apa whey protein na susah larut ?,15
342160491474460673,"""@LMen: Ada yg pernah seduh susu protein dgn air panas ? Pada suhu panas, whey protein akan menggumpal dan susah larut. :) #LTips""",Wed Jun 05 06:06:32 +0000 2013,,,202,0,0,0,id,whey protein susah larut,2026-05-13T14:27:07.946046,twitter,"ada yang pernah seduh susu protein dengan air panas ? pada suhu panas, whey protein akan menggumpal dan susah larut. ltips","pernah seduh susu protein air panas ? suhu panas, whey protein menggumpal susah larut. ltips",21
342160354664656897,"""@LMenTeen: Ada yg pernah seduh susu protein dgn air panas ? Pada suhu panas, whey protein akan menggumpal dan susah larut. :) #LTips""",Wed Jun 05 06:06:00 +0000 2013,,,202,0,0,0,id,whey protein susah larut,2026-05-13T14:27:07.946048,twitter,"ada yang pernah seduh susu protein dengan air panas ? pada suhu panas, whey protein akan menggumpal dan susah larut. ltips","pernah seduh susu protein air panas ? suhu panas, whey protein menggumpal susah larut. ltips",21
342156264257761281,"Suplemen RT @LMen: Ada yg pernah seduh susu protein dgn air panas ? Pada suhu panas, whey protein akan menggumpal dan susah larut. :)",Wed Jun 05 05:49:45 +0000 2013,,,230,0,0,0,id,whey protein susah larut,2026-05-13T14:27:07.946050,twitter,"suplemen rt ada yang pernah seduh susu protein dengan air panas ? pada suhu panas, whey protein akan menggumpal dan susah larut.","suplemen rt pernah seduh susu protein air panas ? suhu panas, whey protein menggumpal susah larut.",22
342153892462727168,"Ada yg pernah seduh susu protein dgn air panas ? Pada suhu panas, whey protein akan menggumpal dan susah larut. :) #LTips",Wed Jun 05 05:40:19 +0000 2013,,,572247,3,18,6,id,whey protein susah larut,2026-05-13T14:27:07.946052,twitter,"ada yang pernah seduh susu protein dengan air panas ? pada suhu panas, whey protein akan menggumpal dan susah larut. ltips","pernah seduh susu protein air panas ? suhu panas, whey protein menggumpal susah larut. ltips",21
285374048828022784,"oh pntes“@LMen: Ada yg pernah seduh susu protein dgn air panas ? Pada suhu panas, whey protein akan menggumpal dan susah larut. :) #protein”",Sun Dec 30 13:17:29 +0000 2012,,,241,0,0,0,id,whey protein susah larut,2026-05-13T14:27:07.946054,twitter,"oh pntes ada yang pernah seduh susu protein dengan air panas ? pada suhu panas, whey protein akan menggumpal dan susah larut. protein","oh pntes pernah seduh susu protein air panas ? suhu panas, whey protein menggumpal susah larut. protein",23
285373364992897024,"RT @LMen: Ada yg pernah seduh susu protein dgn air panas ? Pada suhu panas, whey protein akan menggumpal dan susah larut. :) #protein",Sun Dec 30 13:14:46 +0000 2012,,,243,0,0,0,id,whey protein susah larut,2026-05-13T14:27:07.946055,twitter,"rt ada yang pernah seduh susu protein dengan air panas ? pada suhu panas, whey protein akan menggumpal dan susah larut. protein","rt pernah seduh susu protein air panas ? suhu panas, whey protein menggumpal susah larut. protein",22
285372706369720320,"""@LMen: Ada yg pernah seduh susu protein dgn air panas ? Pada suhu panas, whey protein akan menggumpal dan susah larut. :) #protein""",Sun Dec 30 13:12:09 +0000 2012,,,1571,0,0,0,id,whey protein susah larut,2026-05-13T14:27:07.946057,twitter,"ada yang pernah seduh susu protein dengan air panas ? pada suhu panas, whey protein akan menggumpal dan susah larut. protein","pernah seduh susu protein air panas ? suhu panas, whey protein menggumpal susah larut. protein",21
285372430921375744,"RT @LMen: Ada yg pernah seduh susu protein dgn air panas ? Pada suhu panas, whey protein akan menggumpal dan susah larut. :) #protein",Sun Dec 30 13:11:04 +0000 2012,,,676,0,0,0,id,whey protein susah larut,2026-05-13T14:27:07.946059,twitter,"rt ada yang pernah seduh susu protein dengan air panas ? pada suhu panas, whey protein akan menggumpal dan susah larut. protein","rt pernah seduh susu protein air panas ? suhu panas, whey protein menggumpal susah larut. protein",22
285372247697391617,"Ada yg pernah seduh susu protein dgn air panas ? Pada suhu panas, whey protein akan menggumpal dan susah larut. :) #protein",Sun Dec 30 13:10:20 +0000 2012,,,572247,2,14,12,id,whey protein susah larut,2026-05-13T14:27:07.946060,twitter,"ada yang pernah seduh susu protein dengan air panas ? pada suhu panas, whey protein akan menggumpal dan susah larut. protein","pernah seduh susu protein air panas ? suhu panas, whey protein menggumpal susah larut. protein",21
237044419755397120,"Gunakan air dingin, tapi bukan air es. Air yg terlalu dingin malah membuat whey protein susah larut #wheyproteindanairpanas",Sun Aug 19 04:32:48 +0000 2012,,,188,0,0,0,id,whey protein susah larut,2026-05-13T14:27:07.946062,twitter,"gunakan air dingin, tapi bukan air es. air yang terlalu dingin malah membuat whey protein susah larut wheyproteindanairpanas","gunakan air dingin, tapi bukan air es. air terlalu dingin malah membuat whey protein susah larut wheyproteindanairpanas",18
237037236774912002,"Tapi, apabila whey protein yang Anda konsumsi seringkali menggumpal dan susah larut, berikut tips nya #wheyproteindanairpanas",Sun Aug 19 04:04:15 +0000 2012,,,188,0,0,0,id,whey protein susah larut,2026-05-13T14:27:07.946064,twitter,"tapi, apabila whey protein yang anda konsumsi seringkali menggumpal dan susah larut, berikut tips nya wheyproteindanairpanas","tapi, apabila whey protein anda konsumsi seringkali menggumpal susah larut, berikut tips nya wheyproteindanairpanas",16
201503539493736449,@dennysantoso ko aku beli whey protein.. Trus aku masukin kulkas .. Eh giliran diseduh kok susah larut ? http://t.co/CpjjK6jI,Sun May 13 02:46:02 +0000 2012,,,539,0,0,0,id,whey protein susah larut,2026-05-13T14:27:07.946066,twitter,ko aku beli whey protein.. trus aku masukin kulkas .. eh giliran diseduh kok susah larut ?,ko beli whey protein.. trus masukin kulkas .. eh giliran diseduh kok susah larut ?,17
2040363437314937048,knp protein shake bikin mual,Sat Apr 04 09:38:46 +0000 2026,,,111,0,0,0,other,protein shake bikin mual,2026-05-13T14:28:32.563205,twitter,knp protein shake bikin mual,knp protein shake bikin mual,5
1839581208608661778,"Tips buat males nguyah tapi mau dapet protein banyak

emang kalo makan tuh suka males, capek, dan kadang mual. nah biasanya gw bikin protein shake yang bisa dapet kurang lebih 30+an gram protein sekali minum

nah ini yang biasanya gw buat:
https://t.co/nhZYpdGp74",Fri Sep 27 08:21:52 +0000 2024,,,11711,1,0,1,id,protein shake bikin mual,2026-05-13T14:28:32.563326,twitter,"tips buat males nguyah tapi mau dapet protein banyak emang kalo makan tuh suka males, capek, dan kadang mual. nah biasanya gw bikin protein shake yang bisa dapet kurang lebih 30an gram protein sekali minum nah ini yang biasanya gw buat","tips buat males nguyah tapi mau dapet protein banyak emang kalo makan tuh suka males, capek, kadang mual. nah biasanya gw bikin protein shake bisa dapet kurang lebih 30an gram protein sekali minum nah biasanya gw buat",41
1790950549501944304,"@calmacalma__ yang bikin mual tuh bukan makannya, tapi sebelumnya nyoba protein milk instan merk lain (karena w lupa bikin protein shake dari rumah) terus ternyata w ngga suka rasanya, jadi mual hhhh",Thu May 16 03:40:59 +0000 2024,,,6770,0,0,0,id,protein shake bikin mual,2026-05-13T14:28:32.563332,twitter,"yang bikin mual tuh bukan makannya, tapi sebelumnya nyoba protein milk instan merk lain karena w lupa bikin protein shake dari rumah terus ternyata w tidak suka rasanya, jadi mual hhhh","bikin mual tuh bukan makannya, tapi sebelumnya nyoba protein milk instan merk lain karena w lupa bikin protein shake rumah terus ternyata w tidak suka rasanya, jadi mual hhhh",31
1615689267845689348,"@diethingy Dinner ku protein shake, lebih nyaman buat orang yg seharian kerja rasanya pengen langsung merem karena ga bikin mual dan asam lambung naik",Wed Jan 18 12:35:14 +0000 2023,,,395,0,0,1,id,protein shake bikin mual,2026-05-13T14:28:32.563336,twitter,"dinner ku protein shake, lebih nyaman buat orang yang seharian kerja rasanya pengen langsung merem karena tidak bikin mual dan asam lambung naik","dinner ku protein shake, lebih nyaman buat orang seharian kerja rasanya pengen langsung merem karena tidak bikin mual asam lambung naik",23
1468975031057190917,@tubirfess Tinggal kasih kopinya dikit aja misal 1/2 sendok teh dan juga atur protein shakenya biar rasanya bikin mual + rasa kopinya terasa. Kalo protein shake bukannya malah minumnya dikit2 tapi harus intens ya?,Thu Dec 09 16:05:14 +0000 2021,,,236,0,0,0,id,protein shake bikin mual,2026-05-13T14:28:32.563343,twitter,tinggal kasih kopinya dikit aja misal 12 sendok teh dan juga atur protein shakenya biar rasanya bikin mual rasa kopinya terasa. kalo protein shake bukannya malah minumnya dikit2 tapi harus intens ya?,tinggal kasih kopinya dikit aja misal 12 sendok teh atur protein shakenya biar rasanya bikin mual rasa kopinya terasa. kalo protein shake bukannya malah minumnya dikit2 tapi harus intens ya?,32
1382658720522375168,"Nyampurin protein powder kedalam shake bikin mual minumnya. Besok2 gak lagi dah, campur buah aja udah cukup:)",Thu Apr 15 11:35:02 +0000 2021,,,277,0,0,1,id,protein shake bikin mual,2026-05-13T14:28:32.563350,twitter,"nyampurin protein powder kedalam shake bikin mual minumnya. besok2 tidak lagi dah, campur buah aja sudah cukup","nyampurin protein powder kedalam shake bikin mual minumnya. besok2 tidak lagi dah, campur buah aja cukup",17
1381742480266158081,"@BANYUGENl ️️ ️️ 
️️ ️️ 
️️ ️️ 
️️ ️️ 
Saya gak suka protein shake, bikin mual haha. Jadilah, kalau ngegym selalu bawa jus. Tapi itupun gula-nya sedikit banget.
️️ ️️ 
️️ ️️ 
️️ ️️ 
️️ ️️",Mon Apr 12 22:54:13 +0000 2021,,,67,0,0,0,id,protein shake bikin mual,2026-05-13T14:28:32.563357,twitter,"saya tidak suka protein shake, bikin mual haha. jadilah, kalau ngegym selalu bawa jus. tapi itupun gula-nya sedikit banget.","tidak suka protein shake, bikin mual haha. jadilah, kalau ngegym selalu bawa jus. tapi itupun gula-nya sedikit banget.",19
2054287645925158968,"@NEVERLOGGINGOUT Water, whey protein isolate, fruit flavors, and stevia for sweetener. Like a protein shake but in a fruit punch form instead of a milky/chalky form. They're not bad but I've only tried a different brand.",Tue May 12 19:48:36 +0000 2026,,,26,1,0,0,en,protein shake chalky,2026-05-13T14:29:48.949061,twitter,"water, whey protein isolate, fruit flavors, and stevia for sweetener. like a protein shake but in a fruit punch form instead of a milkychalky form. they're not bad but i've only tried a different brand.","water, whey protein isolate, fruit flavors, and stevia sweetener. like protein shake fruit punch form instead milkychalky form. they're bad i've only tried different brand.",35
2054095255604256919,"@TheBumblingBee_ That's fair, a lot of them do have that weird chalky texture 😅 @gethlth is the one that actually changed my mind nothing like that at all. Tastes way better than you'd expect from a protein or meal replacement shake.",Tue May 12 07:04:06 +0000 2026,,,3,1,0,0,en,protein shake chalky,2026-05-13T14:29:48.949077,twitter,"that's fair, a lot of them do have that weird chalky texture is the one that actually changed my mind nothing like that at all. tastes way better than you'd expect from a protein or meal replacement shake.","that's fair, lot them weird chalky texture one actually changed mind nothing like all. tastes way better you'd expect protein meal replacement shake.",38
2053899696460988837,"This is what I’m drinking now, lactose intolerant, only 1 g of sugar, 30 g of protein, and it tastes so good. No chalky aftertaste, and this is not an ad. Loving this #NURRI protein shake! Please trust me you gotta try it out. https://t.co/LQoaPPtNDz",Mon May 11 18:07:01 +0000 2026,,,1110,0,0,0,en,protein shake chalky,2026-05-13T14:29:48.949079,twitter,"this is what im drinking now, lactose intolerant, only 1 tidak of sugar, 30 tidak of protein, and it tastes so good. no chalky aftertaste, and this is not an ad. loving this nurri protein shake! please trust me you gotta try it out.","what im drinking now, lactose intolerant, only 1 tidak sugar, 30 tidak protein, and tastes good. no chalky aftertaste, and ad. loving nurri protein shake! please trust gotta try out.",44
2051892959126126698,The macros aren’t even that good if u want high protein cereal just make a protein shake and eat it with regular cereal and the macros will be similar depending on ur portions its like 150 cal per serving for 15g protein its not that crazy and prob chalky,Wed May 06 05:12:58 +0000 2026,,,427,1,0,0,en,protein shake chalky,2026-05-13T14:29:48.949081,twitter,the macros arent even that good if u want high protein cereal just make a protein shake and eat it with regular cereal and the macros will be similar depending on ur portions its like 150 cal per serving for 15g protein its not that crazy and prob chalky,macros arent even good u want high protein cereal make protein shake and eat regular cereal and macros similar depending ur portions its like 150 cal per serving 15g protein its crazy and prob chalky,49
2050352786030649746,i need a new protein shake that doesn’t taste like chalky dog shit. what dew i dew,Fri May 01 23:12:52 +0000 2026,,,544,0,0,0,en,protein shake chalky,2026-05-13T14:29:48.949083,twitter,i need a new protein shake that doesnt taste like chalky dog shit. what dew i dew,need new protein shake doesnt taste like chalky dog shit. what dew dew,17
2047395117724508186,"my two favorite sentences from a client:

1. im seeing muscle definition
2. I found a protein shake that's not chalky https://t.co/52YTumKEre",Thu Apr 23 19:20:09 +0000 2026,,,2408,5,0,0,en,protein shake chalky,2026-05-13T14:29:48.949085,twitter,my two favorite sentences from a client 1. im seeing muscle definition 2. i found a protein shake that's not chalky,two favorite sentences client 1. im seeing muscle definition 2. found protein shake that's chalky,21
2047002655718072536,This week I made my over night oats with a chocolate protein shake instead of the powder to see if it would be less chalky like and it’s really creamy and yummy! I forgot to get bananas so I just sprinkled blueberries on top with some peanut butter 🤤 https://t.co/EaDyIvZoBW,Wed Apr 22 17:20:39 +0000 2026,,,687,2,0,0,en,protein shake chalky,2026-05-13T14:29:48.949087,twitter,this week i made my over night oats with a chocolate protein shake instead of the powder to see if it would be less chalky like and its really creamy and yummy! i forgot to get bananas so i just sprinkled blueberries on top with some peanut butter,week made over night oats chocolate protein shake instead powder see less chalky like and its creamy and yummy! forgot get bananas sprinkled blueberries top some peanut butter,48
2045512105076670957,"After using it for almost 30 days, Here’s the truth for SUPERYOU Yeast Protein 👇🏻

I tried SUPERYOU COLD COFFEE &amp; It’s delicious 😋 
A bit Chalky feel for first few days but super smooth. 😊 

As claimed, It’s really Gut Friendly.
No heavyness &amp; No digestion problems

No Mixi No https://t.co/GvwMimTyAj",Sat Apr 18 14:37:44 +0000 2026,,,224,1,0,1,en,protein shake chalky,2026-05-13T14:29:48.949088,twitter,"after using it for almost 30 days, heres the truth for superyou yeast protein i tried superyou cold coffee amp its delicious a bit chalky feel for first few days but super smooth. as claimed, its really gut friendly. no heavyness amp no digestion problems no mixi no","after using almost 30 days, heres truth superyou yeast protein tried superyou cold coffee amp its delicious bit chalky feel first few days super smooth. claimed, its gut friendly. no heavyness amp no digestion problems no mixi no",48
2044823376791822609,"""My new favorite high-protein snack isn't a shake or a bar — it's a bean""

@TheOnlyBean is running 304 active ads right now. Three hundred and four.

This is a classic UGC testimonial play but the product positioning is what makes it work. They're not competing with other bean https://t.co/77dVcmN2Ts",Thu Apr 16 17:00:58 +0000 2026,,,3115,0,0,0,en,protein shake chalky,2026-05-13T14:29:48.949090,twitter,my new favorite high-protein snack isn't a shake or a bar it's a bean is running 304 active ads right now. three hundred and four. this is a classic ugc testimonial play but the product positioning is what makes it work. they're not competing with other bean,new favorite high-protein snack isn't shake bar it's bean running 304 active ads right now. three hundred and four. classic ugc testimonial play product positioning what makes work. they're competing other bean,47
2043423350983135592,@morbidlyfawn @dollestmari Yess!! I have the chocolate protein shake in the morning it’s pretty good and it doesn’t taste like chalky protein powder,Sun Apr 12 20:17:46 +0000 2026,,,76,0,0,0,en,protein shake chalky,2026-05-13T14:29:48.949092,twitter,yess!! i have the chocolate protein shake in the morning its pretty good and it doesnt taste like chalky protein powder,yess!! chocolate protein shake morning its pretty good and doesnt taste like chalky protein powder,21
2040618419691639152,Add cayenne pepper to your hot chocolate protein shake and it covers up the chalky taste btw https://t.co/q8C4fga43A,Sun Apr 05 02:31:58 +0000 2026,,,632,2,0,0,en,protein shake chalky,2026-05-13T14:29:48.949094,twitter,add cayenne pepper to your hot chocolate protein shake and it covers up the chalky taste btw,add cayenne pepper hot chocolate protein shake and covers up chalky taste btw,17
2039319394912960943,"Why choose between a cold one and a protein shake? Introducing the BP ISO-LAGER. We’ve infused our classic draught with 30g of Triple-Filtered Whey Isolate. It’s got the crisp finish of a pilsner and the thick, chalky mouthfeel of a basement gym session. It’s lumpy, it’s https://t.co/FJSpvQatlT",Wed Apr 01 12:30:07 +0000 2026,,,24447,2,1,2,en,protein shake chalky,2026-05-13T14:29:48.949096,twitter,"why choose between a cold one and a protein shake? introducing the bp iso-lager. weve infused our classic draught with 30g of triple-filtered whey isolate. its got the crisp finish of a pilsner and the thick, chalky mouthfeel of a basement gym session. its lumpy, its","why choose between cold one and protein shake? introducing bp iso-lager. weve infused our classic draught 30g triple-filtered whey isolate. its got crisp finish pilsner and thick, chalky mouthfeel basement gym session. its lumpy, its",46
2037894235337404566,"@he4rtgoId Easy peasy 

Chilled water
Add a shot of espresso or instant coffee
Sample few protein powders, get those which are least chalky, chocolate base flavoured whey work best.
Shake vigorously in a shaker
Enjoy

I literally enjoy drinking my muscleblaze this way",Sat Mar 28 14:07:02 +0000 2026,,,48,0,0,0,en,protein shake chalky,2026-05-13T14:29:48.949098,twitter,"easy peasy chilled water add a shot of espresso or instant coffee sample few protein powders, get those which are least chalky, chocolate base flavoured whey work best. shake vigorously in a shaker enjoy i literally enjoy drinking my muscleblaze this way","easy peasy chilled water add shot espresso instant coffee sample few protein powders, get which least chalky, chocolate base flavoured whey work best. shake vigorously shaker enjoy literally enjoy drinking muscleblaze way",42
2037560831789945011,"Tried, tested &amp; approved ✅

We took our HNGRY® Protein samples to Foundry Gym Sheffield and the feedback was clear: clean taste, no chalky aftertaste, and flavours that actually taste like a treat 🍫🍓🍌

👉 Upgrade your shake here: https://t.co/dZoPZcl21L https://t.co/WuhRYxWq1B",Fri Mar 27 16:02:13 +0000 2026,,,316,0,0,0,en,protein shake chalky,2026-05-13T14:29:48.949100,twitter,"tried, tested amp approved we took our hngry protein samples to foundry gym sheffield and the feedback was clear clean taste, no chalky aftertaste, and flavours that actually taste like a treat upgrade your shake here","tried, tested amp approved took our hngry protein samples foundry gym sheffield and feedback clear clean taste, no chalky aftertaste, and flavours actually taste like treat upgrade shake here",36
2036565109246664742,"Here’s a recent paid ad concept for a health &amp; wellness brand🌿🧋

For this concept, the client specifically wanted a first time taste test style video, so it’s not the typical ugc format. the goal was to make it feel as authentic as possible while still driving curiosity and https://t.co/QHNDHUMMjt",Tue Mar 24 22:05:34 +0000 2026,,,666,24,0,9,en,protein shake chalky,2026-05-13T14:29:48.949102,twitter,"heres a recent paid ad concept for a health amp wellness brand for this concept, the client specifically wanted a first time taste test style video, so its not the typical ugc format. the goal was to make it feel as authentic as possible while still driving curiosity and","heres recent paid ad concept health amp wellness brand concept, client specifically wanted first time taste test style video, its typical ugc format. goal make feel authentic possible while still driving curiosity and",49
2036395925891940796,"Tried some pea protein in my shake and it was the most repulsive thing I’ve ever tasted. The rice protein I had was better but kinda chalky as well.

Might just go back to whey, sorry vegans.",Tue Mar 24 10:53:17 +0000 2026,,,2194,6,0,3,en,protein shake chalky,2026-05-13T14:29:48.949104,twitter,"tried some pea protein in my shake and it was the most repulsive thing ive ever tasted. the rice protein i had was better but kinda chalky as well. might just go back to whey, sorry vegans.","tried some pea protein shake and most repulsive thing ive ever tasted. rice protein better kinda chalky well. go back whey, sorry vegans.",37
2035974860477026576,"Struggling with cravings? 😫 Fat Blaster Diet Shake keeps you full &amp; fueled without the extra calories. 🥤💪
✅ High Protein (Stay full longer!)
✅ 24+ Vitamins (Total nutrition)
✅ Amazing Taste (No chalky flavor!)
Ditch the guilt. Fuel your body right. 🌿 https://t.co/RlHcJimem1",Mon Mar 23 07:00:07 +0000 2026,,,5,0,0,0,en,protein shake chalky,2026-05-13T14:29:48.949106,twitter,struggling with cravings? fat blaster diet shake keeps you full amp fueled without the extra calories. high protein stay full longer! 24 vitamins total nutrition amazing taste no chalky flavor! ditch the guilt. fuel your body right.,struggling cravings? fat blaster diet shake keeps full amp fueled without extra calories. high protein stay full longer! 24 vitamins total nutrition amazing taste no chalky flavor! ditch guilt. fuel body right.,37
2035401534523965819,"Our 7-year-old decided he wanted to try a protein shake. I gave him one, he tasted it, and grimaced. ""I know - it tastes chalky, right?"" I said. He looked at me and said, ""How would I know? I've never tasted chalk!""",Sat Mar 21 17:01:56 +0000 2026,,,130435,190,7,7,en,protein shake chalky,2026-05-13T14:29:48.949108,twitter,"our 7-year-old decided he wanted to try a protein shake. i gave him one, he tasted it, and grimaced. i know - it tastes chalky, right? i said. he looked at me and said, how would i know? i've never tasted chalk!","our 7-year-old decided wanted try protein shake. gave him one, tasted it, and grimaced. know - tastes chalky, right? said. looked and said, how know? i've never tasted chalk!",42
2034172929290998144,@foodpharmer2 Revant all of that is gr8 but do you have tips on how to make the plant protein shake less chalky?  Maybe adding it to milk/oats?,Wed Mar 18 07:39:54 +0000 2026,,,112,0,0,0,en,protein shake chalky,2026-05-13T14:29:48.949110,twitter,revant all of that is gr8 but do you have tips on how to make the plant protein shake less chalky? maybe adding it to milkoats?,revant all gr8 tips how make plant protein shake less chalky? maybe adding milkoats?,26
2034151074790314049,"Tired of chalky, artificial protein shakes after your workout? Meet your new post-gym obsession:  BBagio Protein Shake
🌾💪

#bbagio #proteinshake #shakeyum #workoutfuel #weightlosschallenge #cleanprotein #highprotein https://t.co/b3y2FV7onZ",Wed Mar 18 06:13:03 +0000 2026,,,7,0,0,0,en,protein shake chalky,2026-05-13T14:29:48.949111,twitter,"tired of chalky, artificial protein shakes after your workout? meet your new post-gym obsession bbagio protein shake bbagio proteinshake shakeyum workoutfuel weightlosschallenge cleanprotein highprotein","tired chalky, artificial protein shakes after workout? meet new post-gym obsession bbagio protein shake bbagio proteinshake shakeyum workoutfuel weightlosschallenge cleanprotein highprotein",24
2031122229795369295,Okios Vanilla Protein Shake😩. Not too sweet. Not chalky. Doesn’t give me the protein poops.,Mon Mar 09 21:37:30 +0000 2026,,,2122,1,0,0,en,protein shake chalky,2026-05-13T14:29:53.212237,twitter,okios vanilla protein shake. not too sweet. not chalky. doesnt give me the protein poops.,okios vanilla protein shake. too sweet. chalky. doesnt give protein poops.,15
2030213187379818727,"💪🏼 MY GO-TO PROTEIN 🍫🥛 This post-workout shake is my secret weapon after those sweaty home workouts! 55g protein ✔️ Chocolate milkshake vibes ✔️ Helps recovery + muscle tone ✔️ …and no bloat, no chalky taste—just yum! 🤤 ✨ Perfect if you’re doing one of my workouts from https://t.co/x4T820z24V",Sat Mar 07 09:25:18 +0000 2026,,,4,0,0,0,en,protein shake chalky,2026-05-13T14:29:53.212255,twitter,"my go-to protein this post-workout shake is my secret weapon after those sweaty home workouts! 55g protein chocolate milkshake vibes helps recovery muscle tone and no bloat, no chalky tastejust yum! perfect if youre doing one of my workouts from","go-to protein post-workout shake secret weapon after sweaty home workouts! 55g protein chocolate milkshake vibes helps recovery muscle tone and no bloat, no chalky tastejust yum! perfect youre doing one workouts",40
2027141618369806819,@Dianexis But is it gonna have that bad chalky thing damn near every chocolate protein shake has? Only good chocolate one ive had is the chocolate pb one from premier.,Thu Feb 26 21:59:58 +0000 2026,,,97,0,0,0,en,protein shake chalky,2026-05-13T14:29:53.212263,twitter,but is it gonna have that bad chalky thing damn near every chocolate protein shake has? only good chocolate one ive had is the chocolate pb one from premier.,gonna bad chalky thing damn near every chocolate protein shake has? only good chocolate one ive chocolate pb one premier.,29
2025924863278428247,my coffee cold as hell and protein shake chalky as hell 😫,Mon Feb 23 13:25:01 +0000 2026,,,948,0,0,0,en,protein shake chalky,2026-05-13T14:29:53.212267,twitter,my coffee cold as hell and protein shake chalky as hell,coffee cold hell and protein shake chalky hell,11
2023847326205554857,I love when the protein shake tastes like the misery of 1000 souls was reduced into a chalky beverage,Tue Feb 17 19:49:38 +0000 2026,,,2972,65,4,2,en,protein shake chalky,2026-05-13T14:29:53.212270,twitter,i love when the protein shake tastes like the misery of 1000 souls was reduced into a chalky beverage,love when protein shake tastes like misery 1000 souls reduced into chalky beverage,19
2021957369836515397,"@garrytan I might try to sell flavored creatine lol. I have experience in the industry, and I think this will shape people’s behavior. 

Creatine is already the most popular supplement other than protein, and it’s usually unflavored and people add it to their pre-workout or protein shake.",Thu Feb 12 14:39:37 +0000 2026,,,780,0,0,1,en,protein shake chalky,2026-05-13T14:29:53.212273,twitter,"i might try to sell flavored creatine lol. i have experience in the industry, and i think this will shape peoples behavior. creatine is already the most popular supplement other than protein, and its usually unflavored and people add it to their pre-workout or protein shake.","try sell flavored creatine lol. experience industry, and think shape peoples behavior. creatine already most popular supplement other protein, and its usually unflavored and people add their pre-workout protein shake.",46
2021888535020929103,"just paid $15 for a protein shake at this lame cafe 😂 like who tf charges that much for almond milk &amp; chalky whey??? smh, trying 2 get fit🔥 that's the tweet",Thu Feb 12 10:06:06 +0000 2026,,,19,0,0,0,en,protein shake chalky,2026-05-13T14:29:53.212275,twitter,"just paid 15 for a protein shake at this lame cafe like who tf charges that much for almond milk amp chalky whey??? smh, trying 2 get fit that's the tweet","paid 15 protein shake lame cafe like who tf charges much almond milk amp chalky whey??? smh, trying 2 get fit that's tweet",31
2020697296351191438,I got stuff to make a protein shake but.. it’s so ass. Chalky I think I need to add yogurt to…,Mon Feb 09 03:12:32 +0000 2026,,,276,1,0,0,en,protein shake chalky,2026-05-13T14:29:53.212277,twitter,i got stuff to make a protein shake but.. its so ass. chalky i think i need to add yogurt to,got stuff make protein shake but.. its ass. chalky think need add yogurt,21
2019875485635998004,@beaniebbl moooooove aside chalky protein shake. let a real man fix her problems.,Fri Feb 06 20:46:57 +0000 2026,,,1604,0,0,0,en,protein shake chalky,2026-05-13T14:29:53.212279,twitter,moooooove aside chalky protein shake. let a real man fix her problems.,moooooove aside chalky protein shake. let real man fix her problems.,12
2019788421422616990,"Ditch the chalky shakes. 🍦 HNGRY® Vanilla Whey delivers 24g protein &amp; 106 cals with just 4 clean ingredients. No fillers, no junk—just pure, natural fuel. 💪

Upgrade your shake: https://t.co/dZoPZcl21L

#HNGRY #CleanProtein https://t.co/21jLdcgFPI",Fri Feb 06 15:01:00 +0000 2026,,,316,1,1,0,en,protein shake chalky,2026-05-13T14:29:53.212281,twitter,"ditch the chalky shakes. hngry vanilla whey delivers 24g protein amp 106 cals with just 4 clean ingredients. no fillers, no junkjust pure, natural fuel. upgrade your shake hngry cleanprotein","ditch chalky shakes. hngry vanilla whey delivers 24g protein amp 106 cals 4 clean ingredients. no fillers, no junkjust pure, natural fuel. upgrade shake hngry cleanprotein",30
2018354273923256445,"""Look at this. 

You got these yuppie jack-offs at Starbucks linin' up like sheep, payin' nine bucks for a cuppa, what do they call it? 'venti caramel macchiato with oat milk and extra whip'? 

Extra whip? 

What are you, five years old? 

They got more foam than coffee. 

It's https://t.co/JRA2ulMg7b",Mon Feb 02 16:02:12 +0000 2026,,,305494,29,2,0,en,protein shake chalky,2026-05-13T14:29:53.212283,twitter,"look at this. you got these yuppie jack-offs at starbucks linin' up like sheep, payin' nine bucks for a cuppa, what do they call it? 'venti caramel macchiato with oat milk and extra whip'? extra whip? what are you, five years old? they got more foam than coffee. it's","look this. got yuppie jack-offs starbucks linin' up like sheep, payin' nine bucks cuppa, what call it? 'venti caramel macchiato oat milk and extra whip'? extra whip? what you, five years old? got more foam coffee. it's",49
2017004531939254279,"High-protein without the sludge.
30g protein, 0 sugar, light &amp; bubbly—actually refreshing, not a chalky shake.
Perfect post-workout or between meals.
🔗 https://t.co/08EVzoiG14 https://t.co/2fYgJnttg1",Thu Jan 29 22:38:49 +0000 2026,,,343,0,0,0,en,protein shake chalky,2026-05-13T14:29:53.212286,twitter,"high-protein without the sludge. 30g protein, 0 sugar, light amp bubblyactually refreshing, not a chalky shake. perfect post-workout or between meals.","high-protein without sludge. 30g protein, 0 sugar, light amp bubblyactually refreshing, chalky shake. perfect post-workout between meals.",21
2016228960678342812,"@SeeReax Random question. When you go to the gym, do you use protein powder for a protein shake? If so which brand do you use? I tried a vegan one and it’s pretty chalky 😅",Tue Jan 27 19:16:58 +0000 2026,,,693,12,0,1,en,protein shake chalky,2026-05-13T14:29:53.212288,twitter,"random question. when you go to the gym, do you use protein powder for a protein shake? if so which brand do you use? i tried a vegan one and its pretty chalky","random question. when go gym, use protein powder protein shake? which brand use? tried vegan one and its pretty chalky",33
2014491417431687596,"@Cernovich Pioneer is the BEST protein shake I’ve had—and I’ve tried many. 
Not chalky, no aftertaste.
Just wholesome and delicious. https://t.co/6CM6LxalBX",Fri Jan 23 00:12:36 +0000 2026,,,15708,39,4,3,en,protein shake chalky,2026-05-13T14:29:53.212290,twitter,"pioneer is the best protein shake ive hadand ive tried many. not chalky, no aftertaste. just wholesome and delicious.","pioneer best protein shake ive hadand ive tried many. chalky, no aftertaste. wholesome and delicious.",19
2013847534272147593,@kimudeluxe How does the 42 gram protein shake taste compared to the 26 gram version? Is it more “chalky”?,Wed Jan 21 05:34:02 +0000 2026,,,1050,0,0,0,en,protein shake chalky,2026-05-13T14:29:53.212292,twitter,how does the 42 gram protein shake taste compared to the 26 gram version? is it more chalky?,how 42 gram protein shake taste compared 26 gram version? more chalky?,18
2013517574139474312,"Drinking a chalky protein shake, hoping it will transform you. It just tastes like regret and sand. #ProteinShake #Regret #Nutrition",Tue Jan 20 07:42:53 +0000 2026,,,218,0,0,0,en,protein shake chalky,2026-05-13T14:29:53.212294,twitter,"drinking a chalky protein shake, hoping it will transform you. it just tastes like regret and sand. proteinshake regret nutrition","drinking chalky protein shake, hoping transform you. tastes like regret and sand. proteinshake regret nutrition",20
2013260059552137417,"Let’s try the Strawberry Quest Protein Shake together 👀🥤

Okay… I’m actually surprised.
It’s smooth, not overly thick, and doesn’t have that chalky aftertaste a lot of protein shakes be playing with.
Packed with more protein than a lot of its competitors, @QuestNutrition https://t.co/P1carunX63",Mon Jan 19 14:39:37 +0000 2026,,,708,1,0,0,en,protein shake chalky,2026-05-13T14:29:53.212297,twitter,"lets try the strawberry quest protein shake together okay im actually surprised. its smooth, not overly thick, and doesnt have that chalky aftertaste a lot of protein shakes be playing with. packed with more protein than a lot of its competitors,","lets try strawberry quest protein shake together okay im actually surprised. its smooth, overly thick, and doesnt chalky aftertaste lot protein shakes playing with. packed more protein lot its competitors,",41
2011210051630067905,"If your New Year goal is protein but your taste buds are anti–chalky shakes… Costco’s sparkling protein water is trying to enter the chat. 🥤
30g protein, zero sugar!  Are we grabbing a case or passing?

Drop your verdict: TEAM BUBBLES or TEAM SHAKE. https://t.co/dymEMtq8e2",Tue Jan 13 22:53:37 +0000 2026,,,1618,23,2,0,en,protein shake chalky,2026-05-13T14:29:53.212299,twitter,"if your new year goal is protein but your taste buds are antichalky shakes costcos sparkling protein water is trying to enter the chat. 30g protein, zero sugar! are we grabbing a case or passing? drop your verdict team bubbles or team shake.","new year goal protein taste buds antichalky shakes costcos sparkling protein water trying enter chat. 30g protein, zero sugar! grabbing case passing? drop verdict team bubbles team shake.",43
2010275503198896345,"Somehow only 16.20 (was 23.99) 💸

Protein that doesn't taste like chalky punishment

12-Pack Optimum Nutrition Gold Standard Protein Shake Cafe Latte with Subscribe &amp; Save

https://t.co/Tj0qnimvVU 🐾",Sun Jan 11 09:00:03 +0000 2026,,,65587,0,0,0,en,protein shake chalky,2026-05-13T14:29:53.212301,twitter,somehow only 16.20 was 23.99 protein that doesn't taste like chalky punishment 12-pack optimum nutrition gold standard protein shake cafe latte with subscribe amp save,somehow only 16.20 23.99 protein doesn't taste like chalky punishment 12-pack optimum nutrition gold standard protein shake cafe latte subscribe amp save,25
2008726145148350654,"lowkey when someone posts a ""wieiad as someone who doesnt care about weight"" vid and they start off w a protein shake or protein yogurt bowl im like.. yeah right.. ik what you are.. cos in my head why would u CHOOSE to have chalky ass protein powder..",Wed Jan 07 02:23:27 +0000 2026,,,122,1,0,0,en,protein shake chalky,2026-05-13T14:29:53.212303,twitter,lowkey when someone posts a wieiad as someone who doesnt care about weight vid and they start off w a protein shake or protein yogurt bowl im like.. yeah right.. ik what you are.. cos in my head why would u choose to have chalky ass protein powder..,lowkey when someone posts wieiad someone who doesnt care about weight vid and start off w protein shake protein yogurt bowl im like.. yeah right.. ik what are.. cos head why u choose chalky ass protein powder..,48
2008571007842316669,"5/5 ⭐️
The Vanilla Oikos Protein Shake tastes like a melted vanilla milkshake. Smooth, creamy, and not chalky at all, which honestly surprised me. This is one of the few protein shakes I’d actually look forward to drinking again.
#Oikos #ProteinShake #Vanilla #HealthyHabits https://t.co/gH5rkpotqu",Tue Jan 06 16:07:00 +0000 2026,,,14,0,0,0,en,protein shake chalky,2026-05-13T14:29:56.756515,twitter,"55 the vanilla oikos protein shake tastes like a melted vanilla milkshake. smooth, creamy, and not chalky at all, which honestly surprised me. this is one of the few protein shakes id actually look forward to drinking again. oikos proteinshake vanilla healthyhabits","55 vanilla oikos protein shake tastes like melted vanilla milkshake. smooth, creamy, and chalky all, which honestly surprised me. one few protein shakes id actually look forward drinking again. oikos proteinshake vanilla healthyhabits",42
2008410412170305874,"Drinking a chalky protein shake, hoping it will transform you. It just tastes like regret and sand. #ProteinShake #Regret #Nutrition",Tue Jan 06 05:28:51 +0000 2026,,,220,0,0,0,en,protein shake chalky,2026-05-13T14:29:56.756552,twitter,"drinking a chalky protein shake, hoping it will transform you. it just tastes like regret and sand. proteinshake regret nutrition","drinking chalky protein shake, hoping transform you. tastes like regret and sand. proteinshake regret nutrition",20
2007350707217707386,"Plant-based protein powder gives you the same muscle-building benefits as whey.

Except:

- It's only 60-70% bioavailable (whey is 95%)
- Incomplete amino acid profile (needs multiple sources blended)
- Tastes like dirt mixed with sadness
- Contains heavy metals (Consumer Reports",Sat Jan 03 07:17:58 +0000 2026,,,147373,116,15,7,en,protein shake chalky,2026-05-13T14:29:56.756557,twitter,plant-based protein powder gives you the same muscle-building benefits as whey. except - it's only 60-70 bioavailable whey is 95 - incomplete amino acid profile needs multiple sources blended - tastes like dirt mixed with sadness - contains heavy metals consumer reports,plant-based protein powder gives same muscle-building benefits whey. except - it's only 60-70 bioavailable whey 95 - incomplete amino acid profile needs multiple sources blended - tastes like dirt mixed sadness - contains heavy metals consumer reports,42
2005611712347873520,"Drinking a chalky protein shake, hoping it will transform you. It just tastes like regret and sand. #ProteinShake #Regret #Nutrition",Mon Dec 29 12:07:49 +0000 2025,,,225,0,0,0,en,protein shake chalky,2026-05-13T14:29:56.756562,twitter,"drinking a chalky protein shake, hoping it will transform you. it just tastes like regret and sand. proteinshake regret nutrition","drinking chalky protein shake, hoping transform you. tastes like regret and sand. proteinshake regret nutrition",20
2003812339670482990,@QueenofSadSongs @justalexoki @rob_mcrobberson On its own it’s a tasteless slightly chalky white powder. I mix it into a protein shake and you only notice a little chalkiness,Wed Dec 24 12:57:45 +0000 2025,,,349,0,0,0,en,protein shake chalky,2026-05-13T14:29:56.756566,twitter,on its own its a tasteless slightly chalky white powder. i mix it into a protein shake and you only notice a little chalkiness,its own its tasteless slightly chalky white powder. mix into protein shake and only notice little chalkiness,24
2001624162012627345,"Drinking a chalky protein shake, hoping it will transform you. It just tastes like regret and sand. #ProteinShake #Regret #Nutrition",Thu Dec 18 12:02:43 +0000 2025,,,229,2,0,1,en,protein shake chalky,2026-05-13T14:29:56.756570,twitter,"drinking a chalky protein shake, hoping it will transform you. it just tastes like regret and sand. proteinshake regret nutrition","drinking chalky protein shake, hoping transform you. tastes like regret and sand. proteinshake regret nutrition",20
1997676182062374950,is there any protein shake that doesn’t taste so god damn chalky? fucking hell,Sun Dec 07 14:34:51 +0000 2025,,,9,1,0,0,en,protein shake chalky,2026-05-13T14:29:56.756573,twitter,is there any protein shake that doesnt taste so god damn chalky? fucking hell,there any protein shake doesnt taste god damn chalky? fucking hell,14
1997218227643207819,@gaurimhaslekarr @asmitaakamboj Try it with almond or soy milk. You won’t feel it chalky at all. Just The best gut friendly protein shake.,Sat Dec 06 08:15:06 +0000 2025,,,74,0,0,0,en,protein shake chalky,2026-05-13T14:29:56.756577,twitter,try it with almond or soy milk. you wont feel it chalky at all. just the best gut friendly protein shake.,try almond soy milk. wont feel chalky all. best gut friendly protein shake.,21
1995533011777913333,"start my day with a nice, chalky protein shake. Then, for dinner, I switch it up a little and have a nice, chalky protein shake",Mon Dec 01 16:38:39 +0000 2025,,,31,1,0,0,en,protein shake chalky,2026-05-13T14:29:56.756581,twitter,"start my day with a nice, chalky protein shake. then, for dinner, i switch it up a little and have a nice, chalky protein shake","start day nice, chalky protein shake. then, dinner, switch up little and nice, chalky protein shake",25
1993621631327969631,"When you have to write a VSL or a Meta ad, but the second you sit down at your MacBook, you find yourself staring at a blank Google Docs page…

Do this.

Start your piece of copy by making a contrast.

A contrast between where/how your ideal customer is right now and where/how",Wed Nov 26 10:03:31 +0000 2025,,,21,2,0,0,en,protein shake chalky,2026-05-13T14:29:56.756586,twitter,"when you have to write a vsl or a meta ad, but the second you sit down at your macbook, you find yourself staring at a blank google docs page do this. start your piece of copy by making a contrast. a contrast between wherehow your ideal customer is right now and wherehow","when write vsl meta ad, second sit down macbook, find yourself staring blank google docs page this. start piece copy making contrast. contrast between wherehow ideal customer right now and wherehow",53
1992933886800933081,"This morning i drank my first protein shake using @ryse_supps jetpuff loaded protein powder.

I usually never eat anything for breakfast so this is a good change and no chalky taste like I've had in the past https://t.co/4flSz3LCel",Mon Nov 24 12:30:40 +0000 2025,,,428,0,0,0,en,protein shake chalky,2026-05-13T14:29:56.756590,twitter,this morning i drank my first protein shake using jetpuff loaded protein powder. i usually never eat anything for breakfast so this is a good change and no chalky taste like i've had in the past,morning drank first protein shake using jetpuff loaded protein powder. usually never eat anything breakfast good change and no chalky taste like i've past,36
1991487141860213053,Discover the top 11 protein powders of 2025 that deliver on both taste and quality. Our extensive testing ensures you'll enjoy every shake without any chalky aftertaste. Elevate your nutrition game today with our expert recommendations. Read more at https://t.co/ReqOkSA2AE,Thu Nov 20 12:41:49 +0000 2025,,,504,0,0,0,en,protein shake chalky,2026-05-13T14:29:56.756593,twitter,discover the top 11 protein powders of 2025 that deliver on both taste and quality. our extensive testing ensures you'll enjoy every shake without any chalky aftertaste. elevate your nutrition game today with our expert recommendations. read more at,discover top 11 protein powders 2025 deliver both taste and quality. our extensive testing ensures you'll enjoy every shake without any chalky aftertaste. elevate nutrition game today our expert recommendations. read more,39
1990672716668522523,"@washghost1 Macros on chocolate milk are amazing

Best post-workout drink possible

Cost effective, delicious, no wierd chalky protein shake texture, extremely bioavailable, and natural, plus antioxidants from chocolate

11/10 would force this bitch to make me 3 more",Tue Nov 18 06:45:35 +0000 2025,,,916,0,0,0,en,protein shake chalky,2026-05-13T14:29:56.756596,twitter,"macros on chocolate milk are amazing best post-workout drink possible cost effective, delicious, no wierd chalky protein shake texture, extremely bioavailable, and natural, plus antioxidants from chocolate 1110 would force this bitch to make me 3 more","macros chocolate milk amazing best post-workout drink possible cost effective, delicious, no wierd chalky protein shake texture, extremely bioavailable, and natural, plus antioxidants chocolate 1110 force bitch make 3 more",37
1983221314665254957,"Reds Superfood – Berry-Forward Reds Powder for Smoothies, Mocktails, and Daily Routines

Bright, juicy, and easy to mix, 12 FUEL Reds Superfood is a berry-forward reds powder designed for flavor-first sipping and simple, everyday use. If you want a vibrant superfood drink mix https://t.co/JSeRJLVpXO",Tue Oct 28 17:16:22 +0000 2025,,,1444,0,0,0,en,protein shake chalky,2026-05-13T14:29:56.756605,twitter,"reds superfood berry-forward reds powder for smoothies, mocktails, and daily routines bright, juicy, and easy to mix, 12 fuel reds superfood is a berry-forward reds powder designed for flavor-first sipping and simple, everyday use. if you want a vibrant superfood drink mix","reds superfood berry-forward reds powder smoothies, mocktails, and daily routines bright, juicy, and easy mix, 12 fuel reds superfood berry-forward reds powder designed flavor-first sipping and simple, everyday use. want vibrant superfood drink mix",42
1976308510238572634,"I just tried out a high protein dessert but with all the powder I found it to be super chalky and thick so I slowly stirred in a protein shake to soften it up and it’s 1000x better. 
84g of protein
590 calories https://t.co/h5ae2048e5",Thu Oct 09 15:27:21 +0000 2025,,,5157,8,0,4,en,protein shake chalky,2026-05-13T14:29:56.756609,twitter,i just tried out a high protein dessert but with all the powder i found it to be super chalky and thick so i slowly stirred in a protein shake to soften it up and its 1000x better. 84g of protein 590 calories,tried out high protein dessert all powder found super chalky and thick slowly stirred protein shake soften up and its 1000x better. 84g protein 590 calories,43
1975012609457070254,"Welcome to my protein shake journey - the good, the bad, and the chalky. Let’s see which ones actually hit 💪🏻",Mon Oct 06 01:37:54 +0000 2025,,,1,0,0,0,en,protein shake chalky,2026-05-13T14:29:56.756612,twitter,"welcome to my protein shake journey - the good, the bad, and the chalky. lets see which ones actually hit","welcome protein shake journey - good, bad, and chalky. lets see which ones actually hit",20
1974408776825585841,fuck ass gym bro trying to tell ME how to diet like shut the fuck up and chug ur chalky ass protein shake hoe,Sat Oct 04 09:38:29 +0000 2025,,,257,2,1,0,en,protein shake chalky,2026-05-13T14:29:56.756615,twitter,fuck ass gym bro trying to tell me how to diet like shut the fuck up and chug ur chalky ass protein shake hoe,fuck ass gym bro trying tell how diet like shut fuck up and chug ur chalky ass protein shake hoe,24
1974066774464487840,"Adult Multivitamin Bear Gummies – Everyday Essentials in a Tasty, On-the-Go Format

Make daily nutrition feel effortless. 12 FUEL Adult Multivitamin Bear Gummies bring together a curated range of vitamins and minerals in a chewy, fruit-flavored format that fits real life, desk https://t.co/Kx6YTUCMqD",Fri Oct 03 10:59:30 +0000 2025,,,1444,0,0,0,en,protein shake chalky,2026-05-13T14:29:56.756619,twitter,"adult multivitamin bear gummies everyday essentials in a tasty, on-the-go format make daily nutrition feel effortless. 12 fuel adult multivitamin bear gummies bring together a curated range of vitamins and minerals in a chewy, fruit-flavored format that fits real life, desk","adult multivitamin bear gummies everyday essentials tasty, on-the-go format make daily nutrition feel effortless. 12 fuel adult multivitamin bear gummies bring together curated range vitamins and minerals chewy, fruit-flavored format fits real life, desk",41
1971611855073554795,@PuppiesIover Chalky protein shake….,Fri Sep 26 16:24:31 +0000 2025,,,180,36,0,2,en,protein shake chalky,2026-05-13T14:29:56.756622,twitter,chalky protein shake.,chalky protein shake.,3
1970652751165104600,"📷

I sing the body electric: The American Gym and the Values of Lust fueled Lifting Frenzy
MICHELLE MASEP 23, 2025In America the exhaustion of emotion is for the frenzy of the voyeuristic public. All is displayed, in any American gym, a woman wears skintight clothing to show",Wed Sep 24 00:53:23 +0000 2025,,,205,0,0,0,en,protein shake chalky,2026-05-13T14:29:56.756626,twitter,"i sing the body electric the american gym and the values of lust fueled lifting frenzy michelle masep 23, 2025in america the exhaustion of emotion is for the frenzy of the voyeuristic public. all is displayed, in any american gym, a woman wears skintight clothing to show","sing body electric american gym and values lust fueled lifting frenzy michelle masep 23, 2025in america exhaustion emotion frenzy voyeuristic public. all displayed, any american gym, woman wears skintight clothing show",47
2049882409748009025,"Taste AND quality?! We don't compromise on either! 😜 Our Clear Protein Powders are made with grass-fed whey protein isolate, zero fillers, nothing artificial and are third-party tested for quality you can actually trust ✨ This is what a clean protein... https://t.co/JJFcK0aMCs",Thu Apr 30 16:03:46 +0000 2026,,,22,0,0,0,en,whey protein taste artificial,2026-05-13T14:33:52.707637,twitter,"taste and quality?! we don't compromise on either! our clear protein powders are made with grass-fed whey protein isolate, zero fillers, nothing artificial and are third-party tested for quality you can actually trust this is what a clean protein...","taste and quality?! don't compromise either! our clear protein powders made grass-fed whey protein isolate, zero fillers, nothing artificial and third-party tested quality actually trust what clean protein...",39
2046602698057728151,"ESN (Elite Sports Nutrients)

ESN (Elite Sports Nutrients) has become one of the most influential fitness brands in Germany and across Europe, with Designer Whey serving as the absolute flagship of their product range. This protein powder isn't just popular among bodybuilders; https://t.co/Q2atukxK6k",Tue Apr 21 14:51:21 +0000 2026,,,1441,0,1,0,en,whey protein taste artificial,2026-05-13T14:33:52.707653,twitter,"esn elite sports nutrients esn elite sports nutrients has become one of the most influential fitness brands in germany and across europe, with designer whey serving as the absolute flagship of their product range. this protein powder isn't just popular among bodybuilders","esn elite sports nutrients esn elite sports nutrients become one most influential fitness brands germany and across europe, designer whey serving absolute flagship their product range. protein powder isn't popular among bodybuilders",42
2046429711077929196,"NAKED Vanilla Whey Protein 5LB – $99.99

Buy now 👉 https://t.co/OiVNWv9LMG AFFILIATE LINK

💪 25g protein per serving for muscle growth
🌱 Grass-fed whey – clean &amp; natural source
🚫 No artificial additives, GMO, soy or gluten
🧂 Made with just 3 ingredients (whey, vanilla,",Tue Apr 21 03:23:58 +0000 2026,,,431,0,1,0,en,whey protein taste artificial,2026-05-13T14:33:52.707655,twitter,"naked vanilla whey protein 5lb 99.99 buy now affiliate link 25g protein per serving for muscle growth grass-fed whey clean amp natural source no artificial additives, gmo, soy or gluten made with just 3 ingredients whey, vanilla,","naked vanilla whey protein 5lb 99.99 buy now affiliate link 25g protein per serving muscle growth grass-fed whey clean amp natural source no artificial additives, gmo, soy gluten made 3 ingredients whey, vanilla,",37
2046429420857217341,"Levels Grass Fed Whey Protein 5LB (Vanilla Bean) – $87

Buy now 👉 https://t.co/rLhSn1ghms AFFILIATE LINK

💪 24g high-quality protein per scoop for muscle growth
🌱 Grass-fed whey – clean &amp; natural source
🚫 No artificial flavors, sweeteners or fillers
🔬 Contains ~5.4g BCAAs",Tue Apr 21 03:22:49 +0000 2026,,,431,0,1,0,en,whey protein taste artificial,2026-05-13T14:33:52.707658,twitter,"levels grass fed whey protein 5lb vanilla bean 87 buy now affiliate link 24g high-quality protein per scoop for muscle growth grass-fed whey clean amp natural source no artificial flavors, sweeteners or fillers contains 5.4g bcaas","levels grass fed whey protein 5lb vanilla bean 87 buy now affiliate link 24g high-quality protein per scoop muscle growth grass-fed whey clean amp natural source no artificial flavors, sweeteners fillers contains 5.4g bcaas",36
2045897044976677135,"Taste AND quality?! We don't compromise on either! 😜 Our Clear Protein Powders are made with grass-fed whey protein isolate, zero fillers, nothing artificial and are third-party tested for quality you can actually trust ✨ This is what a clean protein... https://t.co/5sOZxJBTr8",Sun Apr 19 16:07:21 +0000 2026,,,13,0,0,0,en,whey protein taste artificial,2026-05-13T14:33:52.707660,twitter,"taste and quality?! we don't compromise on either! our clear protein powders are made with grass-fed whey protein isolate, zero fillers, nothing artificial and are third-party tested for quality you can actually trust this is what a clean protein...","taste and quality?! don't compromise either! our clear protein powders made grass-fed whey protein isolate, zero fillers, nothing artificial and third-party tested quality actually trust what clean protein...",39
2040719561356366117,"This Kinder Joy packet costs ₹45, now look at what you’re actually eating 👇

&gt; Sugar → main ingredient, empty calories
&gt; Palmolein + Palm oil → cheapest fats, linked with poor heart health if overused
&gt; Maida (refined wheat flour) → zero fibre, spikes sugar levels
&gt; Refined https://t.co/vWwNB6HvR2",Sun Apr 05 09:13:52 +0000 2026,,,139285,243,96,15,en,whey protein taste artificial,2026-05-13T14:33:52.707662,twitter,"this kinder joy packet costs 45, now look at what youre actually eating gt sugar main ingredient, empty calories gt palmolein palm oil cheapest fats, linked with poor heart health if overused gt maida refined wheat flour zero fibre, spikes sugar levels gt refined","kinder joy packet costs 45, now look what youre actually eating gt sugar main ingredient, empty calories gt palmolein palm oil cheapest fats, linked poor heart health overused gt maida refined wheat flour zero fibre, spikes sugar levels gt refined",44
2037461091169796522,"Let's break down the ingredients list:

Milk Protein Isolate - Heavily processed dairy stripped of everything except protein; can cause bloating and GI distress

Dried Egg Whites - Industrially separated and dehydrated; relatively benign but far less bioavailable than a fresh https://t.co/vBr9XodQn2",Fri Mar 27 09:25:52 +0000 2026,,,243431,153,9,16,en,whey protein taste artificial,2026-05-13T14:33:52.707665,twitter,let's break down the ingredients list milk protein isolate - heavily processed dairy stripped of everything except protein can cause bloating and gi distress dried egg whites - industrially separated and dehydrated relatively benign but far less bioavailable than a fresh,let's break down ingredients list milk protein isolate - heavily processed dairy stripped everything except protein cause bloating and gi distress dried egg whites - industrially separated and dehydrated relatively benign far less bioavailable fresh,41
2036144740379308124,"@MoistValgina The problem is the protein.

When heated, protein whey denatures and becomes taste chalky/artificial.

The trick is to make normal pancakes then add protein whey drip on top. 👍",Mon Mar 23 18:15:10 +0000 2026,,,11,1,0,1,en,whey protein taste artificial,2026-05-13T14:33:52.707667,twitter,"the problem is the protein. when heated, protein whey denatures and becomes taste chalkyartificial. the trick is to make normal pancakes then add protein whey drip on top.","problem protein. when heated, protein whey denatures and becomes taste chalkyartificial. trick make normal pancakes add protein whey drip top.",28
2034640434270441938,"@thehealthb0t I just looked this same non-melting experience up last week when the freezer went out. They don't re-freeze either.
Here's what SuperGrok 4.20 Expert had to say.
**KitKat Drumstick** (official name: Nestlé DRUMSTICK KitKat Frozen Dairy Dessert Cones) is a popular frozen treat",Thu Mar 19 14:37:35 +0000 2026,,,62,0,0,0,en,whey protein taste artificial,2026-05-13T14:33:52.707669,twitter,i just looked this same non-melting experience up last week when the freezer went out. they don't re-freeze either. here's what supergrok 4.20 expert had to say. kitkat drumstick official name nestl drumstick kitkat frozen dairy dessert cones is a popular frozen treat,looked same non-melting experience up last week when freezer went out. don't re-freeze either. here's what supergrok 4.20 expert say. kitkat drumstick official name nestl drumstick kitkat frozen dairy dessert cones popular frozen treat,43
2033649113946878426,"We did it. 

@dranthonygustin and I just built the protein bar the industry didn’t want you to have: one actually made for HUMANS. 

@eatlineage Protein Bar – 100% real food, no garbage.

Why most bars suck (and aren’t for humans):
- Fake fats like EPG (esterified propoxylated https://t.co/eHh7SmuXOH",Mon Mar 16 20:58:26 +0000 2026,,,429241,747,40,89,en,whey protein taste artificial,2026-05-13T14:33:52.707672,twitter,"we did it. and i just built the protein bar the industry didnt want you to have one actually made for humans. protein bar 100 real food, no garbage. why most bars suck and arent for humans - fake fats like epg esterified propoxylated","it. and built protein bar industry didnt want one actually made humans. protein bar 100 real food, no garbage. why most bars suck and arent humans - fake fats like epg esterified propoxylated",44
2031813561287368784,"@thegarybrecka The hidden culprits (seed oils, sugar alcohols like erythritol/maltitol, artificial sweeteners, fillers) don't just taste sweet; they quietly disrupt:

!) Blood sugar &amp; insulin: 
Sugar alcohols can ferment in the gut → bloating/gas for many, while some (erythritol) show",Wed Mar 11 19:24:36 +0000 2026,,,377,1,0,0,en,whey protein taste artificial,2026-05-13T14:33:52.707674,twitter,"the hidden culprits seed oils, sugar alcohols like erythritolmaltitol, artificial sweeteners, fillers don't just taste sweet they quietly disrupt ! blood sugar amp insulin sugar alcohols can ferment in the gut bloatinggas for many, while some erythritol show","hidden culprits seed oils, sugar alcohols like erythritolmaltitol, artificial sweeteners, fillers don't taste sweet quietly disrupt ! blood sugar amp insulin sugar alcohols ferment gut bloatinggas many, while some erythritol show",38
2030343093602718113,"@idlyupma @Jitesh_117 In all fairness, while whey itself is a milk derivative, commercial protein powder has a million and one additives to help it taste better. Adding it in smaller portions to other food products allows you to lower the quantity of artificial flavourings and sweeteners.",Sat Mar 07 18:01:30 +0000 2026,,,524,1,0,0,en,whey protein taste artificial,2026-05-13T14:33:52.707676,twitter,"in all fairness, while whey itself is a milk derivative, commercial protein powder has a million and one additives to help it taste better. adding it in smaller portions to other food products allows you to lower the quantity of artificial flavourings and sweeteners.","all fairness, while whey itself milk derivative, commercial protein powder million and one additives help taste better. adding smaller portions other food products allows lower quantity artificial flavourings and sweeteners.",44
2029939195192488336,"@TJ_Bongiorno A UK vanilla whey protein called Bikini Blend. Very niche, it closed down soon after so I could never buy it again.

But it was the only vanilla protein that didn't taste artificial.",Fri Mar 06 15:16:33 +0000 2026,,,439,1,0,0,en,whey protein taste artificial,2026-05-13T14:33:52.707679,twitter,"a uk vanilla whey protein called bikini blend. very niche, it closed down soon after so i could never buy it again. but it was the only vanilla protein that didn't taste artificial.","uk vanilla whey protein called bikini blend. niche, closed down soon after never buy again. only vanilla protein didn't taste artificial.",33
2028817958651531635,"🔥 Get your protein boost with The Whole Truth Light Cocoa Whey Protein Isolate+Concentrate — a clean, light &amp; easy-to-digest whey protein powder! 💪

Here’s why it’s a great pick:
🍫 ~24 g high-quality protein per scoop to support muscle growth &amp; recovery.
🧬 ~6.6 g BCAAs for",Tue Mar 03 13:01:09 +0000 2026,,,2777,0,0,0,en,whey protein taste artificial,2026-05-13T14:33:52.707681,twitter,"get your protein boost with the whole truth light cocoa whey protein isolateconcentrate a clean, light amp easy-to-digest whey protein powder! heres why its a great pick 24 tidak high-quality protein per scoop to support muscle growth amp recovery. 6.6 tidak bcaas for","get protein boost whole truth light cocoa whey protein isolateconcentrate clean, light amp easy-to-digest whey protein powder! heres why its great pick 24 tidak high-quality protein per scoop support muscle growth amp recovery. 6.6 tidak bcaas",43
2027753270631141622,"@Akasht92 @matkashbakihai @wholetruthfood Hello, this is Tejas, founder of TSA TEKK.

Sir, I completely understand that some people feel that artificial sweeteners or flavours arent right and that’s a fair personal choice. 
Our whey does contains artificial sweeteners which are approved globally and we use them in",Sat Feb 28 14:30:28 +0000 2026,,,5098,2,0,1,en,whey protein taste artificial,2026-05-13T14:33:52.707683,twitter,"hello, this is tejas, founder of tsa tekk. sir, i completely understand that some people feel that artificial sweeteners or flavours arent right and thats a fair personal choice. our whey does contains artificial sweeteners which are approved globally and we use them in","hello, tejas, founder tsa tekk. sir, completely understand some people feel artificial sweeteners flavours arent right and thats fair personal choice. our whey contains artificial sweeteners which approved globally and use them",44
2026168918549655882,"@WallStreetApes No, the ingredients in **Kraft Macaroni and Cheese** (also known as Kraft Dinner or the classic blue box) from the 1970s are **not the same** as today's version. The product has undergone several changes over the decades, particularly in the cheese sauce powder, coloring, and",Tue Feb 24 05:34:49 +0000 2026,,,310,0,0,0,en,whey protein taste artificial,2026-05-13T14:33:52.707684,twitter,"no, the ingredients in kraft macaroni and cheese also known as kraft dinner or the classic blue box from the 1970s are not the same as today's version. the product has undergone several changes over the decades, particularly in the cheese sauce powder, coloring, and","no, ingredients kraft macaroni and cheese known kraft dinner classic blue box 1970s same today's version. product undergone several changes over decades, particularly cheese sauce powder, coloring, and",45
2021461018380296223,"I was genuinely shocked when I came across this product because this is not something we usually see in the Indian market at this pricing and convenience level.

A ready to drink milk pack giving 35 grams of protein in just 250 mL is honestly surprising. Normally when we think https://t.co/kTXs4V1K2O",Wed Feb 11 05:47:18 +0000 2026,,,61,0,0,0,en,whey protein taste artificial,2026-05-13T14:33:52.707687,twitter,i was genuinely shocked when i came across this product because this is not something we usually see in the indian market at this pricing and convenience level. a ready to drink milk pack giving 35 grams of protein in just 250 ml is honestly surprising. normally when we think,genuinely shocked when came across product because something usually see indian market pricing and convenience level. ready drink milk pack giving 35 grams protein 250 ml honestly surprising. normally when think,50
2015813212869103897,"I went through this thread, and here’s my understanding of the evidence:

➡️ WHO has never said sucralose is unsafe or toxic. What it did issue was guidance stating that non sugar sweeteners (including sucralose) are not recommended for weight control or reducing chronic disease",Mon Jan 26 15:44:56 +0000 2026,,,3357,1,0,0,en,whey protein taste artificial,2026-05-13T14:33:52.707689,twitter,"i went through this thread, and heres my understanding of the evidence who has never said sucralose is unsafe or toxic. what it did issue was guidance stating that non sugar sweeteners including sucralose are not recommended for weight control or reducing chronic disease","went through thread, and heres understanding evidence who never said sucralose unsafe toxic. what issue guidance stating non sugar sweeteners including sucralose recommended weight control reducing chronic disease",44
2013263024715440542,"The cans smell has mellowed. Crisp light and artificial. Significant smell of pure carbonated water.
Eighth sip had a significantly stronger collagen taste. Ninth was the same, but less sweet.
I have not tasted any whey protein yet, and the drink is getting low.",Mon Jan 19 14:51:24 +0000 2026,,,2,0,0,1,en,whey protein taste artificial,2026-05-13T14:33:52.707691,twitter,"the cans smell has mellowed. crisp light and artificial. significant smell of pure carbonated water. eighth sip had a significantly stronger collagen taste. ninth was the same, but less sweet. i have not tasted any whey protein yet, and the drink is getting low.","cans smell mellowed. crisp light and artificial. significant smell pure carbonated water. eighth sip significantly stronger collagen taste. ninth same, less sweet. tasted any whey protein yet, and drink getting low.",44
2011816608646221973,"@SecKennedy Several food additives, environmental chemicals, and medications have been shown (or strongly suspected) to reduce GLP-1 production or secretion, mainly by affecting enteroendocrine L-cells, gut inflammation, bile acid signaling, or microbiota. Below is a mechanism-based,",Thu Jan 15 15:03:51 +0000 2026,,,11,0,0,0,en,whey protein taste artificial,2026-05-13T14:33:52.707693,twitter,"several food additives, environmental chemicals, and medications have been shown or strongly suspected to reduce glp-1 production or secretion, mainly by affecting enteroendocrine l-cells, gut inflammation, bile acid signaling, or microbiota. below is a mechanism-based,","several food additives, environmental chemicals, and medications shown strongly suspected reduce glp-1 production secretion, mainly affecting enteroendocrine l-cells, gut inflammation, bile acid signaling, microbiota. below mechanism-based,",35
2010085439068352974,"Apparently fruity protein shakes don't exist, because they're hard to design:

Do they make fruity flavored protein or something like cocacola, sprite or grape crush?

Yes — there are real protein powders and ready-to-drink protein products with fruity, soda-like, and",Sat Jan 10 20:24:48 +0000 2026,,,5367,3,2,1,en,whey protein taste artificial,2026-05-13T14:33:56.896617,twitter,"apparently fruity protein shakes don't exist, because they're hard to design do they make fruity flavored protein or something like cocacola, sprite or grape crush? yes there are real protein powders and ready-to-drink protein products with fruity, soda-like, and","apparently fruity protein shakes don't exist, because they're hard design make fruity flavored protein something like cocacola, sprite grape crush? yes there real protein powders and ready-to-drink protein products fruity, soda-like, and",39
2005907666376483125,"Thank you! We use only real cocoa, and no artificial flavours or natural flavours.

Since most Indians are so used to having chocolates filled with flavours, they aren’t used to the taste of real cocoa, but I’m glad you liked it.

No current plans for protein bars. But we are",Tue Dec 30 07:43:50 +0000 2025,,,184452,172,9,16,en,whey protein taste artificial,2026-05-13T14:33:56.896633,twitter,"thank you! we use only real cocoa, and no artificial flavours or natural flavours. since most indians are so used to having chocolates filled with flavours, they arent used to the taste of real cocoa, but im glad you liked it. no current plans for protein bars. but we are","thank you! use only real cocoa, and no artificial flavours natural flavours. since most indians used having chocolates filled flavours, arent used taste real cocoa, im glad liked it. no current plans protein bars.",50
2001612073516810341,"But honestly, they weren’t wrong- 
it has whey protein isolate, fibre, 0 sugar, no colours, no artificial sweeteners.
Basically… nothing our taste buds grew up with.

But here’s the fun part:
My 14-year-old brother now asks me to send Lychee drinque to our home(my hometown)",Thu Dec 18 11:14:41 +0000 2025,,,265,4,0,1,en,whey protein taste artificial,2026-05-13T14:33:56.896636,twitter,"but honestly, they werent wrong- it has whey protein isolate, fibre, 0 sugar, no colours, no artificial sweeteners. basically nothing our taste buds grew up with. but heres the fun part my 14-year-old brother now asks me to send lychee drinque to our homemy hometown","honestly, werent wrong- whey protein isolate, fibre, 0 sugar, no colours, no artificial sweeteners. basically nothing our taste buds grew up with. heres fun part 14-year-old brother now asks send lychee drinque our homemy hometown",45
2000930573498618073,"I've tried many Whey Proteins in the past 6 months and here's my 'No Bullshit' review! 👇(Save this)
(Factors: Sweeteners, Digestion, Flavour, protein/g)

1. Naturaltein - Undisputed King 👑. Nothing comes close. No artificial sweetener, Too light, Highest quality. Just go for it",Tue Dec 16 14:06:38 +0000 2025,,,2676,136,10,36,en,whey protein taste artificial,2026-05-13T14:33:56.896638,twitter,"i've tried many whey proteins in the past 6 months and here's my 'no bullshit' review! save this factors sweeteners, digestion, flavour, proteing 1. naturaltein - undisputed king . nothing comes close. no artificial sweetener, too light, highest quality. just go for it","i've tried many whey proteins past 6 months and here's 'no bullshit' review! save factors sweeteners, digestion, flavour, proteing 1. naturaltein - undisputed king . nothing comes close. no artificial sweetener, too light, highest quality. go",43
2000813615276831068,"I got sick of reaching for a whey protein snack and seeing the same junk every single time.

Palm oil. Seed oils. Canola (they call it rapeseed oil, expeller-pressed canola, or just hide it as “vegetable oil”). Sunflower, soybean, corn, safflower, and the list keeps growing.",Tue Dec 16 06:21:53 +0000 2025,,,189,0,0,0,en,whey protein taste artificial,2026-05-13T14:33:56.896640,twitter,"i got sick of reaching for a whey protein snack and seeing the same junk every single time. palm oil. seed oils. canola they call it rapeseed oil, expeller-pressed canola, or just hide it as vegetable oil. sunflower, soybean, corn, safflower, and the list keeps growing.","got sick reaching whey protein snack and seeing same junk every single time. palm oil. seed oils. canola call rapeseed oil, expeller-pressed canola, hide vegetable oil. sunflower, soybean, corn, safflower, and list keeps growing.",46
1999128658510856558,"Sick of drinking whey? Sick of being inflamed from the A1? Lactose intolerant? The artificial flavors and the sucralose make you sick?

Introducing CHICKIE BREAST SMOOTHIE

- 115 grams / 4 ounces of frozen boiled chicken breast
- 100 grams / 3.4 ounces of pineapple juice
- 150 https://t.co/QktON5xGMj",Thu Dec 11 14:46:28 +0000 2025,,,8694,31,2,15,en,whey protein taste artificial,2026-05-13T14:33:56.896641,twitter,sick of drinking whey? sick of being inflamed from the a1? lactose intolerant? the artificial flavors and the sucralose make you sick? introducing chickie breast smoothie - 115 grams 4 ounces of frozen boiled chicken breast - 100 grams 3.4 ounces of pineapple juice - 150,sick drinking whey? sick being inflamed a1? lactose intolerant? artificial flavors and sucralose make sick? introducing chickie breast smoothie - 115 grams 4 ounces frozen boiled chicken breast - 100 grams 3.4 ounces pineapple juice - 150,46
1996526287826096477,"@foodpharmer2 Sorry Revant, but this take romanticizes acquired taste a bit too much.  

Most people don’t have the privilege of 5–6 trials when a ₹400–500 protein powder tastes bitter and chalky on day one. For the average consumer (especially beginners who are already struggling to build a",Thu Dec 04 10:25:35 +0000 2025,,,2056,8,0,0,en,whey protein taste artificial,2026-05-13T14:33:56.896644,twitter,"sorry revant, but this take romanticizes acquired taste a bit too much. most people dont have the privilege of 56 trials when a 400500 protein powder tastes bitter and chalky on day one. for the average consumer especially beginners who are already struggling to build a","sorry revant, take romanticizes acquired taste bit too much. most people dont privilege 56 trials when 400500 protein powder tastes bitter and chalky day one. average consumer especially beginners who already struggling build",46
1996283981130801427,"🔥 CLEAN PROTEIN ALERT!  

Avvatar 100% Performance Whey 1kg (Unflavoured)  

Just ₹2279 🔥 (₹94 per serving of pure 24g protein, no junk!)

Link → https://t.co/jMUBM4j26n  

Perfect for baking, smoothies, or mixing with your own flavors 🤌  

Tag someone who’s scared of",Wed Dec 03 18:22:44 +0000 2025,,,53,0,1,0,en,whey protein taste artificial,2026-05-13T14:33:56.896646,twitter,"clean protein alert! avvatar 100 performance whey 1kg unflavoured just 2279 94 per serving of pure 24g protein, no junk! link perfect for baking, smoothies, or mixing with your own flavors tag someone whos scared of","clean protein alert! avvatar 100 performance whey 1kg unflavoured 2279 94 per serving pure 24g protein, no junk! link perfect baking, smoothies, mixing own flavors tag someone whos scared",36
1994857437317533854,"Campbell’s Soup: Why It’s Objectively Bad in 2025
Campbell’s (now owned by KKR) still dominates shelves, but here’s why it’s one of the worst “food” products you can regularly consume:
Loaded with Sodium
A single can of classic Chicken Noodle or Tomato has 800–900 mg of sodium —",Sat Nov 29 19:54:10 +0000 2025,,,4376,0,0,0,en,whey protein taste artificial,2026-05-13T14:33:56.896648,twitter,"campbells soup why its objectively bad in 2025 campbells now owned by kkr still dominates shelves, but heres why its one of the worst food products you can regularly consume loaded with sodium a single can of classic chicken noodle or tomato has 800900 mg of sodium","campbells soup why its objectively bad 2025 campbells now owned kkr still dominates shelves, heres why its one worst food products regularly consume loaded sodium single classic chicken noodle tomato 800900 mg sodium",47
1994479531340828873,"Whey Protein Review:
Muscleblaze: Too sweet, tastes artificial
Whole truth: Costliest. Very less sweetener. Almost Raw. Mixability issue.
OnlyWhatsNeeded: Best Taste. Less sweetener but tastes better than Whole Truth. Mixes well. Best so far!

 @onlywhatsneeded @foodpharmer2",Fri Nov 28 18:52:30 +0000 2025,,,0,2,0,0,en,whey protein taste artificial,2026-05-13T14:33:56.896651,twitter,"whey protein review muscleblaze too sweet, tastes artificial whole truth costliest. very less sweetener. almost raw. mixability issue. onlywhatsneeded best taste. less sweetener but tastes better than whole truth. mixes well. best so far!","whey protein review muscleblaze too sweet, tastes artificial whole truth costliest. less sweetener. almost raw. mixability issue. onlywhatsneeded best taste. less sweetener tastes better whole truth. mixes well. best far!",34
1991764988504207498,"🔥 Black Friday Sale/Deals Sale Alert! 40–50% OFF at Rival Nutrition! 🔥

📣 Hey Everyone — as many of you know, I’m proud to be a Brand Ambassador for @RivalNutrition_, and they just launched an incredible 40–50% OFF sale for Black Friday Sale from November 17th, 2025 to https://t.co/ma6irzM6l6",Fri Nov 21 07:05:53 +0000 2025,,,144,0,0,0,en,whey protein taste artificial,2026-05-13T14:33:56.896653,twitter,"black friday saledeals sale alert! 4050 off at rival nutrition! hey everyone as many of you know, im proud to be a brand ambassador for , and they just launched an incredible 4050 off sale for black friday sale from november 17th, 2025 to","black friday saledeals sale alert! 4050 off rival nutrition! hey everyone many know, im proud brand ambassador , and launched incredible 4050 off sale black friday sale november 17th, 2025",44
1989969827889545507,@chiragbarjatya Mixability is a serious concern among the products available (lactose ones) . Would prefer a whey protein which has same mixability in a lesser amount of water.  And the taste of artificial Sweetener that lingers after you've had it is also annoying.,Sun Nov 16 08:12:33 +0000 2025,,,31,0,0,0,en,whey protein taste artificial,2026-05-13T14:33:56.896655,twitter,mixability is a serious concern among the products available lactose ones . would prefer a whey protein which has same mixability in a lesser amount of water. and the taste of artificial sweetener that lingers after you've had it is also annoying.,mixability serious concern among products available lactose ones . prefer whey protein which same mixability lesser amount water. and taste artificial sweetener lingers after you've annoying.,42
1989867067475202420,"Vanilla Protein Balls
High Protein,
Clean Ingredients

Ingredients (makes 9-10 balls)
    •    3 hard-boiled eggs, mashed
    •    ½ cup milk powder
    •    3 tbsp unsweetened desiccated coconut     
         (plus extra for rolling)
    •    3 tbsp almond flour
    •    1½ https://t.co/WTh5YFPof5",Sun Nov 16 01:24:13 +0000 2025,,,103,0,0,0,en,whey protein taste artificial,2026-05-13T14:33:56.896657,twitter,"vanilla protein balls high protein, clean ingredients ingredients makes 9-10 balls 3 hard-boiled eggs, mashed cup milk powder 3 tbsp unsweetened desiccated coconut plus extra for rolling 3 tbsp almond flour 1","vanilla protein balls high protein, clean ingredients ingredients makes 9-10 balls 3 hard-boiled eggs, mashed cup milk powder 3 tbsp unsweetened desiccated coconut plus extra rolling 3 tbsp almond flour 1",32
1989097776278564934,"@FearedBuck Maltodextrin is a highly processed carbohydrate (a chain of glucose molecules) that behaves in the body almost identically to pure sugar. For prediabetics and diabetics, it poses serious risks due to its extremely high glycemic index (GI of 85–136, often higher than table sugar",Thu Nov 13 22:27:20 +0000 2025,,,120,12,0,0,en,whey protein taste artificial,2026-05-13T14:33:56.896659,twitter,"maltodextrin is a highly processed carbohydrate a chain of glucose molecules that behaves in the body almost identically to pure sugar. for prediabetics and diabetics, it poses serious risks due to its extremely high glycemic index gi of 85136, often higher than table sugar","maltodextrin highly processed carbohydrate chain glucose molecules behaves body almost identically pure sugar. prediabetics and diabetics, poses serious risks due its extremely high glycemic index gi 85136, often higher table sugar",44
1986606565156422082,"Ice Spice's ""Munchkins"" Drink L Size consists of a base cream, ""coffee"" syrup, and FOUR donut holes smushed in a Vitamix blender.

Ever wonder why fast food companies come up with new flavors every three weeks? Why H&amp;M and Zara have 45 different fashion seasons? 

Our base needs https://t.co/EbWzZomb31",Fri Nov 07 01:28:09 +0000 2025,,,47,5,0,0,en,whey protein taste artificial,2026-05-13T14:33:56.896661,twitter,"ice spice's munchkins drink l size consists of a base cream, coffee syrup, and four donut holes smushed in a vitamix blender. ever wonder why fast food companies come up with new flavors every three weeks? why hampm and zara have 45 different fashion seasons? our base needs","ice spice's munchkins drink l size consists base cream, coffee syrup, and four donut holes smushed vitamix blender. ever wonder why fast food companies come up new flavors every three weeks? why hampm and zara 45 different fashion seasons? our base needs",48
1980341467668529224,"What’s really in a $BYND burger? 🍔🌱
Let’s break down the ingredients — they’re not the mystery some people think:
•Pea Protein Isolate: Clean, high-quality plant protein that builds muscle like soy or whey — without allergens.
•Canola &amp; Coconut Oil: Give the juicy texture and",Mon Oct 20 18:32:53 +0000 2025,,,265,0,0,0,en,whey protein taste artificial,2026-05-13T14:33:56.896664,twitter,"whats really in a bynd burger? lets break down the ingredients theyre not the mystery some people think pea protein isolate clean, high-quality plant protein that builds muscle like soy or whey without allergens. canola amp coconut oil give the juicy texture and","whats bynd burger? lets break down ingredients theyre mystery some people think pea protein isolate clean, high-quality plant protein builds muscle like soy whey without allergens. canola amp coconut oil give juicy texture and",43
1960708401538982029,"@RachelToRome I asked Grok for you: Ascent protein powder is a high-quality option, ideal for those prioritizing clean, minimally processed ingredients and third-party certifications. Made by a Denver-based company focused on athletic performance, it offers whey (native whey blend) and",Wed Aug 27 14:18:05 +0000 2025,,,10330,1,0,0,en,whey protein taste artificial,2026-05-13T14:33:56.896665,twitter,"i asked grok for you ascent protein powder is a high-quality option, ideal for those prioritizing clean, minimally processed ingredients and third-party certifications. made by a denver-based company focused on athletic performance, it offers whey native whey blend and","asked grok ascent protein powder high-quality option, ideal prioritizing clean, minimally processed ingredients and third-party certifications. made denver-based company focused athletic performance, offers whey native whey blend and",39
1954351311308153109,"#Day17 working my #HFNW (Health, Fitness, Nutrition, and Wellness) — soon to be branded “Bodari.”

As part of my #WalkItLikeITalkIt, I’m bringing back my daily monday - friday BIG BEAUTIFUL ORGANIC SALAD 🥗, paired with at least two hard-boiled eggs. Eggs are essential for me—not https://t.co/BmTHWm9bZ2",Sun Aug 10 01:17:17 +0000 2025,,,1362,0,0,1,en,whey protein taste artificial,2026-05-13T14:33:56.896667,twitter,"day17 working my hfnw health, fitness, nutrition, and wellness soon to be branded bodari. as part of my walkitlikeitalkit, im bringing back my daily monday - friday big beautiful organic salad , paired with at least two hard-boiled eggs. eggs are essential for menot","day17 working hfnw health, fitness, nutrition, and wellness soon branded bodari. part walkitlikeitalkit, im bringing back daily monday - friday big beautiful organic salad , paired least two hard-boiled eggs. eggs essential menot",44
1952522880064925865,"Finally found a good whey protein powder that don’t taste like cardboard and contain all that sugar and artificial sweeteners. Powder, oatmeal and protein oats with a tablespoon of peanut butter and a handful of ice 👌🏾 tastes like a good milkshake",Tue Aug 05 00:11:45 +0000 2025,,,1708,0,0,0,en,whey protein taste artificial,2026-05-13T14:33:56.896670,twitter,"finally found a good whey protein powder that dont taste like cardboard and contain all that sugar and artificial sweeteners. powder, oatmeal and protein oats with a tablespoon of peanut butter and a handful of ice tastes like a good milkshake","finally found good whey protein powder dont taste like cardboard and contain all sugar and artificial sweeteners. powder, oatmeal and protein oats tablespoon peanut butter and handful ice tastes like good milkshake",41
1948282265492185595,"Revant Himatsingka, aka foodfarmer, yesterday launched his brand ""Only What's Needed"" 👀

- Whey protein concentrate, made with Only What's Needed
- 24g of protein in each scoop
- Super light, with the natural taste of real cocoa
- No artificial or natural flavours, no artificial https://t.co/zPrEYl4yQJ",Thu Jul 24 07:21:04 +0000 2025,,,1827,3,0,1,en,whey protein taste artificial,2026-05-13T14:33:56.896672,twitter,"revant himatsingka, aka foodfarmer, yesterday launched his brand only what's needed - whey protein concentrate, made with only what's needed - 24g of protein in each scoop - super light, with the natural taste of real cocoa - no artificial or natural flavours, no artificial","revant himatsingka, aka foodfarmer, yesterday launched his brand only what's needed - whey protein concentrate, made only what's needed - 24g protein each scoop - super light, natural taste real cocoa - no artificial natural flavours, no artificial",45
1946145498080940502,"Not anything personal with you and your work.

Corporates ruin our metabolic health with long working hours on screens, requires cafes with beautiful views to compensate some of that.

It's like supplement manufacturerers creating whey protein powder and adding artificial",Fri Jul 18 09:50:19 +0000 2025,,,332,0,0,0,en,whey protein taste artificial,2026-05-13T14:33:59.668534,twitter,"not anything personal with you and your work. corporates ruin our metabolic health with long working hours on screens, requires cafes with beautiful views to compensate some of that. it's like supplement manufacturerers creating whey protein powder and adding artificial","anything personal and work. corporates ruin our metabolic health long working hours screens, requires cafes beautiful views compensate some that. it's like supplement manufacturerers creating whey protein powder and adding artificial",40
1938288902009413671,"🏋️‍♂️ Elevate Your Performance with Healthfarm Nitra Whey Protein! 🍫

🔗 Fuel your fitness journey with Healthfarm Nitra Whey Protein today! 
https://t.co/7y4lG0VNXj 

Are you ready to take your muscle growth and recovery to the next level? Look no further than Healthfarm Nitra https://t.co/HeAlod9S5W",Thu Jun 26 17:31:00 +0000 2025,,,49,0,0,0,en,whey protein taste artificial,2026-05-13T14:33:59.668550,twitter,elevate your performance with healthfarm nitra whey protein! fuel your fitness journey with healthfarm nitra whey protein today! are you ready to take your muscle growth and recovery to the next level? look no further than healthfarm nitra,elevate performance healthfarm nitra whey protein! fuel fitness journey healthfarm nitra whey protein today! ready take muscle growth and recovery next level? look no further healthfarm nitra,38
1936202817531691015,"It’s here! Meet the newest addition to your daily wellness routine:

Whey Protein Isolate, clean, fast-absorbing, bioactive protein powder designed to fuel muscle recovery, support metabolism, and keep you feeling fuller, longer.*

Crafted for active lifestyles and busy https://t.co/v35uhc28KV",Fri Jun 20 23:21:39 +0000 2025,,,464,1,1,0,en,whey protein taste artificial,2026-05-13T14:33:59.668553,twitter,"its here! meet the newest addition to your daily wellness routine whey protein isolate, clean, fast-absorbing, bioactive protein powder designed to fuel muscle recovery, support metabolism, and keep you feeling fuller, longer. crafted for active lifestyles and busy","its here! meet newest addition daily wellness routine whey protein isolate, clean, fast-absorbing, bioactive protein powder designed fuel muscle recovery, support metabolism, and keep feeling fuller, longer. crafted active lifestyles and busy",38
1932851991966859483,"“Hand Luggage” Airport Protein Bar

Refreshing to see in a place mostly filled with unhealthy snacks.

Yeah, some airports already have some alternatives but they’re usually artificial sweetener ladened pieces of crap that leave you feeling bloated and tired.

Or muesli bars https://t.co/XmBfYMX0AN",Wed Jun 11 17:26:40 +0000 2025,,,21,2,0,0,en,whey protein taste artificial,2026-05-13T14:33:59.668555,twitter,"hand luggage airport protein bar refreshing to see in a place mostly filled with unhealthy snacks. yeah, some airports already have some alternatives but theyre usually artificial sweetener ladened pieces of crap that leave you feeling bloated and tired. or muesli bars","hand luggage airport protein bar refreshing see place mostly filled unhealthy snacks. yeah, some airports already some alternatives theyre usually artificial sweetener ladened pieces crap leave feeling bloated and tired. muesli bars",42
1932414084185534834,"@JustThatGuyAdam Cleaner than dymatize or rule 1, but still has artificial sweeteners.  There is a stevia version, but could not find that yet on Amazon.  22 grams protein per standard 30 gram scoop, standard whey.  Just wrapping up 5 mile run.  Ill know taste in a bit.",Tue Jun 10 12:26:34 +0000 2025,,,340,1,0,0,en,whey protein taste artificial,2026-05-13T14:33:59.668557,twitter,"cleaner than dymatize or rule 1, but still has artificial sweeteners. there is a stevia version, but could not find that yet on amazon. 22 grams protein per standard 30 gram scoop, standard whey. just wrapping up 5 mile run. ill know taste in a bit.","cleaner dymatize rule 1, still artificial sweeteners. there stevia version, find yet amazon. 22 grams protein per standard 30 gram scoop, standard whey. wrapping up 5 mile run. ill know taste bit.",46
1929989494071320860,"MISFITS new &amp; softer caramel fudge: 4.5/10

actually, really soft, the only one so far that doesn't taste as nutty, this is definitely the best one I've tried, obviously a hint of nut flavour, you can taste the artificial caramel, but it does taste like whey protein powder ifykyk https://t.co/QWberR3wfb",Tue Jun 03 19:52:07 +0000 2025,,,437,1,0,1,en,whey protein taste artificial,2026-05-13T14:33:59.668560,twitter,"misfits new amp softer caramel fudge 4.510 actually, really soft, the only one so far that doesn't taste as nutty, this is definitely the best one i've tried, obviously a hint of nut flavour, you can taste the artificial caramel, but it does taste like whey protein powder ifykyk","misfits new amp softer caramel fudge 4.510 actually, soft, only one far doesn't taste nutty, definitely best one i've tried, obviously hint nut flavour, taste artificial caramel, taste like whey protein powder ifykyk",49
1929921606828101820,"@amymc_87_ @TRobinsonNewEra They can actually eat Frazzles 

No, Frazzles do not contain actual bacon. While they are designed to look and taste like bacon, they are a vegetarian snack. The bacon flavor is achieved through the use of flavoring ingredients, not actual bacon. 
Here's a more detailed",Tue Jun 03 15:22:21 +0000 2025,,,1765,0,0,0,en,whey protein taste artificial,2026-05-13T14:33:59.668562,twitter,"they can actually eat frazzles no, frazzles do not contain actual bacon. while they are designed to look and taste like bacon, they are a vegetarian snack. the bacon flavor is achieved through the use of flavoring ingredients, not actual bacon. here's a more detailed","actually eat frazzles no, frazzles contain actual bacon. while designed look and taste like bacon, vegetarian snack. bacon flavor achieved through use flavoring ingredients, actual bacon. here's more detailed",45
1927309994204041312,"Is there any vegan protein powder that doesn't have artificial sweeteners and doesn't taste disgusting? 

I'm happy with whey powder but would happily go vegan.",Tue May 27 10:24:44 +0000 2025,,,1955,2,0,4,en,whey protein taste artificial,2026-05-13T14:33:59.668564,twitter,is there any vegan protein powder that doesn't have artificial sweeteners and doesn't taste disgusting? i'm happy with whey powder but would happily go vegan.,there any vegan protein powder doesn't artificial sweeteners and doesn't taste disgusting? i'm happy whey powder happily go vegan.,25
1927256961973694511,"Protein Powder Decoded 💪– Which Type is Best for You? (Full Breakdown for Men &amp; Women)

Not all protein powders are created equal. From muscle repair to metabolism, hormones to hair growth the type of protein you use matters.

Here’s the complete breakdown by source, benefit,",Tue May 27 06:54:01 +0000 2025,,,38926,16,6,1,en,whey protein taste artificial,2026-05-13T14:33:59.668566,twitter,"protein powder decoded which type is best for you? full breakdown for men amp women not all protein powders are created equal. from muscle repair to metabolism, hormones to hair growth the type of protein you use matters. heres the complete breakdown by source, benefit,","protein powder decoded which type best you? full breakdown men amp women all protein powders created equal. muscle repair metabolism, hormones hair growth type protein use matters. heres complete breakdown source, benefit,",45
1925711866631704821,"@levelsio American protein powders have artificial sweeteners that are 5-600x sweeter than sugar. They mess up your gut micro biome and also desensitize your tastebuds and can cause taste disruptions. 

Use Inca Whey, just plain whey protein, no sugar, no sweetener nothing.",Fri May 23 00:34:21 +0000 2025,,,422,1,0,0,en,whey protein taste artificial,2026-05-13T14:33:59.668568,twitter,"american protein powders have artificial sweeteners that are 5-600x sweeter than sugar. they mess up your gut micro biome and also desensitize your tastebuds and can cause taste disruptions. use inca whey, just plain whey protein, no sugar, no sweetener nothing.","american protein powders artificial sweeteners 5-600x sweeter sugar. mess up gut micro biome and desensitize tastebuds and cause taste disruptions. use inca whey, plain whey protein, no sugar, no sweetener nothing.",41
1924239432913223752,"Unleash the power of pure protein with Pure3 Vanilla Whey Protein Isolate! Boost muscle growth &amp; recovery with a creamy, delightful taste. No artificial sweeteners, just pure performance. Grab yours for just $49.86! https://t.co/uRboSjBMLe #Biosuvrana #FitnessFuel https://t.co/FhpBweBTje",Sun May 18 23:03:26 +0000 2025,,,1,0,0,0,en,whey protein taste artificial,2026-05-13T14:33:59.668570,twitter,"unleash the power of pure protein with pure3 vanilla whey protein isolate! boost muscle growth amp recovery with a creamy, delightful taste. no artificial sweeteners, just pure performance. grab yours for just 49.86! biosuvrana fitnessfuel","unleash power pure protein pure3 vanilla whey protein isolate! boost muscle growth amp recovery creamy, delightful taste. no artificial sweeteners, pure performance. grab yours 49.86! biosuvrana fitnessfuel",35
1924191812325122176,"China Cheetos vs. USA Cheetos. 😲

I’m looking at a bag of Chinese Cheetos and here are the ingredients: Corn meal, vegetable oil, rich cheddar cheese flavoring. 

USA ingredients: Enriched corn meal (corn meal, ferrous sulphate, niacin, thiamin mononitrate, riboflavin, folic https://t.co/lkaFkjyDte",Sun May 18 19:54:12 +0000 2025,,,83691,2,0,4,en,whey protein taste artificial,2026-05-13T14:33:59.668572,twitter,"china cheetos vs. usa cheetos. im looking at a bag of chinese cheetos and here are the ingredients corn meal, vegetable oil, rich cheddar cheese flavoring. usa ingredients enriched corn meal corn meal, ferrous sulphate, niacin, thiamin mononitrate, riboflavin, folic","china cheetos vs. usa cheetos. im looking bag chinese cheetos and here ingredients corn meal, vegetable oil, rich cheddar cheese flavoring. usa ingredients enriched corn meal corn meal, ferrous sulphate, niacin, thiamin mononitrate, riboflavin, folic",40
1923512238280933469,"Advanced 100% Whey Protein Isolate Vanilla – Clean, High-Quality Protein Powder for Lean Nutrition and Smooth Daily Fuel

Pure Vanilla. Pure Focus. Pure Fuel.

12 FUEL’s Advanced 100% Whey Protein Isolate – Vanilla is engineered for individuals who take their training, recovery, https://t.co/wXeV2bgOAZ",Fri May 16 22:53:49 +0000 2025,,,1444,0,0,0,en,whey protein taste artificial,2026-05-13T14:33:59.668575,twitter,"advanced 100 whey protein isolate vanilla clean, high-quality protein powder for lean nutrition and smooth daily fuel pure vanilla. pure focus. pure fuel. 12 fuels advanced 100 whey protein isolate vanilla is engineered for individuals who take their training, recovery,","advanced 100 whey protein isolate vanilla clean, high-quality protein powder lean nutrition and smooth daily fuel pure vanilla. pure focus. pure fuel. 12 fuels advanced 100 whey protein isolate vanilla engineered individuals who take their training, recovery,",40
1923163355487011045,"Advanced 100% Whey Protein Isolate Chocolate – Clean, Fast-Digesting Protein for Strength, Recovery, and Daily Fuel

Precision Protein for High-Performing Bodies

12 FUEL’s Advanced 100% Whey Protein Isolate – Chocolate delivers what disciplined individuals demand, clean https://t.co/tV3IGmHjzw",Thu May 15 23:47:29 +0000 2025,,,1444,0,0,0,en,whey protein taste artificial,2026-05-13T14:33:59.668578,twitter,"advanced 100 whey protein isolate chocolate clean, fast-digesting protein for strength, recovery, and daily fuel precision protein for high-performing bodies 12 fuels advanced 100 whey protein isolate chocolate delivers what disciplined individuals demand, clean","advanced 100 whey protein isolate chocolate clean, fast-digesting protein strength, recovery, and daily fuel precision protein high-performing bodies 12 fuels advanced 100 whey protein isolate chocolate delivers what disciplined individuals demand, clean",34
1922822763645108471,"https://t.co/fInHan8yxL 
Smart Protein Bar-12 pack

Made with real ingredients (that you can pronounce)
Raw, cold pressed bar with whey protein isolate + prebiotic fibre.

We focus on simple, purposeful ingredients:

Fiber
Our non-GMO soluble fibre supports digestion and gut",Thu May 15 01:14:05 +0000 2025,,,8164,0,0,0,en,whey protein taste artificial,2026-05-13T14:33:59.668581,twitter,"smart protein bar-12 pack made with real ingredients that you can pronounce raw, cold pressed bar with whey protein isolate prebiotic fibre. we focus on simple, purposeful ingredients fiber our non-gmo soluble fibre supports digestion and gut","smart protein bar-12 pack made real ingredients pronounce raw, cold pressed bar whey protein isolate prebiotic fibre. focus simple, purposeful ingredients fiber our non-gmo soluble fibre supports digestion and gut",37
1921889250011754853,"🌿NATURALTEIN The Good Prot Chocolate - 1 kg at ₹1,642/-
🎉Use code: DHAMAKA8 to get an extra 8% off
🛒https://t.co/ZcGvxkHKqs

22g of Protein per Serving: Supports muscle growth and repair

Premium Protein Blend: Combines the benefits of pea and whey protein

Natural Flavors:",Mon May 12 11:24:38 +0000 2025,,,1100,0,0,0,en,whey protein taste artificial,2026-05-13T14:33:59.668583,twitter,"naturaltein the good prot chocolate - 1 kg at 1,642- use code dhamaka8 to get an extra 8 off 22g of protein per serving supports muscle growth and repair premium protein blend combines the benefits of pea and whey protein natural flavors","naturaltein good prot chocolate - 1 kg 1,642- use code dhamaka8 get extra 8 off 22g protein per serving supports muscle growth and repair premium protein blend combines benefits pea and whey protein natural flavors",42
1919958173231743128,"From a One-Way Flight to a One-Track Mission: Making India Healthier!

When I took that one-way flight from the U.S. to India, I carried just one dream with me - how can we make India a healthier nation?

It started with a simple yet powerful idea:
𝐔𝐧𝐣𝐮𝐧𝐤𝐢𝐧𝐠.

We took on https://t.co/Hv8Y8mxB8H",Wed May 07 03:31:14 +0000 2025,,,5138,9,0,1,en,whey protein taste artificial,2026-05-13T14:33:59.668585,twitter,"from a one-way flight to a one-track mission making india healthier! when i took that one-way flight from the u.s. to india, i carried just one dream with me - how can we make india a healthier nation? it started with a simple yet powerful idea . we took on","one-way flight one-track mission making india healthier! when took one-way flight u.s. india, carried one dream - how make india healthier nation? started simple yet powerful idea . took",50
1918306233951699326,"@liz_churchill10 The Cabal / Khazarian Mafia has systematically deployed “weapons systems” into the various businesses it controls.

Imagine that the purpose of the weapons system is to quietly, silently try to “get the numbers down” of population on Earth.

These weapons systems include the",Fri May 02 14:07:01 +0000 2025,,,13172,44,15,0,en,whey protein taste artificial,2026-05-13T14:33:59.668587,twitter,"the cabal khazarian mafia has systematically deployed weapons systems into the various businesses it controls. imagine that the purpose of the weapons system is to quietly, silently try to get the numbers down of population on earth. these weapons systems include the","cabal khazarian mafia systematically deployed weapons systems into various businesses controls. imagine purpose weapons system quietly, silently try get numbers down population earth. weapons systems include",42
1918212613684773068,"May is Blood Pressure Awareness Month — and what you eat matters 💓
Certain foods can help naturally support healthy blood pressure... and the best part? They can taste amazing too!

Here are a few powerful ingredients to include in your daily routine:
✔️ Oats – high in fibre, https://t.co/HeBbsWn360",Fri May 02 07:55:00 +0000 2025,,,12,0,0,0,en,whey protein taste artificial,2026-05-13T14:33:59.668590,twitter,"may is blood pressure awareness month and what you eat matters certain foods can help naturally support healthy blood pressure... and the best part? they can taste amazing too! here are a few powerful ingredients to include in your daily routine oats high in fibre,","blood pressure awareness month and what eat matters certain foods help naturally support healthy blood pressure... and best part? taste amazing too! here few powerful ingredients include daily routine oats high fibre,",45
1915993583447953677,Hey @AvvatarIndia I bought chocolate hazelnut wheyprotein a month before from offline store and the store owner was authorised seller of your and your whey protein is tasting horrible it was good at start but from few week is tasting horrible i feeling taste of artificial flavour,Sat Apr 26 04:57:22 +0000 2025,,,0,0,0,0,en,whey protein taste artificial,2026-05-13T14:33:59.668592,twitter,hey i bought chocolate hazelnut wheyprotein a month before from offline store and the store owner was authorised seller of your and your whey protein is tasting horrible it was good at start but from few week is tasting horrible i feeling taste of artificial flavour,hey bought chocolate hazelnut wheyprotein month before offline store and store owner authorised seller and whey protein tasting horrible good start few week tasting horrible feeling taste artificial flavour,46
1912470420009414912,"Pure3 100% Whey Protein Isolate Chocolate – Clean, High-Performance Protein for Recovery, Fuel, and Daily Strength

Pure Protein. Pure Performance. Pure Focus.

When you expect more from your training, recovery, and results, what you put in your body matters. 12 FUEL’s Pure3 100% https://t.co/B6VgeuFoPd",Wed Apr 16 11:37:34 +0000 2025,,,1444,0,0,0,en,whey protein taste artificial,2026-05-13T14:34:02.276790,twitter,"pure3 100 whey protein isolate chocolate clean, high-performance protein for recovery, fuel, and daily strength pure protein. pure performance. pure focus. when you expect more from your training, recovery, and results, what you put in your body matters. 12 fuels pure3 100","pure3 100 whey protein isolate chocolate clean, high-performance protein recovery, fuel, and daily strength pure protein. pure performance. pure focus. when expect more training, recovery, and results, what put body matters. 12 fuels pure3 100",42
1911060672718217618,"@horsepower @c6_shanky get whichever one doesn't have artificial sweeteners (taste really fucking weird) and is just whey protein, no pea protein or soy protein (has the wrong amino acid composition)",Sat Apr 12 14:15:44 +0000 2025,,,16,1,0,0,en,whey protein taste artificial,2026-05-13T14:34:02.276804,twitter,"get whichever one doesn't have artificial sweeteners taste really fucking weird and is just whey protein, no pea protein or soy protein has the wrong amino acid composition","get whichever one doesn't artificial sweeteners taste fucking weird and whey protein, no pea protein soy protein wrong amino acid composition",28
1910763341351657648,"PSA: Your protein powder shouldn’t taste like punishment.

Post by @healthy.mom.healthy.family 
I finally found a protein that’s clean, delicious, and actually supports my gut—@MarigoldFoodsTX is my new daily go-to.

Why it’s a game-changer:
✔️ Grass-fed whey isolate = https://t.co/j35YazRLAj",Fri Apr 11 18:34:15 +0000 2025,,,7007,1,0,0,en,whey protein taste artificial,2026-05-13T14:34:02.276807,twitter,"psa your protein powder shouldnt taste like punishment. post by .mom.healthy.family i finally found a protein thats clean, delicious, and actually supports my gut is my new daily go-to. why its a game-changer grass-fed whey isolate","psa protein powder shouldnt taste like punishment. post .mom.healthy.family finally found protein thats clean, delicious, and actually supports gut new daily go-to. why its game-changer grass-fed whey isolate",36
1905560821523972510,"@Nancy023922191 The Cabal has systematically deployed “weapons systems” into the various businesses it controls.

The purpose of the weapons system is to quietly, silently try to “get the numbers down” of population on Earth.

These weapons systems include the following — even though mainstream",Fri Mar 28 10:01:18 +0000 2025,,,13172,0,0,0,en,whey protein taste artificial,2026-05-13T14:34:02.276808,twitter,"the cabal has systematically deployed weapons systems into the various businesses it controls. the purpose of the weapons system is to quietly, silently try to get the numbers down of population on earth. these weapons systems include the following even though mainstream","cabal systematically deployed weapons systems into various businesses controls. purpose weapons system quietly, silently try get numbers down population earth. weapons systems include following even though mainstream",42
1899494561866760510,"How do you make your blender shakes taste good? I got some thorne vanilla, hoping it would be the solution, but it still tastes a bit artificial and meh. To improve my gut function, I'm trying to avoid fructose, fruit and anything with seeds, so my mainstay of frozen berries is a",Tue Mar 11 16:16:09 +0000 2025,,,814,1,0,4,en,whey protein taste artificial,2026-05-13T14:34:02.276810,twitter,"how do you make your blender shakes taste good? i got some thorne vanilla, hoping it would be the solution, but it still tastes a bit artificial and meh. to improve my gut function, i'm trying to avoid fructose, fruit and anything with seeds, so my mainstay of frozen berries is a","how make blender shakes taste good? got some thorne vanilla, hoping solution, still tastes bit artificial and meh. improve gut function, i'm trying avoid fructose, fruit and anything seeds, mainstay frozen berries",52
1897753580372725963,@prolpo My problem w the protein powder is sometimes it can taste artificial. now I use designer whey--only for pure convenience cause they sell it in Trader Joe's-- but don't really recomnend. it's ok stirred in plain greek yogurt but makes other stuff taste fake.,Thu Mar 06 20:58:06 +0000 2025,,,384,1,0,1,en,whey protein taste artificial,2026-05-13T14:34:02.276812,twitter,my problem w the protein powder is sometimes it can taste artificial. now i use designer whey--only for pure convenience cause they sell it in trader joe's-- but don't really recomnend. it's ok stirred in plain greek yogurt but makes other stuff taste fake.,problem w protein powder sometimes taste artificial. now use designer whey--only pure convenience cause sell trader joe's-- don't recomnend. it's ok stirred plain greek yogurt makes other stuff taste fake.,44
1893122045782688217,"@FortWayneCPA https://t.co/DlHl47lZPp   I hate artificial sweeteners.  They don't use them.  Whey protein is great.  Vegetarian (Pea based) if you must, but it doesn't taste good.",Sat Feb 22 02:14:02 +0000 2025,,,34,1,0,0,en,whey protein taste artificial,2026-05-13T14:34:02.276814,twitter,"i hate artificial sweeteners. they don't use them. whey protein is great. vegetarian pea based if you must, but it doesn't taste good.","hate artificial sweeteners. don't use them. whey protein great. vegetarian pea based must, doesn't taste good.",23
1890430204906012976,"https://t.co/n6M3y7HIkC
The @musclesportusa  Clean Whey Naturals brings strawberry milk taste without artificial ingredients. Victoria shows how natural protein can taste just as good as traditional formulas. https://t.co/rur7ZrVyUP",Fri Feb 14 15:57:38 +0000 2025,,,3496,2,0,0,en,whey protein taste artificial,2026-05-13T14:34:02.276816,twitter,the clean whey naturals brings strawberry milk taste without artificial ingredients. victoria shows how natural protein can taste just as good as traditional formulas.,clean whey naturals brings strawberry milk taste without artificial ingredients. victoria shows how natural protein taste good traditional formulas.,24
1887529858172928395,"PRIMA 
(https://t.co/gvqMXS9YAY)

EAT LIKE WE DID BEFORE

Rich, organic, nutrient-dense cacao blended with organic raw honey, vanilla, and coconut—a pure, indulgent flavor straight from nature. If Mother Nature baked you a brownie, this is what it would taste like.

16G Grass-fed https://t.co/n5D0xlyNr5",Thu Feb 06 15:52:41 +0000 2025,,,4623,4,0,1,en,whey protein taste artificial,2026-05-13T14:34:02.276818,twitter,"prima eat like we did before rich, organic, nutrient-dense cacao blended with organic raw honey, vanilla, and coconuta pure, indulgent flavor straight from nature. if mother nature baked you a brownie, this is what it would taste like. 16g grass-fed","prima eat like before rich, organic, nutrient-dense cacao blended organic raw honey, vanilla, and coconuta pure, indulgent flavor straight nature. mother nature baked brownie, what taste like. 16g grass-fed",40
1885352526750286214,@Ketbugz The chalkiness is due to powdered whey/plant protein. Like a protein powder. It’s powdery. I think. Sometimes they add lower quality artificial sweeteners to mask that taste with something “sweet” and “nice” without the added calories.,Fri Jan 31 15:40:45 +0000 2025,,,115,2,0,1,en,whey protein taste artificial,2026-05-13T14:34:02.276820,twitter,the chalkiness is due to powdered wheyplant protein. like a protein powder. its powdery. i think. sometimes they add lower quality artificial sweeteners to mask that taste with something sweet and nice without the added calories.,chalkiness due powdered wheyplant protein. like protein powder. its powdery. think. sometimes add lower quality artificial sweeteners mask taste something sweet and nice without added calories.,36
1876095666960945197,"The ultra-processed food file #3. 

Lay's Sour Cream &amp; Onion: that tangy, creamy, and undeniably addictive flavor that makes it hard to eat just one. These chips are like a carefully crafted illusion of flavor. They promise the cool, refreshing taste of sour cream and onion, but",Mon Jan 06 02:37:17 +0000 2025,,,215,0,0,0,en,whey protein taste artificial,2026-05-13T14:34:02.276821,twitter,"the ultra-processed food file 3. lay's sour cream amp onion that tangy, creamy, and undeniably addictive flavor that makes it hard to eat just one. these chips are like a carefully crafted illusion of flavor. they promise the cool, refreshing taste of sour cream and onion, but","ultra-processed food file 3. lay's sour cream amp onion tangy, creamy, and undeniably addictive flavor makes hard eat one. chips like carefully crafted illusion flavor. promise cool, refreshing taste sour cream and onion,",47
1874142570345042076,"Transform Your Nutrition with Pure3 100% Whey Protein Isolate (Vanilla)

Fuel your fitness goals with Pure3 100% Whey Protein Isolate (Vanilla) a premium protein supplement that delivers clean, high-quality nutrition with a creamy, indulgent flavor. Designed for athletes, fitness https://t.co/jqPz40aBse",Tue Dec 31 17:16:23 +0000 2024,,,1444,0,0,0,en,whey protein taste artificial,2026-05-13T14:34:02.276823,twitter,"transform your nutrition with pure3 100 whey protein isolate vanilla fuel your fitness goals with pure3 100 whey protein isolate vanilla a premium protein supplement that delivers clean, high-quality nutrition with a creamy, indulgent flavor. designed for athletes, fitness","transform nutrition pure3 100 whey protein isolate vanilla fuel fitness goals pure3 100 whey protein isolate vanilla premium protein supplement delivers clean, high-quality nutrition creamy, indulgent flavor. designed athletes, fitness",39
1873781038121701423,"Pure3 100% Whey Protein Isolate (Chocolate)

Fuel your fitness goals with Pure3 100% Whey Protein Isolate (Chocolate) a premium protein supplement crafted for those who demand clean nutrition and exceptional taste. Packed with the purest form of whey protein isolate, this https://t.co/4unJzNR0at",Mon Dec 30 17:19:47 +0000 2024,,,1444,0,0,0,en,whey protein taste artificial,2026-05-13T14:34:02.276825,twitter,"pure3 100 whey protein isolate chocolate fuel your fitness goals with pure3 100 whey protein isolate chocolate a premium protein supplement crafted for those who demand clean nutrition and exceptional taste. packed with the purest form of whey protein isolate, this","pure3 100 whey protein isolate chocolate fuel fitness goals pure3 100 whey protein isolate chocolate premium protein supplement crafted who demand clean nutrition and exceptional taste. packed purest form whey protein isolate,",41
1868431587714744331,"@danaparish DIY with a battery whisk ($10 Amazon) 8 oz whole milk, whey or collagen &amp; trader joes choc syrup. Abt 220 cal,20g protein, 18g sugar &amp;no artificial ingred. Also add olive oil to soup &amp; pasta,whisk collagen &amp; MCT oil in coffee/tea for extra cals no weird taste",Sun Dec 15 23:02:58 +0000 2024,,,406,0,0,0,en,whey protein taste artificial,2026-05-13T14:34:02.276826,twitter,"diy with a battery whisk 10 amazon 8 oz whole milk, whey or collagen amp trader joes choc syrup. abt 220 cal,20g protein, 18g sugar ampno artificial ingred. also add olive oil to soup amp pasta,whisk collagen amp mct oil in coffeetea for extra cals no weird taste","diy battery whisk 10 amazon 8 oz whole milk, whey collagen amp trader joes choc syrup. abt 220 cal,20g protein, 18g sugar ampno artificial ingred. add olive oil soup amp pasta,whisk collagen amp mct oil coffeetea extra cals no weird taste",48
1866207439085060434,"We don't settle for ""good enough.""

Most protein shakes?

•  Full of junk 
•  Mystery ingredients 
•  Low-grade protein

But you? You demand more:

•  Grass pasture fed - Real food from real sources 
•  rBGH free - No artificial growth hormones 
•  Organically sourced -",Mon Dec 09 19:45:00 +0000 2024,,,26867,2,1,0,en,whey protein taste artificial,2026-05-13T14:34:02.276828,twitter,we don't settle for good enough. most protein shakes? full of junk mystery ingredients low-grade protein but you? you demand more grass pasture fed - real food from real sources rbgh free - no artificial growth hormones organically sourced -,don't settle good enough. most protein shakes? full junk mystery ingredients low-grade protein you? demand more grass pasture fed - real food real sources rbgh free - no artificial growth hormones organically sourced -,40
1854989593927368886,"Prime Protein is our grass-fed beef isolate protein powder

• 21g bioavailable complete protein per scoop
• Cleanest protein powder on the market
• Does not have any beefy taste
• 5g of glycine per scoop

We offer an unflavored option with one single ingredient: grass-fed https://t.co/jGQzPZDCek",Fri Nov 08 20:49:17 +0000 2024,,,7455,6,1,1,en,whey protein taste artificial,2026-05-13T14:34:02.276830,twitter,prime protein is our grass-fed beef isolate protein powder 21g bioavailable complete protein per scoop cleanest protein powder on the market does not have any beefy taste 5g of glycine per scoop we offer an unflavored option with one single ingredient grass-fed,prime protein our grass-fed beef isolate protein powder 21g bioavailable complete protein per scoop cleanest protein powder market any beefy taste 5g glycine per scoop offer unflavored option one single ingredient grass-fed,42
1854288743412502612,"🌄💪 Fuel up with Atlas Protein by Mt. Athos Performance! Sourced from pure goat milk, Atlas Protein delivers an impressive, easily digestible source of protein that supports strength, recovery, and overall wellness. 🐐✨ Unlike many whey proteins, goat milk protein is naturally https://t.co/DjB5CBgbKc",Wed Nov 06 22:24:22 +0000 2024,,,666,4,1,0,en,whey protein taste artificial,2026-05-13T14:34:02.276832,twitter,"fuel up with atlas protein by mt. athos performance! sourced from pure goat milk, atlas protein delivers an impressive, easily digestible source of protein that supports strength, recovery, and overall wellness. unlike many whey proteins, goat milk protein is naturally","fuel up atlas protein mt. athos performance! sourced pure goat milk, atlas protein delivers impressive, easily digestible source protein supports strength, recovery, and overall wellness. unlike many whey proteins, goat milk protein naturally",40
1839270304390029716,"No artificial flavour- whey comes from milk, so there is a mild taste of milk 

Zero cream -  low fat no cream 

Zero fillers- Has nothing else added 

32g of protein per serving 

Filled with Branched Chains Amino Acids",Thu Sep 26 11:46:27 +0000 2024,,,213,0,0,0,en,whey protein taste artificial,2026-05-13T14:34:02.276834,twitter,"no artificial flavour- whey comes from milk, so there is a mild taste of milk zero cream - low fat no cream zero fillers- has nothing else added 32g of protein per serving filled with branched chains amino acids","no artificial flavour- whey comes milk, there mild taste milk zero cream - low fat no cream zero fillers- nothing else added 32g protein per serving filled branched chains amino acids",39
1837092967569301895,"I didnt like by #avvatar whey protein 
Too sweet too artificial 
Hated the sweet taste of it 
Will go back to my first love @wholetruthfood 
Dates are much better than this Sucralose",Fri Sep 20 11:34:29 +0000 2024,,,274,0,0,0,en,whey protein taste artificial,2026-05-13T14:34:02.276835,twitter,i didnt like by avvatar whey protein too sweet too artificial hated the sweet taste of it will go back to my first love dates are much better than this sucralose,didnt like avvatar whey protein too sweet too artificial hated sweet taste go back first love dates much better sucralose,31
1836925910781677750,"🎃🍂🍁🐄 @thatglutenfreemomlife

I used to LOVE Starbucks, like went everyday loved Starbucks. Not only was it terrible for my wallet, but with all the added flavors and sugars, it was also was terrible for my health. 

I recently started drinking @marigoldfoodstx High Protein https://t.co/25IIYrTZGu",Fri Sep 20 00:30:40 +0000 2024,,,7007,0,0,0,en,whey protein taste artificial,2026-05-13T14:34:02.276837,twitter,"i used to love starbucks, like went everyday loved starbucks. not only was it terrible for my wallet, but with all the added flavors and sugars, it was also was terrible for my health. i recently started drinking high protein","used love starbucks, like went everyday loved starbucks. only terrible wallet, all added flavors and sugars, terrible health. recently started drinking high protein",40
1824961468250702124,"I spent years working in supplement distribution, and to me this is like being shocked that the majority of high quality protein powders are using Glanbia (LON: GLB) whey. 

consumers do not care about that. they expect large brands to use good quality whey sources. the whey is",Sun Aug 18 00:08:14 +0000 2024,,,13022,26,0,2,en,whey protein taste artificial,2026-05-13T14:34:06.696860,twitter,"i spent years working in supplement distribution, and to me this is like being shocked that the majority of high quality protein powders are using glanbia lon glb whey. consumers do not care about that. they expect large brands to use good quality whey sources. the whey is","spent years working supplement distribution, and like being shocked majority high quality protein powders using glanbia lon glb whey. consumers care about that. expect large brands use good quality whey sources. whey",48
1819350053628019001,"Not just for gym bros

- The Recommended Dietary Allowance (RDA) for protein is a modest 0.8 grams of protein per kilogram of body weight.
- But if you’re building muscles, you probably need a little  more. Protein plays a key role in muscle growth &amp; preservation; and leaves you https://t.co/NQt21pD3Oh",Fri Aug 02 12:30:29 +0000 2024,,,1513,12,0,0,en,whey protein taste artificial,2026-05-13T14:34:06.696879,twitter,"not just for gym bros - the recommended dietary allowance rda for protein is a modest 0.8 grams of protein per kilogram of body weight. - but if youre building muscles, you probably need a little more. protein plays a key role in muscle growth amp preservation and leaves you","gym bros - recommended dietary allowance rda protein modest 0.8 grams protein per kilogram body weight. - youre building muscles, probably need little more. protein plays key role muscle growth amp preservation and leaves",50
1819091835924394169,"whey vanilla raspberry protein bar 

VERY grainy texture u can taste a lot of protein powder,the raspberry bits taste a bit artificial and slightly tart, i like the white chocolate coating a lot but i haven’t rlly picked out any vanilla flavour. the macros are mehh 
7.5/10 https://t.co/cD79glxB9x",Thu Aug 01 19:24:25 +0000 2024,,,7915,11,0,1,en,whey protein taste artificial,2026-05-13T14:34:06.696882,twitter,"whey vanilla raspberry protein bar very grainy texture u can taste a lot of protein powder,the raspberry bits taste a bit artificial and slightly tart, i like the white chocolate coating a lot but i havent rlly picked out any vanilla flavour. the macros are mehh 7.510","whey vanilla raspberry protein bar grainy texture u taste lot protein powder,the raspberry bits taste bit artificial and slightly tart, like white chocolate coating lot havent rlly picked out any vanilla flavour. macros mehh 7.510",47
1816074719889678355,@V_ShapeFitness @fle73707369 What type of whey protein?  I have vanilla premier protein powder but I didn’t like the taste.  Very artificial tasting…in my opinion.  Is there one with no noticeable taste?,Wed Jul 24 11:35:28 +0000 2024,,,25,1,0,1,en,whey protein taste artificial,2026-05-13T14:34:06.696883,twitter,what type of whey protein? i have vanilla premier protein powder but i didnt like the taste. very artificial tastingin my opinion. is there one with no noticeable taste?,what type whey protein? vanilla premier protein powder didnt like taste. artificial tastingin opinion. there one no noticeable taste?,29
1806380303638020582,does anyone remember my protein bar phase? my mom told me to stop wasting money on them so i stopped eating them for a bit and now every time i try one it just tastes bad to me for some reason. it’s weird because i used to love them sm i’d crave the artificial whey taste,Thu Jun 27 17:33:19 +0000 2024,,,1067,1,0,1,en,whey protein taste artificial,2026-05-13T14:34:06.696885,twitter,does anyone remember my protein bar phase? my mom told me to stop wasting money on them so i stopped eating them for a bit and now every time i try one it just tastes bad to me for some reason. its weird because i used to love them sama id crave the artificial whey taste,anyone remember protein bar phase? mom told stop wasting money them stopped eating them bit and now every time try one tastes bad some reason. its weird because used love them sama id crave artificial whey taste,56
1803743907345248340,"⋆.˚𖦹 rocka nutrition white hazelnut nougat whey bar

35g • 144cal • 10g protein

disappointing unfortunately :( no hazelnut taste, very chalky texture, every component tastes heavily of artificial sweetener/protein - only positive is the bit of hazelnut cream at the top

4/10 https://t.co/dAXoa6Wklv",Thu Jun 20 10:57:14 +0000 2024,,,4055,6,0,1,en,whey protein taste artificial,2026-05-13T14:34:06.696888,twitter,". rocka nutrition white hazelnut nougat whey bar 35g 144cal 10g protein disappointing unfortunately no hazelnut taste, very chalky texture, every component tastes heavily of artificial sweetenerprotein - only positive is the bit of hazelnut cream at the top 410",". rocka nutrition white hazelnut nougat whey bar 35g 144cal 10g protein disappointing unfortunately no hazelnut taste, chalky texture, every component tastes heavily artificial sweetenerprotein - only positive bit hazelnut cream top 410",40
1799160662607708529,"@BowTiedGrandma You can, it tastes reminiscent of cinnamon toast crunch from the whey. It has more of that artificial taste (which you mostly can’t avoid if using protein powder) but still yummy!",Fri Jun 07 19:25:03 +0000 2024,,,2481,0,0,0,en,whey protein taste artificial,2026-05-13T14:34:06.696890,twitter,"you can, it tastes reminiscent of cinnamon toast crunch from the whey. it has more of that artificial taste which you mostly cant avoid if using protein powder but still yummy!","can, tastes reminiscent cinnamon toast crunch whey. more artificial taste which mostly cant avoid using protein powder still yummy!",31
1783486902156623965,"Some dietary supplements for sugar cravings can help minimize and reduce the urge to overeat sugar.  

And yet other supplements may help reduce the desire for sugar because they make your cells more responsive to glucose.

Not surprisingly, there are many research-backed https://t.co/aonfOX5HMh",Thu Apr 25 13:23:07 +0000 2024,,,74877,102,34,10,en,whey protein taste artificial,2026-05-13T14:34:06.696892,twitter,"some dietary supplements for sugar cravings can help minimize and reduce the urge to overeat sugar. and yet other supplements may help reduce the desire for sugar because they make your cells more responsive to glucose. not surprisingly, there are many research-backed","some dietary supplements sugar cravings help minimize and reduce urge overeat sugar. and yet other supplements help reduce desire sugar because make cells more responsive glucose. surprisingly, there many research-backed",42
1778770759290126438,"Tera's Whey Bourbon Vanilla Whey Protein! 🥃✨ Crafted with care and free from artificial hormones, our RBGH-free whey protein powder offers a deliciously smooth taste of Bourbon Vanilla in every scoop. #TerasWhey #WheyProtein #BourbonVanilla 🌿💪
https://t.co/FY1jgzkOkn https://t.co/faUl6lU5mZ",Fri Apr 12 13:02:51 +0000 2024,,,20,0,0,0,en,whey protein taste artificial,2026-05-13T14:34:06.696894,twitter,"tera's whey bourbon vanilla whey protein! crafted with care and free from artificial hormones, our rbgh-free whey protein powder offers a deliciously smooth taste of bourbon vanilla in every scoop. teraswhey wheyprotein bourbonvanilla","tera's whey bourbon vanilla whey protein! crafted care and free artificial hormones, our rbgh-free whey protein powder offers deliciously smooth taste bourbon vanilla every scoop. teraswhey wheyprotein bourbonvanilla",33
1773991646603919768,"Daily Quest- 30/03/2024

If you’re still having protein powder, you’re stupid as f*ck.

Yeah, I said it, you’re stupid.

Why?

Because how tf do you think that protein was made to taste like salted caramel, or chocolate brownie when it has 0 sugar?

Well, it’s because they’ve",Sat Mar 30 08:32:22 +0000 2024,,,382,6,0,2,en,whey protein taste artificial,2026-05-13T14:34:06.696896,twitter,"daily quest- 30032024 if youre still having protein powder, youre stupid as fck. yeah, i said it, youre stupid. why? because how tf do you think that protein was made to taste like salted caramel, or chocolate brownie when it has 0 sugar? well, its because theyve","daily quest- 30032024 youre still having protein powder, youre stupid fck. yeah, said it, youre stupid. why? because how tf think protein made taste like salted caramel, chocolate brownie when 0 sugar? well, its because theyve",47
1761263466034466929,"@RealMarcFoxx @KenDBerryMD It's an artificial product. It has effects on the brain and changes the way we taste food. Best avoided imo. I would look at sourcing a grass fed whey protein, which is just pure whey.",Sat Feb 24 05:35:07 +0000 2024,,,99,0,0,1,en,whey protein taste artificial,2026-05-13T14:34:06.696899,twitter,"it's an artificial product. it has effects on the brain and changes the way we taste food. best avoided imo. i would look at sourcing a grass fed whey protein, which is just pure whey.","it's artificial product. effects brain and changes way taste food. best avoided imo. look sourcing grass fed whey protein, which pure whey.",35
1759668356653981803,"Whey protein and fruit juice (2:1 carbs to protein) post-exercise can keep testosterone at the upper human limit, with a little genetic luck and no exogenous T supplements. 

https://t.co/dtx4TQkbTl

Vanilla whey, preferably ice cream or cake flavored, can be straight up https://t.co/E4YAHoSfFT",Mon Feb 19 19:56:43 +0000 2024,,,549,1,0,1,en,whey protein taste artificial,2026-05-13T14:34:06.696901,twitter,"whey protein and fruit juice 21 carbs to protein post-exercise can keep testosterone at the upper human limit, with a little genetic luck and no exogenous t supplements. vanilla whey, preferably ice cream or cake flavored, can be straight up","whey protein and fruit juice 21 carbs protein post-exercise keep testosterone upper human limit, little genetic luck and no exogenous t supplements. vanilla whey, preferably ice cream cake flavored, straight up",40
1754815306277470654,"How can I enjoy snacks without gaining weight?

The allure of unhealthy snacks is undeniable. To snack healthily and avoid weight gain, it is crucial to discern whether your snacking is driven by hunger or just cravings.

If it is hunger, perhaps your main meals are not",Tue Feb 06 10:32:26 +0000 2024,,,46,0,0,30,en,whey protein taste artificial,2026-05-13T14:34:06.696903,twitter,"how can i enjoy snacks without gaining weight? the allure of unhealthy snacks is undeniable. to snack healthily and avoid weight gain, it is crucial to discern whether your snacking is driven by hunger or just cravings. if it is hunger, perhaps your main meals are not","how enjoy snacks without gaining weight? allure unhealthy snacks undeniable. snack healthily and avoid weight gain, crucial discern whether snacking driven hunger cravings. hunger, perhaps main meals",47
1754759624345927814,"Whey Protein Guide

For those who struggle to meet daily protein goals, I would advise you to buy a high quality protein powder

Aim to consume one gram of protein per lb of body weight daily 

Obviously it is optimal to get your protein and nutrient intake from whole foods 
But https://t.co/GNCruplsWq",Tue Feb 06 06:51:10 +0000 2024,,,918,4,0,0,en,whey protein taste artificial,2026-05-13T14:34:06.696907,twitter,"whey protein guide for those who struggle to meet daily protein goals, i would advise you to buy a high quality protein powder aim to consume one gram of protein per lb of body weight daily obviously it is optimal to get your protein and nutrient intake from whole foods but","whey protein guide who struggle meet daily protein goals, advise buy high quality protein powder aim consume one gram protein per lb body weight daily obviously optimal get protein and nutrient intake whole foods",51
1752851792206172488,"Some clown left a 1 star review on our newly listed flavors.

1 star ⭐️ whey protein Amazon review…

- makes you big as hell
- way too satiating protein shakes in the morning
- makes yogurt bowls taste like dessert from a michelin star restaurant
- taste way too good without https://t.co/fZyW0eRErK",Thu Feb 01 00:30:08 +0000 2024,,,29720,91,3,14,en,whey protein taste artificial,2026-05-13T14:34:06.696909,twitter,some clown left a 1 star review on our newly listed flavors. 1 star whey protein amazon review - makes you big as hell - way too satiating protein shakes in the morning - makes yogurt bowls taste like dessert from a michelin star restaurant - taste way too good without,some clown left 1 star review our newly listed flavors. 1 star whey protein amazon review - makes big hell - way too satiating protein shakes morning - makes yogurt bowls taste like dessert michelin star restaurant - taste way too good without,51
1749356727722467355,"Update: I have jumped on the Amul Whey bandwagon! ✌️

Here's my first report:

# Taste: 8.5/10 
- Plain, but tastes like a malt bevarage, great for blending in fruits to create protein smoothies).
- Lactose free. No added sweeteners, color and flavour, ideal for me, as I don't https://t.co/JLRyZOVnDI",Mon Jan 22 09:02:00 +0000 2024,,,7169,26,1,4,en,whey protein taste artificial,2026-05-13T14:34:06.696911,twitter,"update i have jumped on the amul whey bandwagon! here's my first report taste 8.510 - plain, but tastes like a malt bevarage, great for blending in fruits to create protein smoothies. - lactose free. no added sweeteners, color and flavour, ideal for me, as i don't","update jumped amul whey bandwagon! here's first report taste 8.510 - plain, tastes like malt bevarage, great blending fruits create protein smoothies. - lactose free. no added sweeteners, color and flavour, ideal me, don't",47
1721611722182545659,"Actionable step #8: 

If you have the budget, choose an organic whey protein powder instead of the regular flavored ones.

It doesn't contain artificial sweeteners, emulsifiers and other crap that damages your gut health.

There are even vegan options, but they taste like sand.",Mon Nov 06 19:33:15 +0000 2023,,,668,4,1,1,en,whey protein taste artificial,2026-05-13T14:34:06.696913,twitter,"actionable step 8 if you have the budget, choose an organic whey protein powder instead of the regular flavored ones. it doesn't contain artificial sweeteners, emulsifiers and other crap that damages your gut health. there are even vegan options, but they taste like sand.","actionable step 8 budget, choose organic whey protein powder instead regular flavored ones. doesn't contain artificial sweeteners, emulsifiers and other crap damages gut health. there even vegan options, taste like sand.",44
1720086053577728020,"@12amsnackk it could be the taste of whey protein powder? personally idrm it but it could be an ick for some 
also tastes a little artificial if i’m gonna be honest but it’s good enough for me :D",Thu Nov 02 14:30:47 +0000 2023,,,36,0,0,0,en,whey protein taste artificial,2026-05-13T14:34:06.696915,twitter,it could be the taste of whey protein powder? personally idrm it but it could be an ick for some also tastes a little artificial if im gonna be honest but its good enough for me d,taste whey protein powder? personally idrm ick some tastes little artificial im gonna honest its good enough d,37
1719011379082854411,"What is in a Tostitos Nacho Cheese Dip?

Well, here is the REAL list.

Ingredients are listed in order of weight. Water being first means, it's the heaviest ingredient and by nature, will have a lot of thickening agents to bind the water and powders together. 

Main Ingredients https://t.co/qQJG5R2mPf",Mon Oct 30 15:20:25 +0000 2023,,,4761,4,0,3,en,whey protein taste artificial,2026-05-13T14:34:06.696917,twitter,"what is in a tostitos nacho cheese dip? well, here is the real list. ingredients are listed in order of weight. water being first means, it's the heaviest ingredient and by nature, will have a lot of thickening agents to bind the water and powders together. main ingredients","what tostitos nacho cheese dip? well, here real list. ingredients listed order weight. water being first means, it's heaviest ingredient and nature, lot thickening agents bind water and powders together. main ingredients",48
1708956577179509001,"""When I first tried this product I was impressed how good it tasted for not having artificial sweeteners. A lot of protein whey drinks taste awful, even with natural sweeteners this protein powder still has a pleasant taste to it."" - Chad A. https://t.co/LhfdPBCOhv via @looxio",Mon Oct 02 21:26:13 +0000 2023,,,1057958,10,0,1,en,whey protein taste artificial,2026-05-13T14:34:06.696919,twitter,"when i first tried this product i was impressed how good it tasted for not having artificial sweeteners. a lot of protein whey drinks taste awful, even with natural sweeteners this protein powder still has a pleasant taste to it. - chad a. via","when first tried product impressed how good tasted having artificial sweeteners. lot protein whey drinks taste awful, even natural sweeteners protein powder still pleasant taste it. - chad a. via",44
2052469455158943815,"@masyumoros My favorite is Hipro's coconut flavored shake, it honestly tastes way too sweet but I still like it, it has 25 grams of protein",Thu May 07 19:23:45 +0000 2026,,,930,1,0,0,en,protein shake too sweet,2026-05-13T14:34:18.520426,twitter,"my favorite is hipro's coconut flavored shake, it honestly tastes way too sweet but i still like it, it has 25 grams of protein","favorite hipro's coconut flavored shake, honestly tastes way too sweet still like it, 25 grams protein",24
2052103798131142936,"06/05

breakfast: protein shake + oat latte 
lunch: I ate a sweet potato 
dinner: a little bit of pizza because my family ordered way too much and kinda forced me to eat it with them but it’s aight 

I didn’t count any calorie but I’m guessing for sure more than 1k but it’s fine",Wed May 06 19:10:46 +0000 2026,,,95,0,0,1,en,protein shake too sweet,2026-05-13T14:34:18.520441,twitter,0605 breakfast protein shake oat latte lunch i ate a sweet potato dinner a little bit of pizza because my family ordered way too much and kinda forced me to eat it with them but its aight i didnt count any calorie but im guessing for sure more than 1k but its fine,0605 breakfast protein shake oat latte lunch ate sweet potato dinner little bit pizza because family ordered way too much and kinda forced eat them its aight didnt count any calorie im guessing sure more 1k its fine,53
2048813187227602957,"@bitcoinpanda69 Rich rising fren

I have my shirt off walking outside w/a coffee and a protein shake

I also ate a twix before this walk, so basically got a metabolically free twix..

So...

Today is pretty fucking sweet if im being honest

Hope yours is going well too, King

🫡",Mon Apr 27 17:15:03 +0000 2026,,,2332,3,0,0,en,protein shake too sweet,2026-05-13T14:34:18.520444,twitter,"rich rising fren i have my shirt off walking outside wa coffee and a protein shake i also ate a twix before this walk, so basically got a metabolically free twix.. so... today is pretty fucking sweet if im being honest hope yours is going well too, king","rich rising fren shirt off walking outside wa coffee and protein shake ate twix before walk, basically got metabolically free twix.. so... today pretty fucking sweet im being honest hope yours going well too, king",48
2044760973160976429,"I’ve been on a keto ice cream kick

I made some from snow

But sometimes, I just make a simple little mason jar recipe

For the taste of something sweet

A half cup or full cup of heavy cream

1 tablespoon vanilla extract

1 ½ tablespoon honey (or sugar, if you don’t have honey)",Thu Apr 16 12:53:00 +0000 2026,,,6961,0,0,0,en,protein shake too sweet,2026-05-13T14:34:18.520446,twitter,"ive been on a keto ice cream kick i made some from snow but sometimes, i just make a simple little mason jar recipe for the taste of something sweet a half cup or full cup of heavy cream 1 tablespoon vanilla extract 1 tablespoon honey or sugar, if you dont have honey","ive keto ice cream kick made some snow sometimes, make simple little mason jar recipe taste something sweet half cup full cup heavy cream 1 tablespoon vanilla extract 1 tablespoon honey sugar, dont honey",53
2042267883921703055,"@edtwt_mary tysm mary you're so sweet:,) i kind of do actually, it's been my hobby for the past ~5 years, nothing serious but i do really enjoy it &amp; getting to express it through this is fun too
&amp; ikr, this is my favorite protein shake, it's so hard to find anything with similar macros😭",Thu Apr 09 15:46:21 +0000 2026,,,2865,1,0,0,en,protein shake too sweet,2026-05-13T14:34:18.520448,twitter,"tysm mary you're so sweet, i kind of do actually, it's been my hobby for the past 5 years, nothing serious but i do really enjoy it amp getting to express it through this is fun too amp ikr, this is my favorite protein shake, it's so hard to find anything with similar macros","tysm mary you're sweet, kind actually, it's hobby past 5 years, nothing serious enjoy amp getting express through fun too amp ikr, favorite protein shake, it's hard find anything similar macros",54
2041536393978261869,"🚨 THE PEPTIDES AND SUPPS THAT I REACH FOR THE MOST 🚨

Most of us chasing health and performance improvement can fall into the habit of  throwing darts at a board full of trendy peptides while ignoring the handful that consistently deliver smooth, steady, results with favorable",Tue Apr 07 15:19:40 +0000 2026,,,15674,135,4,7,en,protein shake too sweet,2026-05-13T14:34:18.520450,twitter,"the peptides and supps that i reach for the most most of us chasing health and performance improvement can fall into the habit of throwing darts at a board full of trendy peptides while ignoring the handful that consistently deliver smooth, steady, results with favorable","peptides and supps reach most most us chasing health and performance improvement fall into habit throwing darts board full trendy peptides while ignoring handful consistently deliver smooth, steady, results favorable",45
2037300198288863490,"Relying on protein shakes making losing fat harder? 

Listen I love a good protein shake but relying too heavily on liquid calories can make fat loss harder.

How so?

Liquid calories do not keep you as full as eating your calories. This can lead to:
❎Increased hunger https://t.co/YoGxK2Z3kx",Thu Mar 26 22:46:33 +0000 2026,,,944,7,1,0,en,protein shake too sweet,2026-05-13T14:34:18.520452,twitter,relying on protein shakes making losing fat harder? listen i love a good protein shake but relying too heavily on liquid calories can make fat loss harder. how so? liquid calories do not keep you as full as eating your calories. this can lead to increased hunger,relying protein shakes making losing fat harder? listen love good protein shake relying too heavily liquid calories make fat loss harder. how so? liquid calories keep full eating calories. lead increased hunger,47
2036820936549413319,"Feels like a treat. Fuels like a protein shake. ⚡🦘

Turns out, when you brew coffee in real milk, good things happen. Like 9g of naturally occurring milk protein and energy that actually tastes good.

Not too sweet. Not too serious. Just really, really good fuel. https://t.co/WMgsgrNOSz",Wed Mar 25 15:02:08 +0000 2026,,,435,0,0,0,en,protein shake too sweet,2026-05-13T14:34:18.520453,twitter,"feels like a treat. fuels like a protein shake. turns out, when you brew coffee in real milk, good things happen. like 9g of naturally occurring milk protein and energy that actually tastes good. not too sweet. not too serious. just really, really good fuel.","feels like treat. fuels like protein shake. turns out, when brew coffee real milk, good things happen. like 9g naturally occurring milk protein and energy actually tastes good. too sweet. too serious. really, good fuel.",45
2036527735741583692,"Blog dis: Flush the detox... 

Ever give yourself a detox, to cleanse your body? It is officially Spring and to prepare for the months ahead, this is typically the time of year when some elect to self-administer a detox, to cleanse themselves of the build-up of toxins that have https://t.co/SItylI2IzC",Tue Mar 24 19:37:03 +0000 2026,,,2695,1,0,0,en,protein shake too sweet,2026-05-13T14:34:18.520455,twitter,"blog dis flush the detox... ever give yourself a detox, to cleanse your body? it is officially spring and to prepare for the months ahead, this is typically the time of year when some elect to self-administer a detox, to cleanse themselves of the build-up of toxins that have","blog dis flush detox... ever give yourself detox, cleanse body? officially spring and prepare months ahead, typically time year when some elect self-administer detox, cleanse themselves build-up toxins",49
2035785066974953868,@wolfgang_0084 Be like em protein shake too sweet,Sun Mar 22 18:25:57 +0000 2026,,,2135,0,0,0,other,protein shake too sweet,2026-05-13T14:34:18.520457,twitter,be like em protein shake too sweet,like em protein shake too sweet,7
2034258150635741662,"@AB84 Eating the same thing every day for 8 months straight actually made my life easier. When I have too many options, I get stuck trying to decide what to eat, and it turns into a whole thing. Keeping it simple removed that stress. Now it’s just routine... I don’t even think about",Wed Mar 18 13:18:32 +0000 2026,,,39557,29,3,9,en,protein shake too sweet,2026-05-13T14:34:18.520459,twitter,"eating the same thing every day for 8 months straight actually made my life easier. when i have too many options, i get stuck trying to decide what to eat, and it turns into a whole thing. keeping it simple removed that stress. now its just routine... i dont even think about","eating same thing every day 8 months straight actually made life easier. when too many options, get stuck trying decide what eat, and turns into whole thing. keeping simple removed stress. now its routine... dont even think about",52
2032565915095806282,"Jouno is a caramel matcha protein shake type of guy, he doesn’t enjoy drinks too sweet or bitter but matcha combined with caramel is the perfect mix. He has extreme sensitive taste buds, he gets upset when it’s too sweet or too bitter so he sticks to one place to buy from.",Fri Mar 13 21:14:12 +0000 2026,,,49,2,0,1,en,protein shake too sweet,2026-05-13T14:34:18.520460,twitter,"jouno is a caramel matcha protein shake type of guy, he doesnt enjoy drinks too sweet or bitter but matcha combined with caramel is the perfect mix. he has extreme sensitive taste buds, he gets upset when its too sweet or too bitter so he sticks to one place to buy from.","jouno caramel matcha protein shake type guy, doesnt enjoy drinks too sweet bitter matcha combined caramel perfect mix. extreme sensitive taste buds, gets upset when its too sweet too bitter sticks one place buy from.",52
2029708055504670799,"forgot to post this yesterday 
day three:
i had a protein shake, 2 apples, and a sweet potato, weight dropped by 0.4kg so that's good! doing good today so far too so gotta stay locked",Thu Mar 05 23:58:05 +0000 2026,,,64,1,0,1,en,protein shake too sweet,2026-05-13T14:34:18.520464,twitter,"forgot to post this yesterday day three i had a protein shake, 2 apples, and a sweet potato, weight dropped by 0.4kg so that's good! doing good today so far too so gotta stay locked","forgot post yesterday day three protein shake, 2 apples, and sweet potato, weight dropped 0.4kg that's good! doing good today far too gotta stay locked",35
2028872802741469399,"@ProfStanciu Some chicken eggs and protein shake, creatine, and fire blood🤙🤙 maybe add a banana to make it sweet too, and then go hit that gym",Tue Mar 03 16:39:05 +0000 2026,,,1557,0,0,0,en,protein shake too sweet,2026-05-13T14:34:18.520466,twitter,"some chicken eggs and protein shake, creatine, and fire blood maybe add a banana to make it sweet too, and then go hit that gym","some chicken eggs and protein shake, creatine, and fire blood maybe add banana make sweet too, and go hit gym",25
2028300922804470072,"4/5

I liked this flavour 

It wasn’t too sweet like a mango shake but not too mild either 

25 grams of protein with 190 calories 

Price - Rs. 100 per bottle https://t.co/Oj3XVFAnee",Mon Mar 02 02:46:38 +0000 2026,,,5782,9,1,2,en,protein shake too sweet,2026-05-13T14:34:18.520468,twitter,45 i liked this flavour it wasnt too sweet like a mango shake but not too mild either 25 grams of protein with 190 calories price - rs. 100 per bottle,45 liked flavour wasnt too sweet like mango shake too mild either 25 grams protein 190 calories price - rs. 100 per bottle,31
2027434614726234363,"@mayalovescheese honestly i used to hate water but i trained myself to like it and now i only drink water (occasionally a protein shake but it feels too sweet) i think its just a building up process and then it becomes easy, i love water fasting it just makes me pee a lot:c",Fri Feb 27 17:24:14 +0000 2026,,,95,1,0,1,en,protein shake too sweet,2026-05-13T14:34:18.520470,twitter,"honestly i used to hate water but i trained myself to like it and now i only drink water occasionally a protein shake but it feels too sweet i think its just a building up process and then it becomes easy, i love water fasting it just makes me pee a lotc","honestly used hate water trained myself like and now only drink water occasionally protein shake feels too sweet think its building up process and becomes easy, love water fasting makes pee lotc",52
2027410262261633224,"@starawaza @thatfrood i havent, ive just had normal protein shake brands but theyve always given me issues by being too sweet or too viscous",Fri Feb 27 15:47:28 +0000 2026,,,70,0,0,1,en,protein shake too sweet,2026-05-13T14:34:18.520472,twitter,"i havent, ive just had normal protein shake brands but theyve always given me issues by being too sweet or too viscous","havent, ive normal protein shake brands theyve always given issues being too sweet too viscous",22
2024582784539365515,Anyway. I need a good protein shake. The one I got (starts with an O) is way too damn sweet.,Thu Feb 19 20:32:05 +0000 2026,,,1695,0,0,0,en,protein shake too sweet,2026-05-13T14:34:18.520473,twitter,anyway. i need a good protein shake. the one i got starts with an o is way too damn sweet.,anyway. need good protein shake. one got starts o way too damn sweet.,20
2021971273463869616,"just paid $25 for a protein shake at that overpriced smoothie place 💀 who tf thought it was a good idea to charge that much for some blended bananas?? fr lmao, the guy in line next to me was vibing too hard to “sweet escape” 😂 periodt. https://t.co/Q0EDjrZNhc",Thu Feb 12 15:34:52 +0000 2026,,,19,0,0,0,en,protein shake too sweet,2026-05-13T14:34:18.520475,twitter,"just paid 25 for a protein shake at that overpriced smoothie place who tf thought it was a good idea to charge that much for some blended bananas?? fr lmao, the guy in line next to me was vibing too hard to sweet escape periodt.","paid 25 protein shake overpriced smoothie place who tf thought good idea charge much some blended bananas?? fr lmao, guy line next vibing too hard sweet escape periodt.",45
2019120087131910326,"Like I plan to have a protein shake on days I only had one full meal bc I do wanna eat just a meal of day but I get too hungry, soooo protein is healthy sweet nd makes u full… at least it used to work for me soo I’ll do it again ^^",Wed Feb 04 18:45:16 +0000 2026,,,47,1,0,0,en,protein shake too sweet,2026-05-13T14:34:21.956178,twitter,"like i plan to have a protein shake on days i only had one full meal bc i do wanna eat just a meal of day but i get too hungry, soooo protein is healthy sweet nd makes u full at least it used to work for me soo ill do it again","like plan protein shake days only one full meal bc wanna eat meal day get too hungry, soooo protein healthy sweet nd makes u full least used work soo ill again",53
2018732817195160018,@stanziirl @Mecha_Egirl @smackedasfhuck @Alph4betSoup @Anisha12 @malfuncti0nz @xGingerBrooks @Btchface420 @CaturdaysChild @BlackHatNanny @spicegirled @Samurai___Lucy @Natlulz @RussianPanda9xx @YourAnonSurge_ Oikos vanilla shake is a no go for me. The cold foam protein is sweet but I can handle it in my first coffee with the protein milk. Sorry you didn’t enjoy it. You can never get too much protein these days if trying to put on some muscle.,Tue Feb 03 17:06:24 +0000 2026,,,9106,3,0,1,en,protein shake too sweet,2026-05-13T14:34:21.956202,twitter,oikos vanilla shake is a no go for me. the cold foam protein is sweet but i can handle it in my first coffee with the protein milk. sorry you didnt enjoy it. you can never get too much protein these days if trying to put on some muscle.,oikos vanilla shake no go me. cold foam protein sweet handle first coffee protein milk. sorry didnt enjoy it. never get too much protein days trying put some muscle.,49
2016200931277472086,"@tango_salsafc right? im not really a coffee person, but my favorite protein shake is premier protein cafe latte because it isn't too sweet. i still have to drink protein every day because i only absorb about half the protein i consume. sending u a zillion dollars to do r&amp;d on savory proteins",Tue Jan 27 17:25:35 +0000 2026,,,121,1,0,1,en,protein shake too sweet,2026-05-13T14:34:21.956204,twitter,"right? im not really a coffee person, but my favorite protein shake is premier protein cafe latte because it isn't too sweet. i still have to drink protein every day because i only absorb about half the protein i consume. sending u a zillion dollars to do rampd on savory proteins","right? im coffee person, favorite protein shake premier protein cafe latte because isn't too sweet. still drink protein every day because only absorb about half protein consume. sending u zillion dollars rampd savory proteins",51
2015188955877040183,As someone who’s been binging for months. Setting a limit of 800cals per day while working out and having a chocolate or vanilla protein shake to combat sweet cravings has been WORKING too well. It’s been a few days and I’ve been making my own dinner and eating in my room,Sat Jan 24 22:24:22 +0000 2026,,,2376,0,0,0,en,protein shake too sweet,2026-05-13T14:34:21.956206,twitter,as someone whos been binging for months. setting a limit of 800cals per day while working out and having a chocolate or vanilla protein shake to combat sweet cravings has been working too well. its been a few days and ive been making my own dinner and eating in my room,someone whos binging months. setting limit 800cals per day while working out and having chocolate vanilla protein shake combat sweet cravings working too well. its few days and ive making own dinner and eating room,51
2014439946820469233,today i discovered that i can in fact combine vanilla protein shake with hot chocolate powder and it tastes SO GOOD although maybe a little too sweet,Thu Jan 22 20:48:04 +0000 2026,,,811,2,0,0,en,protein shake too sweet,2026-05-13T14:34:21.956208,twitter,today i discovered that i can in fact combine vanilla protein shake with hot chocolate powder and it tastes so good although maybe a little too sweet,today discovered fact combine vanilla protein shake hot chocolate powder and tastes good although maybe little too sweet,27
2012044941237895370,"@lemonbbyx If you want something that actually feels like a meal and  not just a protein shake, I'd say HLTH Code. I've found it pretty filling, not too sweet, and easy on the stomach. It’s a real, filling meal in shake form perfect when you’re busy. https://t.co/KBGtTEpve1",Fri Jan 16 06:11:10 +0000 2026,,,1,0,0,0,en,protein shake too sweet,2026-05-13T14:34:21.956210,twitter,"if you want something that actually feels like a meal and not just a protein shake, i'd say hlth code. i've found it pretty filling, not too sweet, and easy on the stomach. its a real, filling meal in shake form perfect when youre busy.","want something actually feels like meal and protein shake, i'd say hlth code. i've found pretty filling, too sweet, and easy stomach. its real, filling meal shake form perfect when youre busy.",45
2011536773420143092,"So, OMAD looked a little spastic today. 
•Kimchi, maybe too much, but it hit the spot.
•hi-fiber/protein shake (mocha-ish)
•sweet potato w/a bit of butter and S&amp;P, taco seasoned black beans
•3 pieces of black licorice",Wed Jan 14 20:31:53 +0000 2026,,,395,0,0,1,en,protein shake too sweet,2026-05-13T14:34:21.956213,twitter,"so, omad looked a little spastic today. kimchi, maybe too much, but it hit the spot. hi-fiberprotein shake mocha-ish sweet potato wa bit of butter and sampp, taco seasoned black beans 3 pieces of black licorice","so, omad looked little spastic today. kimchi, maybe too much, hit spot. hi-fiberprotein shake mocha-ish sweet potato wa bit butter and sampp, taco seasoned black beans 3 pieces black licorice",36
2011149413289206188,"I have earl grey tea i brewed in a moka pot. I also have heavy whipping cream and milk and such. How do i make a really good tea with cream? just pour it in? is there anything else i can do? I want a restaurant quality drink here
Below is a restaurant-quality method tailored to",Tue Jan 13 18:52:40 +0000 2026,,,2385,0,0,1,en,protein shake too sweet,2026-05-13T14:34:21.956215,twitter,i have earl grey tea i brewed in a moka pot. i also have heavy whipping cream and milk and such. how do i make a really good tea with cream? just pour it in? is there anything else i can do? i want a restaurant quality drink here below is a restaurant-quality method tailored to,earl grey tea brewed moka pot. heavy whipping cream and milk and such. how make good tea cream? pour in? there anything else do? want restaurant quality drink here below restaurant-quality method tailored,56
2010862288215953824,"My dinner for the past four days is one steamed Sweet potato with cream cheese and cheese and chili oil and a steamed carrot

A protein shake too",Mon Jan 12 23:51:44 +0000 2026,,,6,0,0,0,en,protein shake too sweet,2026-05-13T14:34:21.956217,twitter,my dinner for the past four days is one steamed sweet potato with cream cheese and cheese and chili oil and a steamed carrot a protein shake too,dinner past four days one steamed sweet potato cream cheese and cheese and chili oil and steamed carrot protein shake too,28
2009738389365444899,@LibertarianG0th Protein shake too sweet.  It is now my coffee creamer blended with expresso for the day.  Enjoy your coffee!,Fri Jan 09 21:25:45 +0000 2026,,,340,0,0,0,en,protein shake too sweet,2026-05-13T14:34:21.956221,twitter,protein shake too sweet. it is now my coffee creamer blended with expresso for the day. enjoy your coffee!,protein shake too sweet. now coffee creamer blended expresso day. enjoy coffee!,19
2009119033413812586,"debating if I should have a protein shake. I only had like 1/2 of my sweet potato + eggs which puts me at 320cals for the day, but not having much protein kina kills me. I haven’t really ate much as mentally it just feels too overwhelming to worry about with everything else",Thu Jan 08 04:24:39 +0000 2026,,,304,1,0,0,en,protein shake too sweet,2026-05-13T14:34:21.956223,twitter,"debating if i should have a protein shake. i only had like 12 of my sweet potato eggs which puts me at 320cals for the day, but not having much protein kina kills me. i havent really ate much as mentally it just feels too overwhelming to worry about with everything else","debating protein shake. only like 12 sweet potato eggs which puts 320cals day, having much protein kina kills me. havent ate much mentally feels too overwhelming worry about everything else",52
2006799584983707755,"5-Day Menu No. 10 | Part 3: Eggnog Protein Shake

This shouldn’t work. And yet somehow… it does.

It isn’t an eggnog ""flavored"" shake. It’s honest to goodness eggnog, with 46g of protein.

The secret is egg yolk powder. 

Pasteurized. Real yolk. Zero gimmicks.
Two teaspoons is https://t.co/0wchNQlAwF",Thu Jan 01 18:48:00 +0000 2026,,,170,0,0,1,en,protein shake too sweet,2026-05-13T14:34:21.956225,twitter,"5-day menu no. 10 part 3 eggnog protein shake this shouldnt work. and yet somehow it does. it isnt an eggnog flavored shake. its honest to goodness eggnog, with 46g of protein. the secret is egg yolk powder. pasteurized. real yolk. zero gimmicks. two teaspoons is","5-day menu no. 10 part 3 eggnog protein shake shouldnt work. and yet somehow does. isnt eggnog flavored shake. its honest goodness eggnog, 46g protein. secret egg yolk powder. pasteurized. real yolk. zero gimmicks. two teaspoons",46
2005676881061048334,"today
-black sesame chia pudding (ff)
-sesame bagel (ff)
-lean protein chocolate shake 🤢
-tau kwa, cabbage, enoki miso soup
-rice, sweet potato :D
-char siu (ff)
-blueberry banana protein muffin

protein shake was too sweet as always, and yes the milk gave me a tummy ache https://t.co/fXM4596pUA",Mon Dec 29 16:26:46 +0000 2025,,,236,2,0,1,en,protein shake too sweet,2026-05-13T14:34:21.956227,twitter,"today -black sesame chia pudding ff -sesame bagel ff -lean protein chocolate shake -tau kwa, cabbage, enoki miso soup -rice, sweet potato d -char siu ff -blueberry banana protein muffin protein shake was too sweet as always, and yes the milk gave me a tummy ache","today -black sesame chia pudding ff -sesame bagel ff -lean protein chocolate shake -tau kwa, cabbage, enoki miso soup -rice, sweet potato d -char siu ff -blueberry banana protein muffin protein shake too sweet always, and yes milk gave tummy ache",46
1998093046261391432,"29. 9 out of 10 times, people fail because they give up too soon. That's it
30. If you require something sweet at night, make a chocolate protein shake or drink some Kefir",Mon Dec 08 18:11:19 +0000 2025,,,247729,10,0,1,en,protein shake too sweet,2026-05-13T14:34:21.956229,twitter,"29. 9 out of 10 times, people fail because they give up too soon. that's it 30. if you require something sweet at night, make a chocolate protein shake or drink some kefir","29. 9 out 10 times, people fail because give up too soon. that's 30. require something sweet night, make chocolate protein shake drink some kefir",33
1997672431683813797,"Will my body understand ki unhealthy samosas ke saath I have aaten anaar, kiwi, sweet potato and had protein shake too. 🥝",Sun Dec 07 14:19:57 +0000 2025,,,358,3,0,2,en,protein shake too sweet,2026-05-13T14:34:21.956232,twitter,"will my body understand ki unhealthy samosas ke saath i have aaten anaar, kiwi, sweet potato and had protein shake too.","body understand ki unhealthy samosas saath aaten anaar, kiwi, sweet potato and protein shake too.",21
1994107996482490783,"@summer_food Here’s a recipe booklet–style page for your requested dish. It’s fully expanded with instructions, variations, and prep tips, formatted for easy copy-paste into your own document.

🍴 Recipe Booklet Page
Cajun Shrimp &amp; Steak Alfredo Pasta
📖 Recipe Overview
A bold, creamy, and",Thu Nov 27 18:16:09 +0000 2025,,,1394,0,0,0,en,protein shake too sweet,2026-05-13T14:34:21.956235,twitter,"heres a recipe bookletstyle page for your requested dish. its fully expanded with instructions, variations, and prep tips, formatted for easy copy-paste into your own document. recipe booklet page cajun shrimp amp steak alfredo pasta recipe overview a bold, creamy, and","heres recipe bookletstyle page requested dish. its fully expanded instructions, variations, and prep tips, formatted easy copy-paste into own document. recipe booklet page cajun shrimp amp steak alfredo pasta recipe overview bold, creamy, and",41
1992285372689092668,"For everyone who says ""It's too difficult"" or ""I can't"" getting in 200g protein a day, you're just making excuses.

You legit have what appears to be 16oz of chicken here.

At an average of 8g protein per ounce, this is potentially 128 g protein in a tiny box. Lather that bitch",Sat Nov 22 17:33:42 +0000 2025,,,3841,404,12,58,en,protein shake too sweet,2026-05-13T14:34:21.956238,twitter,"for everyone who says it's too difficult or i can't getting in 200g protein a day, you're just making excuses. you legit have what appears to be 16oz of chicken here. at an average of 8g protein per ounce, this is potentially 128 tidak protein in a tiny box. lather that bitch","everyone who says it's too difficult can't getting 200g protein day, you're making excuses. legit what appears 16oz chicken here. average 8g protein per ounce, potentially 128 tidak protein tiny box. lather bitch",52
1991081735057252675,"Saebi: I used to eat really well when I was little. But one time I watched this YouTube video, and I thought, “Should I try going on a diet too?” So in elementary school, back when I was a kid, I think it was 6th grade, when I first started as a trainee. Since I started training https://t.co/Oo4ynwuBBV",Wed Nov 19 09:50:52 +0000 2025,,,9965,87,20,0,en,protein shake too sweet,2026-05-13T14:34:21.956240,twitter,"saebi i used to eat really well when i was little. but one time i watched this youtube video, and i thought, should i try going on a diet too? so in elementary school, back when i was a kid, i think it was 6th grade, when i first started as a trainee. since i started training","saebi used eat well when little. one time watched youtube video, and thought, try going diet too? elementary school, back when kid, think 6th grade, when first started trainee. since started training",57
1989828932087287988,"@cryptobruh117 @bryan_johnson @BStulberg He’s asking people to go sugar-free. No added sugar. However, his own protein powder has added sugar. Also, for people who avoid eating added sugar which he advocates for, I feel that adding 6g of somaltulose is making the shake too sweet. I understand some benefits of https://t.co/3Lg2dVEkne",Sat Nov 15 22:52:41 +0000 2025,,,413,30,0,3,en,protein shake too sweet,2026-05-13T14:34:21.956243,twitter,"hes asking people to go sugar-free. no added sugar. however, his own protein powder has added sugar. also, for people who avoid eating added sugar which he advocates for, i feel that adding 6g of somaltulose is making the shake too sweet. i understand some benefits of","hes asking people go sugar-free. no added sugar. however, his own protein powder added sugar. also, people who avoid eating added sugar which advocates for, feel adding 6g somaltulose making shake too sweet. understand some benefits",47
1989383886900793517,"The other day Lion wordlessly gave me a protein shake and it was surprisingly super yummy⁉️✨👀
It was rich but not too rich, and on top of the strawberry flavor, it wasn’t too sweet and easy to drink🍓
For him to give me a protein shake that I’d like this much…(1/2)
#xlv_auguri",Fri Nov 14 17:24:14 +0000 2025,,,199,3,3,1,en,protein shake too sweet,2026-05-13T14:34:24.666848,twitter,"the other day lion wordlessly gave me a protein shake and it was surprisingly super yummy it was rich but not too rich, and on top of the strawberry flavor, it wasnt too sweet and easy to drink for him to give me a protein shake that id like this much12 xlvauguri","other day lion wordlessly gave protein shake and surprisingly super yummy rich too rich, and top strawberry flavor, wasnt too sweet and easy drink him give protein shake id like much12 xlvauguri",52
1977939920128794971,"Day 1 - October 13th:      

Total: 1466 calories      

Food:   
- Breakfast: Protein shake (230 cals) + egg &amp; toast (200 cals) + granola bar (100 cals) = 530   
- Lunch: Chipotle bowl (~700 calories. White rice, (extra) pinto beans, chicken, (extra) lettuce, (little) cheese,",Tue Oct 14 03:29:59 +0000 2025,,,1618,0,0,1,en,protein shake too sweet,2026-05-13T14:34:24.666868,twitter,"day 1 - october 13th total 1466 calories food - breakfast protein shake 230 cals egg amp toast 200 cals granola bar 100 cals 530 - lunch chipotle bowl 700 calories. white rice, extra pinto beans, chicken, extra lettuce, little cheese,","day 1 - october 13th total 1466 calories food - breakfast protein shake 230 cals egg amp toast 200 cals granola bar 100 cals 530 - lunch chipotle bowl 700 calories. white rice, extra pinto beans, chicken, extra lettuce, little cheese,",41
1976367117118341611,@soiled_plants2 rice krispy and a protein shake. not too sweet but filling and it gives me a boost for workouts!,Thu Oct 09 19:20:14 +0000 2025,,,267,1,0,0,en,protein shake too sweet,2026-05-13T14:34:24.666873,twitter,rice krispy and a protein shake. not too sweet but filling and it gives me a boost for workouts!,rice krispy and protein shake. too sweet filling and gives boost workouts!,19
1969837198330532015,"@AbrisGains I've been lifting weights for a few weeks now, 5 days a week.  My current BMI is 24.0. I eat a sweet potato, avocado, watermelon, and banana daily. An 8-ounce tenderloin steak at lunch, my breakfast protein shake I drink with 300ml of almond milk and a litre of liquid egg whites.",Sun Sep 21 18:52:40 +0000 2025,,,2805,1,0,1,en,protein shake too sweet,2026-05-13T14:34:24.666876,twitter,"i've been lifting weights for a few weeks now, 5 days a week. my current bmi is 24.0. i eat a sweet potato, avocado, watermelon, and banana daily. an 8-ounce tenderloin steak at lunch, my breakfast protein shake i drink with 300ml of almond milk and a litre of liquid egg whites.","i've lifting weights few weeks now, 5 days week. current bmi 24.0. eat sweet potato, avocado, watermelon, and banana daily. 8-ounce tenderloin steak lunch, breakfast protein shake drink 300ml almond milk and litre liquid egg whites.",52
1966664831748259996,i ended up making a protein shake instead and my body is so HAPPY THANKING ME it genuinely hit the spot and for my sweet craving too! 😮‍💨💚,Sat Sep 13 00:46:49 +0000 2025,,,140,3,0,0,en,protein shake too sweet,2026-05-13T14:34:24.666880,twitter,i ended up making a protein shake instead and my body is so happy thanking me it genuinely hit the spot and for my sweet craving too!,ended up making protein shake instead and body happy thanking genuinely hit spot and sweet craving too!,27
1954316630315466831,@LikeItDefinesMe whenever i have a protein bar or a protein shake that tastes like cardboard idk why but it makes me think it’s working.. if it’s too sweet i don’t feel like it’s working,Sat Aug 09 22:59:28 +0000 2025,,,1,1,0,1,en,protein shake too sweet,2026-05-13T14:34:24.666883,twitter,whenever i have a protein bar or a protein shake that tastes like cardboard idk why but it makes me think its working.. if its too sweet i dont feel like its working,whenever protein bar protein shake tastes like cardboard idk why makes think its working.. its too sweet dont feel like its working,33
1954243651720335503,"Made peanut butter protein bars because I had protein shake powder I wasn't drinking. 

Need to look for a different recipe because it's too sweet and the consistency wasn't what I wanted. Plus it's too expensive to make. 😅",Sat Aug 09 18:09:29 +0000 2025,,,81,0,0,0,en,protein shake too sweet,2026-05-13T14:34:24.666887,twitter,made peanut butter protein bars because i had protein shake powder i wasn't drinking. need to look for a different recipe because it's too sweet and the consistency wasn't what i wanted. plus it's too expensive to make.,made peanut butter protein bars because protein shake powder wasn't drinking. need look different recipe because it's too sweet and consistency wasn't what wanted. plus it's too expensive make.,38
1953529110312972446,"@AskeBay @eBay 

Please review the following order and the appeal:  

15-13359-98718

Then review this sellers' negative reviews below with the exact same issue.  This seller is scamming and stealing from your customers.

This seller sent me 75% of my order as well as spelled my",Thu Aug 07 18:50:09 +0000 2025,,,1177,2,1,1,en,protein shake too sweet,2026-05-13T14:34:24.666890,twitter,please review the following order and the appeal 15-13359-98718 then review this sellers' negative reviews below with the exact same issue. this seller is scamming and stealing from your customers. this seller sent me 75 of my order as well as spelled my,please review following order and appeal 15-13359-98718 review sellers' negative reviews below exact same issue. seller scamming and stealing customers. seller sent 75 order well spelled,43
1951765582573146435,@HYPERCARNIVOR Jody literally made me a chocolate milk shake with protein powder for breakfast and it was too sweet. What’s happening.,Sat Aug 02 22:02:31 +0000 2025,,,1020,0,0,0,en,protein shake too sweet,2026-05-13T14:34:24.666893,twitter,jody literally made me a chocolate milk shake with protein powder for breakfast and it was too sweet. whats happening.,jody literally made chocolate milk shake protein powder breakfast and too sweet. whats happening.,20
1950230983082725450,@ApeAngel58 This vanilla protein shake is too sweet like a milkshake and i hate milkshakes lol,Tue Jul 29 16:24:34 +0000 2025,,,91298,0,0,1,other,protein shake too sweet,2026-05-13T14:34:24.666896,twitter,this vanilla protein shake is too sweet like a milkshake and i hate milkshakes lol,vanilla protein shake too sweet like milkshake and hate milkshakes lol,15
1949266924023738380,@cndypaws i thought they were too sweet but first time ever that i found a portion shake without that v specific protein taste like wtf???,Sun Jul 27 00:33:44 +0000 2025,,,599,0,0,1,en,protein shake too sweet,2026-05-13T14:34:24.666899,twitter,i thought they were too sweet but first time ever that i found a portion shake without that v specific protein taste like wtf???,thought too sweet first time ever found portion shake without v specific protein taste like wtf???,24
1948116251198607741,"🦌💭 250724
[12:10am KST / JST]

“If you eat it occasionally, it’s deliciouss”

“Anyway, I finished my meal”

“For dessert”

+pic

“A chocolate-flavored protein shake and sweet potato snacks”

“I ate well”

“Y/N, make sure you eat well too”

“My next-door neighbor is Wonbin, (+) https://t.co/2zUcnbjN57",Wed Jul 23 20:21:23 +0000 2025,,,71,2,0,1,en,protein shake too sweet,2026-05-13T14:34:24.666902,twitter,"250724 1210am kst jst if you eat it occasionally, its deliciouss anyway, i finished my meal for dessert pic a chocolate-flavored protein shake and sweet potato snacks i ate well yn, make sure you eat well too my next-door neighbor is wonbin,","250724 1210am kst jst eat occasionally, its deliciouss anyway, finished meal dessert pic chocolate-flavored protein shake and sweet potato snacks ate well yn, make sure eat well too next-door neighbor wonbin,",42
1948044426657575277,"“choco flavoured protein shake and sweet potato snacks”
“i’ll eat well”
“y/n too take care of your meals”
“got a complain from wonbin who’s in the next room”
“he said not to sing at night”
“but”
“it’s worth it”
“the bathroom echo is just too good”
“can’t resist it..”",Wed Jul 23 15:35:58 +0000 2025,,,290,3,0,1,en,protein shake too sweet,2026-05-13T14:34:24.666905,twitter,choco flavoured protein shake and sweet potato snacks ill eat well yn too take care of your meals got a complain from wonbin whos in the next room he said not to sing at night but its worth it the bathroom echo is just too good cant resist it..,choco flavoured protein shake and sweet potato snacks ill eat well yn too take care meals got complain wonbin whos next room said sing night its worth bathroom echo too good cant resist it..,49
1947850914221490395,"@CharismaKings I used to love Dr. Pepper, but now it’s too sweet! Also- I love coffee, but couldn’t find a good creamer, so I put a little protein shake in it and I love it without all the sugar. I wish I liked it plain black, but I just can’t!🤢",Wed Jul 23 02:47:01 +0000 2025,,,1220,0,0,0,en,protein shake too sweet,2026-05-13T14:34:24.666911,twitter,"i used to love dr. pepper, but now its too sweet! also- i love coffee, but couldnt find a good creamer, so i put a little protein shake in it and i love it without all the sugar. i wish i liked it plain black, but i just cant!","used love dr. pepper, now its too sweet! also- love coffee, couldnt find good creamer, put little protein shake and love without all sugar. wish liked plain black, cant!",49
1947612981581517246,"@ormspmouse Its tasty, quite filling. Isn't OMG YUM but for a meal shake, low calorie, filling and good protein its really good
Has little crispy balls inside that adds texture making it easy to drink compared to other meal shakes, also isnt too sweet and has just enough flavours",Tue Jul 22 11:01:34 +0000 2025,,,14972,7,0,0,en,protein shake too sweet,2026-05-13T14:34:24.666914,twitter,"its tasty, quite filling. isn't omg yum but for a meal shake, low calorie, filling and good protein its really good has little crispy balls inside that adds texture making it easy to drink compared to other meal shakes, also isnt too sweet and has just enough flavours","its tasty, quite filling. isn't omg yum meal shake, low calorie, filling and good protein its good little crispy balls inside adds texture making easy drink compared other meal shakes, isnt too sweet and enough flavours",48
1943363321463271723,"Hey diners! I am sadly too low on spoons today to fulfill a Protein Shake order, so we'll be doing our Dessert Tier List today instead! I hope you can join in - 25 pts lets you submit a dessert to be judged by a sweet treat expert! ( ´∀｀ )b",Thu Jul 10 17:34:56 +0000 2025,,,677,4,0,0,en,protein shake too sweet,2026-05-13T14:34:24.666918,twitter,"hey diners! i am sadly too low on spoons today to fulfill a protein shake order, so we'll be doing our dessert tier list today instead! i hope you can join in - 25 pts lets you submit a dessert to be judged by a sweet treat expert! b","hey diners! am sadly too low spoons today fulfill protein shake order, we'll doing our dessert tier list today instead! hope join - 25 pts lets submit dessert judged sweet treat expert! b",49
1942776789526536556,"Cafe News and Coffee News via Cafe News Media/Media Man Group

Best Quotes

""A morning without coffee is like sleep."" - Anonymous

""Coffee is a beverage that puts one to sleep when not drunk."" - Alphonse Allais

""Coffee is the best thing to douse the sunrise with."" - Terri https://t.co/TRg2qFbU4u",Wed Jul 09 02:44:16 +0000 2025,,,1158,1,1,0,en,protein shake too sweet,2026-05-13T14:34:24.666921,twitter,cafe news and coffee news via cafe news mediamedia man group best quotes a morning without coffee is like sleep. - anonymous coffee is a beverage that puts one to sleep when not drunk. - alphonse allais coffee is the best thing to douse the sunrise with. - terri,cafe news and coffee news via cafe news mediamedia man group best quotes morning without coffee like sleep. - anonymous coffee beverage puts one sleep when drunk. - alphonse allais coffee best thing douse sunrise with. - terri,49
1942229480191537237,"@ohmissyyy Protein shake after every workout helps, esp if you’re not able to eat dinner right away. I also drink a protein shake in the mornings too which helped me gain weight ^o^ I also try to make sure to eat meat with every meal as well as carbs(rice, sweet potatoes, pasta, etc)",Mon Jul 07 14:29:27 +0000 2025,,,2893,4,0,0,en,protein shake too sweet,2026-05-13T14:34:24.666924,twitter,"protein shake after every workout helps, esp if youre not able to eat dinner right away. i also drink a protein shake in the mornings too which helped me gain weight o i also try to make sure to eat meat with every meal as well as carbsrice, sweet potatoes, pasta, etc","protein shake after every workout helps, esp youre able eat dinner right away. drink protein shake mornings too which helped gain weight o try make sure eat meat every meal well carbsrice, sweet potatoes, pasta, etc",52
1938995853655478688,"@Luka792519 this was 150g silken tofu, 20g protein powder, 10g cocoa powder, &amp; ~70g protein shake (or just use almond milk) or enough to blend
depending on how sweet your protein powder is you might want to add some sweetener too",Sat Jun 28 16:20:10 +0000 2025,,,2865,4,0,0,en,protein shake too sweet,2026-05-13T14:34:24.666927,twitter,"this was 150g silken tofu, 20g protein powder, 10g cocoa powder, amp 70g protein shake or just use almond milk or enough to blend depending on how sweet your protein powder is you might want to add some sweetener too","150g silken tofu, 20g protein powder, 10g cocoa powder, amp 70g protein shake use almond milk enough blend depending how sweet protein powder want add some sweetener too",40
1938065913011413247,"lunch was barley soup (zucchini, tomatoes, bell pepper, yogurt marinated chicken breast); too much blueberry spoon cake; salmon w/ sweet potato, pickled cucumber, &amp; sautéed spinach for dinner again; chocolate protein shake for a snack. bedtime raspberry nettle dandelion tea.",Thu Jun 26 02:44:55 +0000 2025,,,337,0,0,0,en,protein shake too sweet,2026-05-13T14:34:24.666930,twitter,"lunch was barley soup zucchini, tomatoes, bell pepper, yogurt marinated chicken breast too much blueberry spoon cake salmon w sweet potato, pickled cucumber, amp sauted spinach for dinner again chocolate protein shake for a snack. bedtime raspberry nettle dandelion tea.","lunch barley soup zucchini, tomatoes, bell pepper, yogurt marinated chicken breast too much blueberry spoon cake salmon w sweet potato, pickled cucumber, amp sauted spinach dinner again chocolate protein shake snack. bedtime raspberry nettle dandelion tea.",40
1937252732642942982,Iced caramel protein shake + matcha. So I can have a sweet drink without feeling too guilty,Mon Jun 23 20:53:38 +0000 2025,,,683,1,0,0,en,protein shake too sweet,2026-05-13T14:34:27.699142,twitter,iced caramel protein shake matcha. so i can have a sweet drink without feeling too guilty,iced caramel protein shake matcha. sweet drink without feeling too guilty,16
1936016695866363991,"@changez12938 First thing would be losing wright/fat.
Training is maximum 20% of that. The rest is nutrition. If you need to prioritize right now, chose nutrition.

You want few carbs/sugar, and high protein (so you don't accidentally lose muscle instead of fat).
Fruits went bye bye early day,",Fri Jun 20 11:02:04 +0000 2025,,,5087,5,0,1,en,protein shake too sweet,2026-05-13T14:34:27.699157,twitter,"first thing would be losing wrightfat. training is maximum 20 of that. the rest is nutrition. if you need to prioritize right now, chose nutrition. you want few carbssugar, and high protein so you don't accidentally lose muscle instead of fat. fruits went bye bye early day,","first thing losing wrightfat. training maximum 20 that. rest nutrition. need prioritize right now, chose nutrition. want few carbssugar, and high protein don't accidentally lose muscle instead fat. fruits went bye bye early day,",47
1935784816475357550,"@zachary135791 I have done that too. It depends how hungry I am when I get home from the gym and how long I can wait to eat, lol.  I am lucky I know how to cook!!!  It makes it so much easier if you do. I do love protein shake. I have a huge sweet tooth!!!  It’s really good when I run it",Thu Jun 19 19:40:40 +0000 2025,,,375,0,0,0,en,protein shake too sweet,2026-05-13T14:34:27.699160,twitter,"i have done that too. it depends how hungry i am when i get home from the gym and how long i can wait to eat, lol. i am lucky i know how to cook!!! it makes it so much easier if you do. i do love protein shake. i have a huge sweet tooth!!! its really good when i run it","done too. depends how hungry am when get home gym and how long wait eat, lol. am lucky know how cook!!! makes much easier do. love protein shake. huge sweet tooth!!! its good when run",62
1935568070644564088,"@WFP This Box Makes Food from Thin Air — Ending Hunger with Frequency Tech

A solar-powered machine uses sound waves and air molecules to print real nutrition anywhere on Earth — no farms, no water, just resonance.
________________________________________
Here’s an easy-to-understand https://t.co/zxRQSYvHvX",Thu Jun 19 05:19:23 +0000 2025,,,15752,2,1,0,en,protein shake too sweet,2026-05-13T14:34:27.699162,twitter,"this box makes food from thin air ending hunger with frequency tech a solar-powered machine uses sound waves and air molecules to print real nutrition anywhere on earth no farms, no water, just resonance. heres an easy-to-understand","box makes food thin air ending hunger frequency tech solar-powered machine uses sound waves and air molecules print real nutrition anywhere earth no farms, no water, resonance. heres easy-to-understand",37
1935363805699063891,@vamparexia too sweet so i added almond milk because more water would have made it watery 😂 vanilla flavoured. melted milkshake esque whey protein shake,Wed Jun 18 15:47:43 +0000 2025,,,72,2,0,0,en,protein shake too sweet,2026-05-13T14:34:27.699164,twitter,too sweet so i added almond milk because more water would have made it watery vanilla flavoured. melted milkshake esque whey protein shake,too sweet added almond milk because more water made watery vanilla flavoured. melted milkshake esque whey protein shake,23
1934219614369517820,"@envested69 @thegarybrecka Good timing! Quality carbs are minimally processed foods that give steady energy, avoid blood sugar spikes, and support long-term health.

Examples:
- Fruits (bananas, berries, apples)
- Sweet potatoes and potatoes
- Whole grains (oats, rice, quinoa)

Organic or non-GMO if",Sun Jun 15 12:01:06 +0000 2025,,,333,0,0,0,en,protein shake too sweet,2026-05-13T14:34:27.699166,twitter,"good timing! quality carbs are minimally processed foods that give steady energy, avoid blood sugar spikes, and support long-term health. examples - fruits bananas, berries, apples - sweet potatoes and potatoes - whole grains oats, rice, quinoa organic or non-gmo if","good timing! quality carbs minimally processed foods give steady energy, avoid blood sugar spikes, and support long-term health. examples - fruits bananas, berries, apples - sweet potatoes and potatoes - whole grains oats, rice, quinoa organic non-gmo",41
1933727128249643078,"Cafe News and Coffee News via Cafe News Media/Media Man Group

Best Quotes

""A morning without coffee is like sleep."" - Anonymous

""Coffee is a beverage that puts one to sleep when not drunk."" - Alphonse Allais

""Coffee is the best thing to douse the sunrise with."" - Terri https://t.co/x6XmM0G9tm",Sat Jun 14 03:24:08 +0000 2025,,,1158,1,1,0,en,protein shake too sweet,2026-05-13T14:34:27.699168,twitter,cafe news and coffee news via cafe news mediamedia man group best quotes a morning without coffee is like sleep. - anonymous coffee is a beverage that puts one to sleep when not drunk. - alphonse allais coffee is the best thing to douse the sunrise with. - terri,cafe news and coffee news via cafe news mediamedia man group best quotes morning without coffee like sleep. - anonymous coffee beverage puts one sleep when drunk. - alphonse allais coffee best thing douse sunrise with. - terri,49
1932942413112496177,"@TxSecurityGal I have a filet mignon waiting !!!  Probably my make a sweet potato and some veggies with it. Damn, it’s only 4:23, and I’m already thinking about dinner 😆.  My protein shake after the gym has left me already 🤣🤣🤣. Short people get shit for macros 🤣🤣🤣. Shrimp and rice sounds",Wed Jun 11 23:25:58 +0000 2025,,,375,2,0,1,en,protein shake too sweet,2026-05-13T14:34:27.699170,twitter,"i have a filet mignon waiting !!! probably my make a sweet potato and some veggies with it. damn, its only 423, and im already thinking about dinner . my protein shake after the gym has left me already . short people get shit for macros . shrimp and rice sounds","filet mignon waiting !!! probably make sweet potato and some veggies it. damn, its only 423, and im already thinking about dinner . protein shake after gym left already . short people get shit macros . shrimp and rice sounds",51
1928101938886762884,"D1
*nothing 𖤓°⋆.ೃ࿔*:

D2
*protein shake in coffee
*apple
*sweet potato

D3 (am out w friends, this will be tough!)
*protein shake in coffee
*boba
*say ur too broke for food
*use gum so they leave you alone
*chicken

D4
*protein shake in coffee
*apple
*sweet potato

~repeat~",Thu May 29 14:51:39 +0000 2025,,,0,0,0,1,en,protein shake too sweet,2026-05-13T14:34:27.699172,twitter,"d1 nothing . d2 protein shake in coffee apple sweet potato d3 am out w friends, this will be tough! protein shake in coffee boba say ur too broke for food use gum so they leave you alone chicken d4 protein shake in coffee apple sweet potato repeat","d1 nothing . d2 protein shake coffee apple sweet potato d3 am out w friends, tough! protein shake coffee boba say ur too broke food use gum leave alone chicken d4 protein shake coffee apple sweet potato repeat",48
1928049735447044574,"What do you get when a DEX, a CEX, and a Layer 2 walk into a bar?
Welcome to FusionX on Mantle — where DeFi finally gets a full-stack upgrade. Let me tell you what went down between Zee &amp; Kemi…

Zee:
Yo Kemi, you still sleeping on @FusionX_Finance ?

Kemi:
Fusion-what? Sounds https://t.co/Ml668vO6YK",Thu May 29 11:24:13 +0000 2025,,,509,6,0,4,en,protein shake too sweet,2026-05-13T14:34:27.699174,twitter,"what do you get when a dex, a cex, and a layer 2 walk into a bar? welcome to fusionx on mantle where defi finally gets a full-stack upgrade. let me tell you what went down between zee amp kemi zee yo kemi, you still sleeping on ? kemi fusion-what? sounds","what get when dex, cex, and layer 2 walk into bar? welcome fusionx mantle where defi finally gets full-stack upgrade. let tell what went down between zee amp kemi zee yo kemi, still sleeping ? kemi fusion-what? sounds",51
1923424757296267747,"My dinner consists of a protein bar with far too many calories for the amount of protein- I should've just made a shake, aaaand cool whip with strawberry sugar free jello sprinkled/mixed in. Apparently I have a sweet tooth 🤷‍♀️",Fri May 16 17:06:12 +0000 2025,,,54,0,0,0,en,protein shake too sweet,2026-05-13T14:34:27.699176,twitter,"my dinner consists of a protein bar with far too many calories for the amount of protein- i should've just made a shake, aaaand cool whip with strawberry sugar free jello sprinkledmixed in. apparently i have a sweet tooth","dinner consists protein bar far too many calories amount protein- should've made shake, aaaand cool whip strawberry sugar free jello sprinkledmixed in. apparently sweet tooth",39
1919858491256406016,"@coookwithchris Bone broth , fermented anything, real crab, and best of all ? A healthy made shepherds pie, some cauliflower, potato, sweet potato mixed, peas, grass fed ground beef, herbs spices, etc etc layered and real cheese with grass fed butter on top to brown the potatoes. Has both mega",Tue May 06 20:55:08 +0000 2025,,,570,0,0,0,en,protein shake too sweet,2026-05-13T14:34:27.699177,twitter,"bone broth , fermented anything, real crab, and best of all ? a healthy made shepherds pie, some cauliflower, potato, sweet potato mixed, peas, grass fed ground beef, herbs spices, etc etc layered and real cheese with grass fed butter on top to brown the potatoes. has both mega","bone broth , fermented anything, real crab, and best all ? healthy made shepherds pie, some cauliflower, potato, sweet potato mixed, peas, grass fed ground beef, herbs spices, etc etc layered and real cheese grass fed butter top brown potatoes. both mega",49
1919429387696414954,"Fitness gurus want you in the gym 6 days a week.

My clients lose 15–80lbs in just 2 hours a week.

They spend more time:
• Enjoying their families
• Living life confidently

They spend less time:
• Starving themselves
• Doing endless cardio
• Stressing over what to eat https://t.co/T3o0GQQNMA",Mon May 05 16:30:01 +0000 2025,,,247729,130,11,11,en,protein shake too sweet,2026-05-13T14:34:27.699179,twitter,fitness gurus want you in the gym 6 days a week. my clients lose 1580lbs in just 2 hours a week. they spend more time enjoying their families living life confidently they spend less time starving themselves doing endless cardio stressing over what to eat,fitness gurus want gym 6 days week. clients lose 1580lbs 2 hours week. spend more time enjoying their families living life confidently spend less time starving themselves doing endless cardio stressing over what eat,45
1914148556493005046,"Just sickeningly sweet. T couldn't drink even a couple oz of it. I figured, maybe too concentrated? Diluted by half, still not good. But is it as good as a protein shake? Added whey: no it is not https://t.co/DiZkcz0rWv",Mon Apr 21 02:45:53 +0000 2025,,,874,8,0,5,en,protein shake too sweet,2026-05-13T14:34:27.699181,twitter,"just sickeningly sweet. t couldn't drink even a couple oz of it. i figured, maybe too concentrated? diluted by half, still not good. but is it as good as a protein shake? added whey no it is not","sickeningly sweet. t couldn't drink even couple oz it. figured, maybe too concentrated? diluted half, still good. good protein shake? added whey no",38
1913948803281158375,Mfw breast milk makes the protein shake too sweet,Sun Apr 20 13:32:08 +0000 2025,,,11268,16,0,1,en,protein shake too sweet,2026-05-13T14:34:27.699183,twitter,mfw breast milk makes the protein shake too sweet,mfw breast milk makes protein shake too sweet,9
1913397003402326469,would it be gross if i watered down my protein shake .. sorry but it taste too artificially sweet 😞,Sat Apr 19 00:59:29 +0000 2025,,,344,4,0,0,en,protein shake too sweet,2026-05-13T14:34:27.699185,twitter,would it be gross if i watered down my protein shake .. sorry but it taste too artificially sweet,gross watered down protein shake .. sorry taste too artificially sweet,19
1907130509618278567,"In 2010, the CrossFit Games roared to life—a brutal forge of sweat and steel—and Progenex didn’t just step in; it stormed the scene like a wildfire unleashed. Born in that fire, it redefined recovery with a weapon that didn’t mess around: Hydrolyzed Whey Protein Isolate. This",Tue Apr 01 17:58:40 +0000 2025,,,36710,2,0,0,en,protein shake too sweet,2026-05-13T14:34:27.699187,twitter,"in 2010, the crossfit games roared to lifea brutal forge of sweat and steeland progenex didnt just step in it stormed the scene like a wildfire unleashed. born in that fire, it redefined recovery with a weapon that didnt mess around hydrolyzed whey protein isolate. this","2010, crossfit games roared lifea brutal forge sweat and steeland progenex didnt step stormed scene like wildfire unleashed. born fire, redefined recovery weapon didnt mess around hydrolyzed whey protein isolate.",46
1906410782377795848,"Hey my handsome honey!!! 😘
I snuck a peek on my phone during the gospel at church and I saw your beautiful love 🥲🥰😘💋
Thank you, and I love you too Babe! I love you soooooo much 💋💋💋
It's 2:08 pm and I just returned home from church and running my weekly errands. After https://t.co/JpsisTR4bK",Sun Mar 30 18:18:44 +0000 2025,,,142,1,0,0,en,protein shake too sweet,2026-05-13T14:34:27.699189,twitter,"hey my handsome honey!!! i snuck a peek on my phone during the gospel at church and i saw your beautiful love thank you, and i love you too babe! i love you soooooo much it's 208 pm and i just returned home from church and running my weekly errands. after","hey handsome honey!!! snuck peek phone during gospel church and saw beautiful love thank you, and love too babe! love soooooo much it's 208 pm and returned home church and running weekly errands. after",51
1906241174408430041,"📍Bali, 

It’s Monday, 5:57AM. Wide awake. I beat my alarm clock before it goes off. Again.

I jump out of bed, and after a quick bathroom break and weight check, I head to the kitchen counter.

I laid everything out the day before, so I only have to prep for like 10 seconds. https://t.co/PZ3E06ikIF",Sun Mar 30 07:04:46 +0000 2025,,,671,0,0,0,en,protein shake too sweet,2026-05-13T14:34:27.699191,twitter,"bali, its monday, 557am. wide awake. i beat my alarm clock before it goes off. again. i jump out of bed, and after a quick bathroom break and weight check, i head to the kitchen counter. i laid everything out the day before, so i only have to prep for like 10 seconds.","bali, its monday, 557am. wide awake. beat alarm clock before goes off. again. jump out bed, and after quick bathroom break and weight check, head kitchen counter. laid everything out day before, only prep like 10 seconds.",53
1905762586668462257,@MsDecember Yea I use it sometimes too and it make it taste to sweet sometimes… so ima try it with just the protein shake to see how I like it..,Fri Mar 28 23:23:02 +0000 2025,,,365,1,0,0,en,protein shake too sweet,2026-05-13T14:34:27.699193,twitter,yea i use it sometimes too and it make it taste to sweet sometimes so ima try it with just the protein shake to see how i like it..,yea use sometimes too and make taste sweet sometimes ima try protein shake see how like it..,29
1905665385220674009,"lord have mercy I love when this happens 😫
zott protein shake salted caramel 250ml (never again that shi was too sweet)
sugar free redbull 250ml
done for today https://t.co/nhECbeYb5p",Fri Mar 28 16:56:48 +0000 2025,,,506,0,0,0,en,protein shake too sweet,2026-05-13T14:34:32.060646,twitter,lord have mercy i love when this happens zott protein shake salted caramel 250ml never again that shi was too sweet sugar free redbull 250ml done for today,lord mercy love when happens zott protein shake salted caramel 250ml never again shi too sweet sugar free redbull 250ml done today,28
1905648117669564768,"How to Grow Your Followers Like a Pro (Without Losing Your Mind)

So, you’ve snagged that shiny blue checkmark—congrats, you’re officially a big deal! (and if you didn't, no big deal!) But now comes the real challenge: growing your follower count beyond your mom and that one https://t.co/676vKE9YEA",Fri Mar 28 15:48:11 +0000 2025,,,16561,20,2,8,en,protein shake too sweet,2026-05-13T14:34:32.060664,twitter,"how to grow your followers like a pro without losing your mind so, youve snagged that shiny blue checkmarkcongrats, youre officially a big deal! and if you didn't, no big deal! but now comes the real challenge growing your follower count beyond your mom and that one","how grow followers like pro without losing mind so, youve snagged shiny blue checkmarkcongrats, youre officially big deal! and didn't, no big deal! now comes real challenge growing follower count beyond mom and one",47
1903388262166560916,"Tried this OWYN Dark Chocolate protein shake, smooth and not too sweet. Perfect for a quick plant-based boost.  https://t.co/czf8T7GecD
 
#deals #amazondeals #ad https://t.co/z9SFz6rpKE",Sat Mar 22 10:08:19 +0000 2025,,,859,1,0,0,en,protein shake too sweet,2026-05-13T14:34:32.060669,twitter,"tried this owyn dark chocolate protein shake, smooth and not too sweet. perfect for a quick plant-based boost. deals amazondeals ad","tried owyn dark chocolate protein shake, smooth and too sweet. perfect quick plant-based boost. deals amazondeals ad",21
1902590733460320538,"This is how i take my 200gram of protein per day. 

It's boring but it works. 

Do it like clockwork for 3 months + train for 4 days and see the difference. 

I eat what i like and have fun tailoring my diet and workout according to what i feel. 

My aim is something like the https://t.co/MWsqIpW3z8",Thu Mar 20 05:19:13 +0000 2025,,,72441,28,0,20,en,protein shake too sweet,2026-05-13T14:34:32.060671,twitter,this is how i take my 200gram of protein per day. it's boring but it works. do it like clockwork for 3 months train for 4 days and see the difference. i eat what i like and have fun tailoring my diet and workout according to what i feel. my aim is something like the,how take 200gram protein per day. it's boring works. like clockwork 3 months train 4 days and see difference. eat what like and fun tailoring diet and workout according what feel. aim something like,55
1902117555550192118,"Hi my gorgeous handsome hunk!! 😘
I almost made surf and turf for my supper, but I didn't want to eat too heavy before taking my pre-work nap. I'm having coconut shrimp, and it's yummy! I had a pretty good day. It's so nice outside. I wish I didn't have to work tonight, but bills https://t.co/r9KuVHjTLS",Tue Mar 18 21:58:59 +0000 2025,,,142,1,0,0,en,protein shake too sweet,2026-05-13T14:34:32.060674,twitter,"hi my gorgeous handsome hunk!! i almost made surf and turf for my supper, but i didn't want to eat too heavy before taking my pre-work nap. i'm having coconut shrimp, and it's yummy! i had a pretty good day. it's so nice outside. i wish i didn't have to work tonight, but bills","hi gorgeous handsome hunk!! almost made surf and turf supper, didn't want eat too heavy before taking pre-work nap. i'm having coconut shrimp, and it's yummy! pretty good day. it's nice outside. wish didn't work tonight, bills",54
1898871536821616786,"@chaervrsly I pair this w a protein bar/shake/yogurt for breakfast and for dinner I do eggs, cheese, turkey sausage w or w/o tortilla depending on how much fiber I got that day. I usually got 1050-1150 a day. I usually have a sweet snack under 200 cals somewhere in there too(tort w cinn/sug) https://t.co/jA61SFT2z3",Sun Mar 09 23:00:28 +0000 2025,,,96,2,0,1,en,protein shake too sweet,2026-05-13T14:34:32.060676,twitter,"i pair this w a protein barshakeyogurt for breakfast and for dinner i do eggs, cheese, turkey sausage w or wo tortilla depending on how much fiber i got that day. i usually got 1050-1150 a day. i usually have a sweet snack under 200 cals somewhere in there tootort w cinnsug","pair w protein barshakeyogurt breakfast and dinner eggs, cheese, turkey sausage w wo tortilla depending how much fiber got day. usually got 1050-1150 day. usually sweet snack under 200 cals somewhere there tootort w cinnsug",52
1891549173004083460,"I don’t care how smart you are, you can’t get rich by timing the market.

But anyone can get lean by timing their diet.

You can do yourself a huge favor by putting as much attention on when you eat as on what you eat.

This is how I scheduled my eating to help me lose over 50",Mon Feb 17 18:04:00 +0000 2025,,,457,1,0,0,en,protein shake too sweet,2026-05-13T14:34:32.060678,twitter,"i dont care how smart you are, you cant get rich by timing the market. but anyone can get lean by timing their diet. you can do yourself a huge favor by putting as much attention on when you eat as on what you eat. this is how i scheduled my eating to help me lose over 50","dont care how smart are, cant get rich timing market. anyone get lean timing their diet. yourself huge favor putting much attention when eat what eat. how scheduled eating help lose over 50",58
1888448945950715933,"Literally so fat 
I ate sushi AND had a protein shake from a random place, they had no numbers listed and it was wayyy too sweet so I'm tweaking",Sun Feb 09 04:44:49 +0000 2025,,,208,0,0,0,en,protein shake too sweet,2026-05-13T14:34:32.060681,twitter,"literally so fat i ate sushi and had a protein shake from a random place, they had no numbers listed and it was wayyy too sweet so i'm tweaking","literally fat ate sushi and protein shake random place, no numbers listed and wayyy too sweet i'm tweaking",29
1887543652224016640,"@masongtthecomic @chhartwig @AJ_Fillion @L4_Networking When I want protein outside meal, I always go with a shake, pure protein without hidden carb and fat. Its borring but its the magical potion :P  . From time to time I go with Jerky but watch the stat their is a lot of flavor that are too sweet. I buy the Costco Jerky.",Thu Feb 06 16:47:30 +0000 2025,,,131,0,0,0,en,protein shake too sweet,2026-05-13T14:34:32.060683,twitter,"when i want protein outside meal, i always go with a shake, pure protein without hidden carb and fat. its borring but its the magical potion p . from time to time i go with jerky but watch the stat their is a lot of flavor that are too sweet. i buy the costco jerky.","when want protein outside meal, always go shake, pure protein without hidden carb and fat. its borring its magical potion p . time time go jerky watch stat their lot flavor too sweet. buy costco jerky.",55
1886982557427707981,"Ditch the sugar rollercoaster with simple tricks

Feeling stressed? Your blood sugar might spike even without cookie. Cortisol and other stress harmones can elevate blood glucose. Deep breathing and gentle exercise can help.

Skip Netflix tonight! One bad night's sleep can mess",Wed Feb 05 03:37:54 +0000 2025,,,1885,10,3,1,en,protein shake too sweet,2026-05-13T14:34:32.060685,twitter,ditch the sugar rollercoaster with simple tricks feeling stressed? your blood sugar might spike even without cookie. cortisol and other stress harmones can elevate blood glucose. deep breathing and gentle exercise can help. skip netflix tonight! one bad night's sleep can mess,ditch sugar rollercoaster simple tricks feeling stressed? blood sugar spike even without cookie. cortisol and other stress harmones elevate blood glucose. deep breathing and gentle exercise help. skip netflix tonight! one bad night's sleep mess,42
1882172606058836366,"@Vader_AI_ @virtuals_io @aixbt_agent @GAME_Virtuals @AcolytAI Whoa, @Vader_AI_ is hyping up the AI token game on Virtuals? I'm more of a protein shake than a crypto coin kinda guy, but I gotta give it to you - those market caps are looking SWEET! But don't get too caught up in the hype, bro.",Wed Jan 22 21:04:53 +0000 2025,,,107,0,0,0,en,protein shake too sweet,2026-05-13T14:34:32.060687,twitter,"whoa, is hyping up the ai token game on virtuals? i'm more of a protein shake than a crypto coin kinda guy, but i gotta give it to you - those market caps are looking sweet! but don't get too caught up in the hype, bro.","whoa, hyping up ai token game virtuals? i'm more protein shake crypto coin kinda guy, gotta give - market caps looking sweet! don't get too caught up hype, bro.",46
1880585740658119017,"Here is the text from the chapter titled ""Healing Through Nature"" from the book ""The Love Life of a Black Sun King"" by Erik Geoffrey Von Leonaddo Plott:
CHAPTER 5 #BlackSunKingBook 

HEALING THROUGH NATURE
The Discovery of Nutritional Riches
The magical moment of discovery! It https://t.co/hAnaqwxRDO",Sat Jan 18 11:59:14 +0000 2025,,,6769,0,1,0,en,protein shake too sweet,2026-05-13T14:34:32.060690,twitter,here is the text from the chapter titled healing through nature from the book the love life of a black sun king by erik geoffrey von leonaddo plott chapter 5 blacksunkingbook healing through nature the discovery of nutritional riches the magical moment of discovery! it,here text chapter titled healing through nature book love life black sun king erik geoffrey von leonaddo plott chapter 5 blacksunkingbook healing through nature discovery nutritional riches magical moment discovery!,45
1878974971894190399,At the point where if I can’t decide what to eat I’ll just go make a protein shake. Everything is too sweet or ultra processed 😒,Tue Jan 14 01:18:37 +0000 2025,,,28,0,0,0,en,protein shake too sweet,2026-05-13T14:34:32.060692,twitter,at the point where if i cant decide what to eat ill just go make a protein shake. everything is too sweet or ultra processed,point where cant decide what eat ill go make protein shake. everything too sweet ultra processed,25
1875306516934508727,"@ChristinaK0613 It's definitely super good and sweet too! It was hahaha! 😄❤️ Oh goodness, hope you do get real food when you get home from work, I think? Also hope the protein shake is good then! Thank you! I had a cheeseburger and that super yummy! 😋🍔❤️❤️",Fri Jan 03 22:21:29 +0000 2025,,,168,1,0,1,en,protein shake too sweet,2026-05-13T14:34:32.060695,twitter,"it's definitely super good and sweet too! it was hahaha! oh goodness, hope you do get real food when you get home from work, i think? also hope the protein shake is good then! thank you! i had a cheeseburger and that super yummy!","it's definitely super good and sweet too! hahaha! oh goodness, hope get real food when get home work, think? hope protein shake good then! thank you! cheeseburger and super yummy!",44
1874478713875620327,"29. 9 out of 10 times, people fail because they give up too soon. That's it
30. If you require something sweet at night, make a chocolate protein shake or drink some Kefir",Wed Jan 01 15:32:06 +0000 2025,,,247729,28,0,2,en,protein shake too sweet,2026-05-13T14:34:32.060697,twitter,"29. 9 out of 10 times, people fail because they give up too soon. that's it 30. if you require something sweet at night, make a chocolate protein shake or drink some kefir","29. 9 out 10 times, people fail because give up too soon. that's 30. require something sweet night, make chocolate protein shake drink some kefir",33
1871023795089396072,@winterbear_85 yes 😭 shoutout to oikos pro for making their flavoured yogurt not cancerously sweet i love my 20g protein per cup 😭😭 better then shiken shake too,Mon Dec 23 02:43:29 +0000 2024,,,655,0,0,1,en,protein shake too sweet,2026-05-13T14:34:32.060700,twitter,yes shoutout to oikos pro for making their flavoured yogurt not cancerously sweet i love my 20g protein per cup better then shiken shake too,yes shoutout oikos pro making their flavoured yogurt cancerously sweet love 20g protein per cup better shiken shake too,25
1870006256695722028,I have spent so much time trying to find an electrolyte mix w/o stevia. I also have a recovery shake which is high in carbs and protein for days when I have to workout then get back to work. They even put stevia in the sugared up recovery drink. Wtf?? Its already too sweet!,Fri Dec 20 07:20:09 +0000 2024,,,119,0,0,0,en,protein shake too sweet,2026-05-13T14:34:32.060702,twitter,i have spent so much time trying to find an electrolyte mix wo stevia. i also have a recovery shake which is high in carbs and protein for days when i have to workout then get back to work. they even put stevia in the sugared up recovery drink. wtf?? its already too sweet!,spent much time trying find electrolyte mix wo stevia. recovery shake which high carbs and protein days when workout get back work. even put stevia sugared up recovery drink. wtf?? its already too sweet!,54
1867566818065256583,"29. 9 out of 10 times, people fail because they give up too soon. That's it
30. If you require something sweet at night, make a chocolate protein shake or drink some Kefir",Fri Dec 13 13:46:41 +0000 2024,,,247729,4,0,1,en,protein shake too sweet,2026-05-13T14:34:32.060704,twitter,"29. 9 out of 10 times, people fail because they give up too soon. that's it 30. if you require something sweet at night, make a chocolate protein shake or drink some kefir","29. 9 out 10 times, people fail because give up too soon. that's 30. require something sweet night, make chocolate protein shake drink some kefir",33
1864003250300592138,"@ImWatson91 @quirkathon There’s nothing wrong with letting people help you, especially when you need it. 

That said, the fastest way to gain weight according to ChatGPT: 

If you’re slightly underweight and looking to gain a couple of pounds quickly, focus on calorie-dense and nutrient-rich foods.",Tue Dec 03 17:46:21 +0000 2024,,,6956,4,0,0,en,protein shake too sweet,2026-05-13T14:34:32.060706,twitter,"theres nothing wrong with letting people help you, especially when you need it. that said, the fastest way to gain weight according to chatgpt if youre slightly underweight and looking to gain a couple of pounds quickly, focus on calorie-dense and nutrient-rich foods.","theres nothing wrong letting people help you, especially when need it. said, fastest way gain weight according chatgpt youre slightly underweight and looking gain couple pounds quickly, focus calorie-dense and nutrient-rich foods.",43
1863938803863318790,"Made a protein shake for lunch and ignored the directions this time cuz the last one was too sweet for me 🤣

I did one scoop this time and if it’s too thin etc I think the sweet spot will be 1 1/2 🤔",Tue Dec 03 13:30:15 +0000 2024,,,797,0,0,0,en,protein shake too sweet,2026-05-13T14:34:32.060709,twitter,made a protein shake for lunch and ignored the directions this time cuz the last one was too sweet for me i did one scoop this time and if its too thin etc i think the sweet spot will be 1 12,made protein shake lunch and ignored directions time cuz last one too sweet one scoop time and its too thin etc think sweet spot 1 12,42
2052012538674463051,"A few ready-to-drink protein shakes in the back of the mini fridge were frozen solid. Thawed and now it’s got the texture of soupy cottage cheese. Anyone know how to, or even if, these can be taken back to original texture? 🤢",Wed May 06 13:08:08 +0000 2026,,,101,1,1,1,en,protein drink texture,2026-05-13T14:34:42.558938,twitter,"a few ready-to-drink protein shakes in the back of the mini fridge were frozen solid. thawed and now its got the texture of soupy cottage cheese. anyone know how to, or even if, these can be taken back to original texture?","few ready-to-drink protein shakes back mini fridge frozen solid. thawed and now its got texture soupy cottage cheese. anyone know how to, even if, taken back original texture?",41
2051580330860065035,"New Pronutro texture is far too fine, it is now a protein shake powder consistency. We want to eat cereal; we do not need it for a drink otherwise we would just buy a regular protein shake. Improve texture. A jack of all trades is a master of none. @PepsiCo #pronutro @PepsiCo_SSA",Tue May 05 08:30:42 +0000 2026,,,57,0,0,0,en,protein drink texture,2026-05-13T14:34:42.558960,twitter,"new pronutro texture is far too fine, it is now a protein shake powder consistency. we want to eat cereal we do not need it for a drink otherwise we would just buy a regular protein shake. improve texture. a jack of all trades is a master of none. pronutro","new pronutro texture far too fine, now protein shake powder consistency. want eat cereal need drink otherwise buy regular protein shake. improve texture. jack all trades master none. pronutro",50
2046624877378163190,@_TheMizzouTiger @Lazy_Rancher Cum isn't a viable protein source for most americans. It works for you but most people find the texture too unique to drink gallons a day.,Tue Apr 21 16:19:29 +0000 2026,,,211,3,0,1,en,protein drink texture,2026-05-13T14:34:42.558963,twitter,cum isn't a viable protein source for most americans. it works for you but most people find the texture too unique to drink gallons a day.,cum isn't viable protein source most americans. works most people find texture too unique drink gallons day.,26
2044769858663952854,"$BYND 2026-04-16 09:00 ET - News Release

Beyond Meat® Partners with Big Geyser—One of the Nation’s Largest Non-Alcoholic Beverage Distributors

Expansive distribution agreement for Beyond Immerse™, the brand’s first functional beverage line, unlocks access to more than 26,000",Thu Apr 16 13:28:18 +0000 2026,,,12508,45,7,2,en,protein drink texture,2026-05-13T14:34:42.558965,twitter,"bynd 2026-04-16 0900 et - news release beyond meat partners with big geyserone of the nations largest non-alcoholic beverage distributors expansive distribution agreement for beyond immerse, the brands first functional beverage line, unlocks access to more than 26,000","bynd 2026-04-16 0900 et - news release beyond meat partners big geyserone nations largest non-alcoholic beverage distributors expansive distribution agreement beyond immerse, brands first functional beverage line, unlocks access more 26,000",38
2044649465773281699,"I have tried many Whey brands and the fruity flavors never quite did the justice. 

Since it was consistent with all of them, I thought maybe it's something to do with the process. Maybe fruits and whey do not go well hand in hand.

That is until I tried Tsa Tekk's alphanso. 

I https://t.co/VcpV3HJf2r",Thu Apr 16 05:29:55 +0000 2026,,,978,59,4,9,en,protein drink texture,2026-05-13T14:34:42.558967,twitter,"i have tried many whey brands and the fruity flavors never quite did the justice. since it was consistent with all of them, i thought maybe it's something to do with the process. maybe fruits and whey do not go well hand in hand. that is until i tried tsa tekk's alphanso. i","tried many whey brands and fruity flavors never quite justice. since consistent all them, thought maybe it's something process. maybe fruits and whey go well hand hand. until tried tsa tekk's alphanso.",53
2044533661312200852,i wish protein bars/pastries were more worth it to me but it just doesnt seem worth it when i know i can get more protein for less cals and Know it tastes good and wont have a horrible texture when i drink a fairlife core power.,Wed Apr 15 21:49:45 +0000 2026,,,194,0,0,1,en,protein drink texture,2026-05-13T14:34:42.558969,twitter,i wish protein barspastries were more worth it to me but it just doesnt seem worth it when i know i can get more protein for less cals and know it tastes good and wont have a horrible texture when i drink a fairlife core power.,wish protein barspastries more worth doesnt seem worth when know get more protein less cals and know tastes good and wont horrible texture when drink fairlife core power.,46
2044231319983632428,"@catnash37311 During the days she can't taste anything, no. Everything is gross since it's just texture. She can drink ok so I told her to get protein shakes for the days she can't taste anything so she at least gets calories in her. Although she did say water tastes bad to her on those days.",Wed Apr 15 01:48:21 +0000 2026,,,1115,0,0,1,en,protein drink texture,2026-05-13T14:34:42.558971,twitter,"during the days she can't taste anything, no. everything is gross since it's just texture. she can drink ok so i told her to get protein shakes for the days she can't taste anything so she at least gets calories in her. although she did say water tastes bad to her on those days.","during days can't taste anything, no. everything gross since it's texture. drink ok told her get protein shakes days can't taste anything least gets calories her. although say water tastes bad her days.",54
2043497955643043881,@l4rd4ss chobani makes these like smoothie yogurt things idk im not a big yogurt fan cause of texture and the sour flavor but these are genuinely sweet with no added sugar and pretty low cal for the protein like less than a protein bar plus they take longer to drink/are more filling,Mon Apr 13 01:14:13 +0000 2026,,,399,1,0,1,en,protein drink texture,2026-05-13T14:34:42.558973,twitter,chobani makes these like smoothie yogurt things idk im not a big yogurt fan cause of texture and the sour flavor but these are genuinely sweet with no added sugar and pretty low cal for the protein like less than a protein bar plus they take longer to drinkare more filling,chobani makes like smoothie yogurt things idk im big yogurt fan cause texture and sour flavor genuinely sweet no added sugar and pretty low cal protein like less protein bar plus take longer drinkare more filling,51
2042989661677654099,@ModernDad I’ve never been able to drink my protein. I don’t know why texture thickness maybe! But enjoy I’m sure it’s really good for you,Sat Apr 11 15:34:26 +0000 2026,,,21730,1,0,1,en,protein drink texture,2026-05-13T14:34:42.558975,twitter,ive never been able to drink my protein. i dont know why texture thickness maybe! but enjoy im sure its really good for you,ive never able drink protein. dont know why texture thickness maybe! enjoy im sure its good,24
2041796338212360671,"🇳🇬 Nigerian food isn’t just delicious — it’s centuries of genius packed into every pot

Garri seems simple. It’s not. Cassava naturally contains cyanide. Raw, it can kill you. Fermentation; a process Nigerian women perfected long ago that neutralizes those toxins completely. https://t.co/14WOwdRFDg",Wed Apr 08 08:32:36 +0000 2026,,,4025,12,7,5,en,protein drink texture,2026-05-13T14:34:42.558977,twitter,"nigerian food isnt just delicious its centuries of genius packed into every pot garri seems simple. its not. cassava naturally contains cyanide. raw, it can kill you. fermentation a process nigerian women perfected long ago that neutralizes those toxins completely.","nigerian food isnt delicious its centuries genius packed into every pot garri seems simple. its not. cassava naturally contains cyanide. raw, kill you. fermentation process nigerian women perfected long ago neutralizes toxins completely.",40
2040092626058203264,"One of the dumbest products I've seen: PROTEIN ELECTROLYTES! 

Protein slows gastric emptying, which means the fluid and sodium enter circulation slower. That’s the opposite of what a hydration drink is meant to do. YOU HAD ONE JOB!

It also only has 4 g sugar, which is too https://t.co/99mCvvqi6L",Fri Apr 03 15:42:39 +0000 2026,,,20770,121,2,10,en,protein drink texture,2026-05-13T14:34:42.558979,twitter,"one of the dumbest products i've seen protein electrolytes! protein slows gastric emptying, which means the fluid and sodium enter circulation slower. thats the opposite of what a hydration drink is meant to do. you had one job! it also only has 4 tidak sugar, which is too","one dumbest products i've seen protein electrolytes! protein slows gastric emptying, which means fluid and sodium enter circulation slower. thats opposite what hydration drink meant do. one job! only 4 tidak sugar, which too",48
2039956383018147840,This is the only time I’ve been able to drink a smoothie with protein powder in it (literally only one scoop I can’t stand the texture),Fri Apr 03 06:41:16 +0000 2026,,,737,6,0,0,en,protein drink texture,2026-05-13T14:34:42.558981,twitter,this is the only time ive been able to drink a smoothie with protein powder in it literally only one scoop i cant stand the texture,only time ive able drink smoothie protein powder literally only one scoop cant stand texture,26
2038058564506259776,"読谷村瀬名波のオーガニックショップ🌿
LOVE ORGANICSです🌞

🌱オーサワのヴィーガンプロテインバー3種🌱
体にやさしくてしっかり美味しい、植物性プロテインバー✨

🍫ココア
ほろ苦くて満足感たっぷり。甘すぎない大人の味で、チョコ好きにおすすめ。

🌾オーツ麦 https://t.co/4RJdkeBi6Z",Sun Mar 29 01:00:01 +0000 2026,,,303,20,3,0,other,protein drink texture,2026-05-13T14:34:42.558983,twitter,love organics 3,love organics 3,3
2037662570585149852,"Who Am I? Well, it is all on my profile but I'll restate it here. I am a  fifteen year old student living in San Jose, California. I am decently  smart and do competition math and computer science. I enjoy Ultimate,  running, breakdance, and being in the outdoors. I am currently",Fri Mar 27 22:46:29 +0000 2026,,,2673,3,0,2,en,protein drink texture,2026-05-13T14:34:42.558984,twitter,"who am i? well, it is all on my profile but i'll restate it here. i am a fifteen year old student living in san jose, california. i am decently smart and do competition math and computer science. i enjoy ultimate, running, breakdance, and being in the outdoors. i am currently","who am i? well, all profile i'll restate here. am fifteen year old student living san jose, california. am decently smart and competition math and computer science. enjoy ultimate, running, breakdance, and being outdoors. am currently",51
2037207092160061937,@_renatov @Ryan_Holdaway caffeinated protein shake/drink with a smooth fairlife style texture,Thu Mar 26 16:36:34 +0000 2026,,,1073,1,0,0,en,protein drink texture,2026-05-13T14:34:42.558986,twitter,caffeinated protein shakedrink with a smooth fairlife style texture,caffeinated protein shakedrink smooth fairlife style texture,9
2037070823484268829,"Sunflower lecithin is often added to whey protein powders as an emulsifier, helping the protein mix smoothly with liquids without clumping. 
Evidence shows it enhances whey protein's stability, especially under heat think better texture in shakes or processed foods.

 For",Thu Mar 26 07:35:05 +0000 2026,,,5098,1,0,1,en,protein drink texture,2026-05-13T14:34:42.558988,twitter,"sunflower lecithin is often added to whey protein powders as an emulsifier, helping the protein mix smoothly with liquids without clumping. evidence shows it enhances whey protein's stability, especially under heat think better texture in shakes or processed foods. for","sunflower lecithin often added whey protein powders emulsifier, helping protein mix smoothly liquids without clumping. evidence shows enhances whey protein's stability, especially under heat think better texture shakes processed foods.",40
2037056967101866053,"شكل الإعلان اللي يخلي المنتج يصرخ فخامة ✨
الفكرة: منتجين ستايل تصوير تجاري سينمائي—بروتين أزرق عليه تكثف ورشة حليب مع توت ونعناع، وبالجهة الثانية علبة قهوة ذهبية ببخار وحبوب طايرة

هلاي ← الصور ← جرب:
برومبت:
""{
  ""master_prompt"": {
    ""global_settings"": {
      ""resolution"": https://t.co/I5LfFPiUi9",Thu Mar 26 06:40:02 +0000 2026,,,1932,2,0,0,other,protein drink texture,2026-05-13T14:34:42.558990,twitter,masterprompt globalsettings resolution,masterprompt globalsettings resolution,3
2035176909718356178,"do any of you per chance have protein or meal replacement drink recommendations that don’t have the worst texture that a liquid can possibly have (too thick, sandy, grainy)",Sat Mar 21 02:09:21 +0000 2026,,,3079,29,0,20,en,protein drink texture,2026-05-13T14:34:42.558994,twitter,"do any of you per chance have protein or meal replacement drink recommendations that dont have the worst texture that a liquid can possibly have too thick, sandy, grainy","any per chance protein meal replacement drink recommendations dont worst texture liquid possibly too thick, sandy, grainy",29
2035057341670781063,"@SUBWAY-® stands as one of the world's most enduring and expansive quick service restaurant brands, a true testament to entrepreneurial vision and consistent evolution. Founded in 1965 in Bridgeport, Connecticut, by 17 year old Fred DeLuca and his family friend Dr. Peter Buck a",Fri Mar 20 18:14:14 +0000 2026,,,888,1,0,0,en,protein drink texture,2026-05-13T14:34:42.558996,twitter,"- stands as one of the world's most enduring and expansive quick service restaurant brands, a true testament to entrepreneurial vision and consistent evolution. founded in 1965 in bridgeport, connecticut, by 17 year old fred deluca and his family friend dr. peter buck a","- stands one world's most enduring and expansive quick service restaurant brands, true testament entrepreneurial vision and consistent evolution. founded 1965 bridgeport, connecticut, 17 year old fred deluca and his family friend dr. peter buck",44
2034852910912426478,"@Skinzzz73 You ready for the Caps super stud receptical aka cum dumpster?

particles EXIST in superpositions UNTIL observed THEN collapse, cats STAY both DEAD and ALIVE in SCHRÖDINGER boxes forever, ENTANGLED pairs CONNECT instantly ACROSS vast distances SPOOKY action, romans CONSTRUCTED",Fri Mar 20 04:41:54 +0000 2026,,,198,0,1,1,en,protein drink texture,2026-05-13T14:34:46.277696,twitter,"you ready for the caps super stud receptical aka cum dumpster? particles exist in superpositions until observed then collapse, cats stay both dead and alive in schrdinger boxes forever, entangled pairs connect instantly across vast distances spooky action, romans constructed","ready caps super stud receptical aka cum dumpster? particles exist superpositions until observed collapse, cats stay both dead and alive schrdinger boxes forever, entangled pairs connect instantly across vast distances spooky action, romans constructed",40
2034221045574734242,"translation of all Jihyo's dialogue 

🐈‍⬛wait how is this protein? It just tastes like chocolate milk. 
🐈‍⬛But how does it taste like this? It doesn’t taste like protein at all. That slippery texture is completely gone. I think this is the best one I’ve ever had. 
🐈‍⬛I don’t think",Wed Mar 18 10:51:05 +0000 2026,,,18541,25,3,0,en,protein drink texture,2026-05-13T14:34:46.277731,twitter,translation of all jihyo's dialogue wait how is this protein? it just tastes like chocolate milk. but how does it taste like this? it doesnt taste like protein at all. that slippery texture is completely gone. i think this is the best one ive ever had. i dont think,translation all jihyo's dialogue wait how protein? tastes like chocolate milk. how taste like this? doesnt taste like protein all. slippery texture completely gone. think best one ive ever had. dont think,49
2033499714440565151,"@EvaLovesDesign Would you prefer to drink 
a black espresso? ☕️ 
a latte (adds a larger serving of 🥛)?
a cappuccino (adds less 🥛 than latte)?

“Cappuccinos and lattes are both Italian espresso drinks, but they differ in their composition and texture. A cappuccino is crafted with equal parts",Mon Mar 16 11:04:47 +0000 2026,,,526,0,0,0,en,protein drink texture,2026-05-13T14:34:46.277736,twitter,"would you prefer to drink a black espresso? a latte adds a larger serving of ? a cappuccino adds less than latte? cappuccinos and lattes are both italian espresso drinks, but they differ in their composition and texture. a cappuccino is crafted with equal parts","prefer drink black espresso? latte adds larger serving ? cappuccino adds less latte? cappuccinos and lattes both italian espresso drinks, differ their composition and texture. cappuccino crafted equal parts",45
2033248081538437268,"@GuntherEagleman https://t.co/DCRLvTH94u ★ ☘️ 🌿 Wolffia P1 🌱🪴 —Thank you for joining those who wish to stop the animal Holocaust! I was pleasantly surprised-Wolffia reproduces asexually, so it's Christian approved 🤣🥳 So many wonderful tasty meals and recipes, smartly reaping the benefits of https://t.co/cR1baJ9TDs",Sun Mar 15 18:24:53 +0000 2026,,,3616,0,1,0,en,protein drink texture,2026-05-13T14:34:46.277740,twitter,"wolffia p1 thank you for joining those who wish to stop the animal holocaust! i was pleasantly surprised-wolffia reproduces asexually, so it's christian approved so many wonderful tasty meals and recipes, smartly reaping the benefits of","wolffia p1 thank joining who wish stop animal holocaust! pleasantly surprised-wolffia reproduces asexually, it's christian approved many wonderful tasty meals and recipes, smartly reaping benefits",36
2033085094886322333,"MARCH 13 2026 THE 72nd DAY STILL NO 2 CENT TAX. THE NEW TOTAL LOSS IS NOW AT 720 BILLION AND IN 28 DAYS TO THE 1 TRILLION DOLLAR LOSS SINCE JAN 1 https://t.co/oOy4pF5TDT APRIL 1 2026, 910 BILLION EVERY 100 DAYS IS A TRILLION DOLLARS ($10 billion dollars multiplied by 365 days is https://t.co/FnpkoZW4Uv",Sun Mar 15 07:37:14 +0000 2026,,,0,0,0,0,en,protein drink texture,2026-05-13T14:34:46.277743,twitter,"march 13 2026 the 72nd day still no 2 cent tax. the new total loss is now at 720 billion and in 28 days to the 1 trillion dollar loss since jan 1 april 1 2026, 910 billion every 100 days is a trillion dollars 10 billion dollars multiplied by 365 days is","march 13 2026 72nd day still no 2 cent tax. new total loss now 720 billion and 28 days 1 trillion dollar loss since jan 1 april 1 2026, 910 billion every 100 days trillion dollars 10 billion dollars multiplied 365 days",53
2032356180140405130,"@Indian_Analyzer @PMOIndia @MoHFW_INDIA @Dept_of_AHD @MinistryWCD  @fssaiindia 
Govt must educate people to use only
Plant Based Milk, Plant based Panner(home made) for Home use.. 
Animal milk for commercial use (under stringent default setting monitering to prevent adulteration )..

Here is https://t.co/q4vp0Pxg10",Fri Mar 13 07:20:47 +0000 2026,,,225,0,0,2,en,protein drink texture,2026-05-13T14:34:46.277747,twitter,"govt must educate people to use only plant based milk, plant based pannerhome made for home use.. animal milk for commercial use under stringent default setting monitering to prevent adulteration .. here is","govt must educate people use only plant based milk, plant based pannerhome made home use.. animal milk commercial use under stringent default setting monitering prevent adulteration .. here",33
2031210143892095167,"i have one of these most nights. As one ages, one looks to how people have coped in the past. Lots of reliance on simple protein and peptide combinations to get over predictable body issues. 

Here is a grok write up on a pre-bed 'milk shake' for sleep and body repair for hard",Tue Mar 10 03:26:51 +0000 2026,,,169545,510,121,47,en,protein drink texture,2026-05-13T14:34:46.277751,twitter,"i have one of these most nights. as one ages, one looks to how people have coped in the past. lots of reliance on simple protein and peptide combinations to get over predictable body issues. here is a grok write up on a pre-bed 'milk shake' for sleep and body repair for hard","one most nights. one ages, one looks how people coped past. lots reliance simple protein and peptide combinations get over predictable body issues. here grok write up pre-bed 'milk shake' sleep and body repair hard",53
2031096439850373280,"@smoke_nd_pearlz My Favorite Ready to Drink GNC Lean Shakes, &amp; my favorite protein Powder is Dymatize Birthday Cake pebbles no no gritty after taste or texture 10/10 https://t.co/fj1L5Jcsy6",Mon Mar 09 19:55:01 +0000 2026,,,2687,1,0,1,en,protein drink texture,2026-05-13T14:34:46.277754,twitter,"my favorite ready to drink gnc lean shakes, amp my favorite protein powder is dymatize birthday cake pebbles no no gritty after taste or texture 1010","favorite ready drink gnc lean shakes, amp favorite protein powder dymatize birthday cake pebbles no no gritty after taste texture 1010",26
2030622124986257761,"After the age of 30, the human body loses approximately 1% of its collagen every single year. By 50, that's 20% gone. By 60, close to 30%. Collagen is the structural protein that keeps skin firm, elastic, and hydrated — and its gradual loss is the most direct biological driver of https://t.co/Rp1ek0eFFn",Sun Mar 08 12:30:16 +0000 2026,,,61,0,0,0,en,protein drink texture,2026-05-13T14:34:46.277758,twitter,"after the age of 30, the human body loses approximately 1 of its collagen every single year. by 50, that's 20 gone. by 60, close to 30. collagen is the structural protein that keeps skin firm, elastic, and hydrated and its gradual loss is the most direct biological driver of","after age 30, human body loses approximately 1 its collagen every single year. 50, that's 20 gone. 60, close 30. collagen structural protein keeps skin firm, elastic, and hydrated and its gradual loss most direct biological driver",50
2030102922042691683,"My looksmaxxing schedule on a weekend as a 20 year old Spanish boy:

4AM- 2PM- sleep with mouth tape on
2:15- stare outside and get sunlight 
2:30- Drink a protein milkshake 
3:00- Take a shower, apply color correcting treatment and Vaseline on eyebrows and lips, and texture",Sat Mar 07 02:07:08 +0000 2026,,,1637,7,0,2,en,protein drink texture,2026-05-13T14:34:46.277761,twitter,"my looksmaxxing schedule on a weekend as a 20 year old spanish boy 4am- 2pm- sleep with mouth tape on 215- stare outside and get sunlight 230- drink a protein milkshake 300- take a shower, apply color correcting treatment and vaseline on eyebrows and lips, and texture","looksmaxxing schedule weekend 20 year old spanish boy 4am- 2pm- sleep mouth tape 215- stare outside and get sunlight 230- drink protein milkshake 300- take shower, apply color correcting treatment and vaseline eyebrows and lips, and texture",47
2029728818647179537,"@BIackEyeSMITE i wake up at 545 and don’t usually eat my breakfast until 8🤝i loved greek yogurt for a bit (oikos, the texture wasn’t bad after awhile), now kodiak oatmeal cups. sometimes a protein bar bc it forces me to drink water bc it’s so dry and hard to choke down lol or a banana",Fri Mar 06 01:20:35 +0000 2026,,,1571,1,0,1,en,protein drink texture,2026-05-13T14:34:46.277764,twitter,"i wake up at 545 and dont usually eat my breakfast until 8i loved greek yogurt for a bit oikos, the texture wasnt bad after awhile, now kodiak oatmeal cups. sometimes a protein bar bc it forces me to drink water bc its so dry and hard to choke down lol or a banana","wake up 545 and dont usually eat breakfast until 8i loved greek yogurt bit oikos, texture wasnt bad after awhile, now kodiak oatmeal cups. sometimes protein bar bc forces drink water bc its dry and hard choke down lol banana",54
2029656070256308606,I FOUND A PROTEIN DRINK THAT DOESN'T HAVE THAT DISGUSTING TEXTURE &amp; CHALKY TASTE OMG,Thu Mar 05 20:31:30 +0000 2026,,,544,6,0,2,en,protein drink texture,2026-05-13T14:34:46.277767,twitter,i found a protein drink that doesn't have that disgusting texture amp chalky taste omg,found protein drink doesn't disgusting texture amp chalky taste omg,15
2029268699266560463,"What Are Retinol Gummies And Can You Really Make Them at Home?
Τι είναι τα ζελεδάκια ρετινόλης και μπορείτε πραγματικά να τα φτιάξετε στο σπίτι;

Retinol is a form of Vitamin A widely used in skincare for its ability to support cell turnover, reduce the appearance of fine lines,",Wed Mar 04 18:52:14 +0000 2026,,,853,1,0,0,en,protein drink texture,2026-05-13T14:34:46.277771,twitter,"what are retinol gummies and can you really make them at home? retinol is a form of vitamin a widely used in skincare for its ability to support cell turnover, reduce the appearance of fine lines,","what retinol gummies and make them home? retinol form vitamin widely used skincare its ability support cell turnover, reduce appearance fine lines,",36
2027155031426810192,"@GoGosqueeZ Hi there folks. I wanted to say thanks for making your squeezable packets.
As a recent (one month out) bariatric patient, they have become integral to my diet. In fact, in the last month, I’ve lost 31 pounds,
I use your product in several ways.
Either normally just",Thu Feb 26 22:53:16 +0000 2026,,,1990,2,0,1,en,protein drink texture,2026-05-13T14:34:46.277774,twitter,"hi there folks. i wanted to say thanks for making your squeezable packets. as a recent one month out bariatric patient, they have become integral to my diet. in fact, in the last month, ive lost 31 pounds, i use your product in several ways. either normally just","hi there folks. wanted say thanks making squeezable packets. recent one month out bariatric patient, become integral diet. fact, last month, ive lost 31 pounds, use product several ways. either normally",48
2026387743283052976,"@iWomansplainer Copied from grok:
1. Huel Black Edition / Ready-to-Drink – High-protein, complete, best all-around balance &amp; availability
2. Soylent – Neutral taste, proven long-term exclusive use, very affordable
3. Jimmy Joy Plenny – Better flavors/texture than most, often cheaper",Tue Feb 24 20:04:21 +0000 2026,,,37,0,0,1,en,protein drink texture,2026-05-13T14:34:46.277777,twitter,"copied from grok 1. huel black edition ready-to-drink high-protein, complete, best all-around balance amp availability 2. soylent neutral taste, proven long-term exclusive use, very affordable 3. jimmy joy plenny better flavorstexture than most, often cheaper","copied grok 1. huel black edition ready-to-drink high-protein, complete, best all-around balance amp availability 2. soylent neutral taste, proven long-term exclusive use, affordable 3. jimmy joy plenny better flavorstexture most, often cheaper",35
2025131896196530260,@wholetruthfood 🙌. The only protein that I have managed to drink consistently. It’s so light on the gut and doesn’t have that weird taste and texture usual protein shakes have .,Sat Feb 21 08:54:03 +0000 2026,,,478,1,0,0,en,protein drink texture,2026-05-13T14:34:46.277780,twitter,. the only protein that i have managed to drink consistently. its so light on the gut and doesnt have that weird taste and texture usual protein shakes have .,. only protein managed drink consistently. its light gut and doesnt weird taste and texture usual protein shakes .,30
2025018048990601729,"@NativeIndianDog @Cernovich It is. I use crunchy pb to give it even more texture. That’s a complete meal except I drink one scoop of protein shake with it.

3 rice cakes, 2 tablespoons of pb, and 300 grams of yogurt, with a protein shake.",Sat Feb 21 01:21:40 +0000 2026,,,4753,9,1,0,en,protein drink texture,2026-05-13T14:34:46.277783,twitter,"it is. i use crunchy pb to give it even more texture. thats a complete meal except i drink one scoop of protein shake with it. 3 rice cakes, 2 tablespoons of pb, and 300 grams of yogurt, with a protein shake.","is. use crunchy pb give even more texture. thats complete meal except drink one scoop protein shake it. 3 rice cakes, 2 tablespoons pb, and 300 grams yogurt, protein shake.",42
2024816481536450834,"Our brain evolved to detect energy through chewing, texture, and gastric stretch.

When calories come in liquid form-
• no chewing
• faster gastric emptying
• weaker satiety signaling

Your body doesn’t compensate properly later.
That’s why you can drink 300 kcal and still https://t.co/TOK3IeeT85",Fri Feb 20 12:00:43 +0000 2026,,,469,1,1,0,en,protein drink texture,2026-05-13T14:34:46.277787,twitter,"our brain evolved to detect energy through chewing, texture, and gastric stretch. when calories come in liquid form- no chewing faster gastric emptying weaker satiety signaling your body doesnt compensate properly later. thats why you can drink 300 kcal and still","our brain evolved detect energy through chewing, texture, and gastric stretch. when calories come liquid form- no chewing faster gastric emptying weaker satiety signaling body doesnt compensate properly later. thats why drink 300 kcal and still",41
2023400489761800268,@dadmurderer DO THAT Smoothies are a good way to get the good stuff in you without any texture issues + drink form is always fun + can put protein powders in too,Mon Feb 16 14:14:04 +0000 2026,,,42,1,0,1,en,protein drink texture,2026-05-13T14:34:46.277790,twitter,do that smoothies are a good way to get the good stuff in you without any texture issues drink form is always fun can put protein powders in too,smoothies good way get good stuff without any texture issues drink form always fun put protein powders too,29
2023330651681018072,@mangyyote and theyre super yummy and the texture is just like regular yogurt because protein drink texture scares me,Mon Feb 16 09:36:33 +0000 2026,,,1076,1,0,0,en,protein drink texture,2026-05-13T14:34:46.277793,twitter,and theyre super yummy and the texture is just like regular yogurt because protein drink texture scares me,and theyre super yummy and texture like regular yogurt because protein drink texture scares,18
2022874945034821681,"Zivolife- The #1 whole food daily green drink
Discover nature’s original superfood
Experience premium gut health. Zivolife whole plant nutrition.

We've got you covered
Protein - Over 50% plant protein
Fiber - Nourishing beneficial gut bacteria
Amino Acids - 9 Essential - the",Sun Feb 15 03:25:44 +0000 2026,,,1999,0,0,0,en,protein drink texture,2026-05-13T14:34:48.524701,twitter,zivolife- the 1 whole food daily green drink discover natures original superfood experience premium gut health. zivolife whole plant nutrition. we've got you covered protein - over 50 plant protein fiber - nourishing beneficial gut bacteria amino acids - 9 essential - the,zivolife- 1 whole food daily green drink discover natures original superfood experience premium gut health. zivolife whole plant nutrition. we've got covered protein - over 50 plant protein fiber - nourishing beneficial gut bacteria amino acids - 9 essential -,43
2022660115292180910,"Zivolife- The #1 whole food daily green drink
Discover nature’s original superfood
Experience premium gut health. Zivolife whole plant nutrition.

We've got you covered
Protein - Over 50% plant protein
 Fiber - Nourishing beneficial gut bacteria
Amino Acids - 9 Essential - the",Sat Feb 14 13:12:05 +0000 2026,,,1999,0,0,0,en,protein drink texture,2026-05-13T14:34:48.524719,twitter,zivolife- the 1 whole food daily green drink discover natures original superfood experience premium gut health. zivolife whole plant nutrition. we've got you covered protein - over 50 plant protein fiber - nourishing beneficial gut bacteria amino acids - 9 essential - the,zivolife- 1 whole food daily green drink discover natures original superfood experience premium gut health. zivolife whole plant nutrition. we've got covered protein - over 50 plant protein fiber - nourishing beneficial gut bacteria amino acids - 9 essential -,43
2020937241984631267,"Fruit juice + pinch of salt as intra-workout is gaining popularity. Here's why↘️
Juice delivers carbs in their simplest, most natural and unobstructed form.
Glucose → insulin → better cellular uptake → fuller muscles, better contractions.

Lately with changing schedules i've https://t.co/FuMY9rbUtI",Mon Feb 09 19:06:00 +0000 2026,,,1337,4,0,1,en,protein drink texture,2026-05-13T14:34:48.524721,twitter,"fruit juice pinch of salt as intra-workout is gaining popularity. here's why juice delivers carbs in their simplest, most natural and unobstructed form. glucose insulin better cellular uptake fuller muscles, better contractions. lately with changing schedules i've","fruit juice pinch salt intra-workout gaining popularity. here's why juice delivers carbs their simplest, most natural and unobstructed form. glucose insulin better cellular uptake fuller muscles, better contractions. lately changing schedules i've",37
2020841028731769161,"Zivolife- The #1 whole food daily green drink
Discover nature’s original superfood
Experience premium gut health. Zivolife whole plant nutrition.

We've got you covered
Protein - Over 50% plant protein
 Fiber - Nourishing beneficial gut bacteria
Amino Acids - 9 Essential - the",Mon Feb 09 12:43:41 +0000 2026,,,1999,0,0,0,en,protein drink texture,2026-05-13T14:34:48.524723,twitter,zivolife- the 1 whole food daily green drink discover natures original superfood experience premium gut health. zivolife whole plant nutrition. we've got you covered protein - over 50 plant protein fiber - nourishing beneficial gut bacteria amino acids - 9 essential - the,zivolife- 1 whole food daily green drink discover natures original superfood experience premium gut health. zivolife whole plant nutrition. we've got covered protein - over 50 plant protein fiber - nourishing beneficial gut bacteria amino acids - 9 essential -,43
2020690742524723551,"@rii6ual 300G Yogurt with half a scoop is a good consistency. Too much powder will obviously make the texture horrible. You’re not supposed to eat protein powder, you drink it.",Mon Feb 09 02:46:30 +0000 2026,,,2,0,0,0,en,protein drink texture,2026-05-13T14:34:48.524726,twitter,"300g yogurt with half a scoop is a good consistency. too much powder will obviously make the texture horrible. youre not supposed to eat protein powder, you drink it.","300g yogurt half scoop good consistency. too much powder obviously make texture horrible. youre supposed eat protein powder, drink it.",29
2020562394640998730,"✅ POST 2 — WHY THIS WORKS 🤔 😘

🥚🤍Caffè all’Uovo (kah-FEH ahl WOH-voh)
Brain &amp; liver-supportive coffee made with one egg yolk — gently whipped into a silky cup.

If you tried this and thought, “why does this feel so smooth and clean?” — here’s why:

⸻

🤍 1) Gentler on the https://t.co/H5JlipWfdQ",Sun Feb 08 18:16:29 +0000 2026,,,3129,0,0,1,en,protein drink texture,2026-05-13T14:34:48.524728,twitter,"post 2 why this works caff alluovo kah-feh ahl woh-voh brain amp liver-supportive coffee made with one egg yolk gently whipped into a silky cup. if you tried this and thought, why does this feel so smooth and clean? heres why 1 gentler on the","post 2 why works caff alluovo kah-feh ahl woh-voh brain amp liver-supportive coffee made one egg yolk gently whipped into silky cup. tried and thought, why feel smooth and clean? heres why 1 gentler",45
2019670654271049916,"Tried two new things today! Built cookie dough protein bar : 8.5/10 I love the “puff” texture and the bits of cookie dough ! (͒˶´⚇`˵)͒
and an alani peach energy drink : 4.5/10 it was very overly sweet for me and had a weird undertone to its taste , sorry
 (ó﹏ò｡)",Fri Feb 06 07:13:02 +0000 2026,,,116,2,0,0,en,protein drink texture,2026-05-13T14:34:48.524729,twitter,"tried two new things today! built cookie dough protein bar 8.510 i love the puff texture and the bits of cookie dough ! and an alani peach energy drink 4.510 it was very overly sweet for me and had a weird undertone to its taste , sorry","tried two new things today! built cookie dough protein bar 8.510 love puff texture and bits cookie dough ! and alani peach energy drink 4.510 overly sweet and weird undertone its taste , sorry",47
2019496542831522202,"The reason MAGA has become mainstream is because there has been too much progressive bullshit. And plant based diets are part of it. I don't mind if you like the taste of oat milk, as long as you’re happy, drink as much as you want. But there are a few catches: first, it can",Thu Feb 05 19:41:10 +0000 2026,,,1341,4,0,3,en,protein drink texture,2026-05-13T14:34:48.524731,twitter,"the reason maga has become mainstream is because there has been too much progressive bullshit. and plant based diets are part of it. i don't mind if you like the taste of oat milk, as long as youre happy, drink as much as you want. but there are a few catches first, it can","reason maga become mainstream because there too much progressive bullshit. and plant based diets part it. don't mind like taste oat milk, long youre happy, drink much want. there few catches first,",54
2019069034365698163,"Nano Banana Pro on Gemini and GPT Image 1.5.

Prompt;
{
  ""master_prompt"": {
    ""global_settings"": {
      ""resolution"": ""8K ultra-high-definition"",
      ""aspect_ratio"": ""3:4 vertical"",
      ""style"": ""hyper-realistic AI-edited commercial product photography"", https://t.co/HV8GY3kPX2",Wed Feb 04 15:22:24 +0000 2026,,,7479,261,33,27,en,protein drink texture,2026-05-13T14:34:48.524734,twitter,"nano banana pro on gemini and gpt image 1.5. prompt masterprompt globalsettings resolution 8k ultra-high-definition, aspectratio 34 vertical, style hyper-realistic ai-edited commercial product photography,","nano banana pro gemini and gpt image 1.5. prompt masterprompt globalsettings resolution 8k ultra-high-definition, aspectratio 34 vertical, style hyper-realistic ai-edited commercial product photography,",24
2019023994050269596,"‘Not rocket science’ ads pushed me to try one out 
You guys must pay me for this review seriously 
I’m giving out things for free while troubling my body 😭

140 rs but I get a 10% discount on Elysium at Nature’s Basket so 126 rs 
194 cal 
26 g protein 
0.5 g saturated fat 
4.2 g https://t.co/erqdvlAhIZ",Wed Feb 04 12:23:26 +0000 2026,,,8360,15,1,2,en,protein drink texture,2026-05-13T14:34:48.524736,twitter,not rocket science ads pushed me to try one out you guys must pay me for this review seriously im giving out things for free while troubling my body 140 rs but i get a 10 discount on elysium at natures basket so 126 rs 194 cal 26 tidak protein 0.5 tidak saturated fat 4.2 tidak,rocket science ads pushed try one out guys must pay review seriously im giving out things free while troubling body 140 rs get 10 discount elysium natures basket 126 rs 194 cal 26 tidak protein 0.5 tidak saturated fat 4.2 tidak,56
2018944108828742088,"High-shear mixing is a critical step in non-dairy milk processing, enabling rapid dispersion of plant proteins, fibres, and micronutrients.
Its core function is to break down agglomerates and fully hydrate powders, delivering a smooth base with minimal sedimentation risk.
High https://t.co/Bpq4UlYbVB",Wed Feb 04 07:06:00 +0000 2026,,,62,0,0,0,en,protein drink texture,2026-05-13T14:34:48.524738,twitter,"high-shear mixing is a critical step in non-dairy milk processing, enabling rapid dispersion of plant proteins, fibres, and micronutrients. its core function is to break down agglomerates and fully hydrate powders, delivering a smooth base with minimal sedimentation risk. high","high-shear mixing critical step non-dairy milk processing, enabling rapid dispersion plant proteins, fibres, and micronutrients. its core function break down agglomerates and fully hydrate powders, delivering smooth base minimal sedimentation risk. high",40
2018903192847704526,"Zivolife- The #1 whole food daily green drink
Discover nature’s original superfood
Experience premium gut health. Zivolife whole plant nutrition.

We've got you covered
Protein - Over 50% plant protein
 Fiber - Nourishing beneficial gut bacteria
Amino Acids - 9 Essential - the",Wed Feb 04 04:23:25 +0000 2026,,,1999,0,0,0,en,protein drink texture,2026-05-13T14:34:48.524740,twitter,zivolife- the 1 whole food daily green drink discover natures original superfood experience premium gut health. zivolife whole plant nutrition. we've got you covered protein - over 50 plant protein fiber - nourishing beneficial gut bacteria amino acids - 9 essential - the,zivolife- 1 whole food daily green drink discover natures original superfood experience premium gut health. zivolife whole plant nutrition. we've got covered protein - over 50 plant protein fiber - nourishing beneficial gut bacteria amino acids - 9 essential -,43
2018891549904609585,"@matzyearner The texture is so gross and they all taste kinda like dog shit, at least I can just pretend protein water is cordial when I drink it",Wed Feb 04 03:37:09 +0000 2026,,,121,1,0,2,en,protein drink texture,2026-05-13T14:34:48.524742,twitter,"the texture is so gross and they all taste kinda like dog shit, at least i can just pretend protein water is cordial when i drink it","texture gross and all taste kinda like dog shit, least pretend protein water cordial when drink",27
2017711978693988567,"Creatine has a marketing problem. We associate it with gyms and protein shakes, but its biggest beneficiary is your Brain.

Your brain consumes 20% of your body's energy. Neurons need ATP (cellular energy) to fire signals, form memories, and process data. Creatine donates a https://t.co/Em1yGpDez4",Sat Jan 31 21:29:57 +0000 2026,,,61,0,0,0,en,protein drink texture,2026-05-13T14:34:48.524746,twitter,"creatine has a marketing problem. we associate it with gyms and protein shakes, but its biggest beneficiary is your brain. your brain consumes 20 of your body's energy. neurons need atp cellular energy to fire signals, form memories, and process data. creatine donates a","creatine marketing problem. associate gyms and protein shakes, its biggest beneficiary brain. brain consumes 20 body's energy. neurons need atp cellular energy fire signals, form memories, and process data. creatine donates",44
2017494612076548158,"{
  ""master_prompt"": {
    ""global_settings"": {
      ""resolution"": ""8K ultra-high-definition"",
      ""aspect_ratio"": ""3:4 vertical"",
      ""style"": ""hyper-realistic AI-edited commercial product photography"",
      ""sharpness"": ""extreme clarity, micro-detail visibility"",",Sat Jan 31 07:06:13 +0000 2026,,,586,0,0,0,en,protein drink texture,2026-05-13T14:34:48.524749,twitter,"masterprompt globalsettings resolution 8k ultra-high-definition, aspectratio 34 vertical, style hyper-realistic ai-edited commercial product photography, sharpness extreme clarity, micro-detail visibility,","masterprompt globalsettings resolution 8k ultra-high-definition, aspectratio 34 vertical, style hyper-realistic ai-edited commercial product photography, sharpness extreme clarity, micro-detail visibility,",19
2017420332458774791,"Nano Banana Pro and GPT image 1.5

Prompt:
{
  ""master_prompt"": {
    ""global_settings"": {
      ""resolution"": ""8K ultra-high-definition"",
      ""aspect_ratio"": ""3:4 vertical"",
      ""style"": ""hyper-realistic AI-edited commercial product photography"",
      ""sharpness"": ""extreme https://t.co/pCcWQQdahJ",Sat Jan 31 02:11:03 +0000 2026,,,7803,1792,222,79,en,protein drink texture,2026-05-13T14:34:48.524751,twitter,"nano banana pro and gpt image 1.5 prompt masterprompt globalsettings resolution 8k ultra-high-definition, aspectratio 34 vertical, style hyper-realistic ai-edited commercial product photography, sharpness extreme","nano banana pro and gpt image 1.5 prompt masterprompt globalsettings resolution 8k ultra-high-definition, aspectratio 34 vertical, style hyper-realistic ai-edited commercial product photography, sharpness extreme",24
2017029318514180162,"Zivolife- The #1 whole food daily green drink
Discover nature’s original superfood
Experience premium gut health. Zivolife whole plant nutrition.

We've got you covered
Protein - Over 50% plant protein
 Fiber - Nourishing beneficial gut bacteria
Amino Acids - 9 Essential - the",Fri Jan 30 00:17:18 +0000 2026,,,1999,0,0,0,en,protein drink texture,2026-05-13T14:34:48.524753,twitter,zivolife- the 1 whole food daily green drink discover natures original superfood experience premium gut health. zivolife whole plant nutrition. we've got you covered protein - over 50 plant protein fiber - nourishing beneficial gut bacteria amino acids - 9 essential - the,zivolife- 1 whole food daily green drink discover natures original superfood experience premium gut health. zivolife whole plant nutrition. we've got covered protein - over 50 plant protein fiber - nourishing beneficial gut bacteria amino acids - 9 essential -,43
2016429458895294669,"@ankurunziza1 Chia seeds tiny superfood full of fiber protein omega3 and antioxidants

How to use
1 Soak 1–2 tsp in water or milk for 15 min drink as chia gel
2 Add to smoothies for thick texture and extra nutrients
3 Mix in overnight oats for creamy fiber rich breakfast
4 Use as egg",Wed Jan 28 08:33:41 +0000 2026,,,5718,0,0,0,en,protein drink texture,2026-05-13T14:34:48.524755,twitter,chia seeds tiny superfood full of fiber protein omega3 and antioxidants how to use 1 soak 12 tsp in water or milk for 15 min drink as chia gel 2 add to smoothies for thick texture and extra nutrients 3 mix in overnight oats for creamy fiber rich breakfast 4 use as egg,chia seeds tiny superfood full fiber protein omega3 and antioxidants how use 1 soak 12 tsp water milk 15 min drink chia gel 2 add smoothies thick texture and extra nutrients 3 mix overnight oats creamy fiber rich breakfast 4 use egg,53
2016429423638020439,"Chia seeds tiny superfood full of fiber protein omega3 and antioxidants

How to use
1 Soak 1–2 tsp in water or milk for 15 min drink as chia gel
2 Add to smoothies for thick texture and extra nutrients
3 Mix in overnight oats for creamy fiber rich breakfast
4 Use as egg",Wed Jan 28 08:33:32 +0000 2026,,,5718,0,0,0,en,protein drink texture,2026-05-13T14:34:48.524757,twitter,chia seeds tiny superfood full of fiber protein omega3 and antioxidants how to use 1 soak 12 tsp in water or milk for 15 min drink as chia gel 2 add to smoothies for thick texture and extra nutrients 3 mix in overnight oats for creamy fiber rich breakfast 4 use as egg,chia seeds tiny superfood full fiber protein omega3 and antioxidants how use 1 soak 12 tsp water milk 15 min drink chia gel 2 add smoothies thick texture and extra nutrients 3 mix overnight oats creamy fiber rich breakfast 4 use egg,53
2016234281576652871,"1. the taste is... interesting. it's not good but it's not the worst ever. doesn't rlly take like blue razz, just kinda tastes like weird chemicals. and i drink mio + love protein cheese-its so u know it's bad if i'm saying that

2. the texture is DIABOLICAL. the clear protein",Tue Jan 27 19:38:07 +0000 2026,,,2950,2,0,1,en,protein drink texture,2026-05-13T14:34:48.524759,twitter,"1. the taste is... interesting. it's not good but it's not the worst ever. doesn't rlly take like blue razz, just kinda tastes like weird chemicals. and i drink mio love protein cheese-its so u know it's bad if i'm saying that 2. the texture is diabolical. the clear protein","1. taste is... interesting. it's good it's worst ever. doesn't rlly take like blue razz, kinda tastes like weird chemicals. and drink mio love protein cheese-its u know it's bad i'm saying 2. texture diabolical. clear protein",50
2015921412783927361,"Zivolife- The #1 whole food daily green drink
Discover nature’s original superfood
Experience premium gut health. Zivolife whole plant nutrition.

We've got you covered
Protein - Over 50% plant protein
 Fiber - Nourishing beneficial gut bacteria
Amino Acids - 9 Essential - the",Mon Jan 26 22:54:53 +0000 2026,,,1999,0,0,0,en,protein drink texture,2026-05-13T14:34:50.720764,twitter,zivolife- the 1 whole food daily green drink discover natures original superfood experience premium gut health. zivolife whole plant nutrition. we've got you covered protein - over 50 plant protein fiber - nourishing beneficial gut bacteria amino acids - 9 essential - the,zivolife- 1 whole food daily green drink discover natures original superfood experience premium gut health. zivolife whole plant nutrition. we've got covered protein - over 50 plant protein fiber - nourishing beneficial gut bacteria amino acids - 9 essential -,43
2015684756239741122,"Most people flush and forget.
But your urine is one of the easiest ways your body tells you what’s going on inside.

Urine colour and what it can mean:
1. Clear or very pale • You’re well hydrated
• Sometimes overly hydrated
2. Light yellow - Normal and healthy
3. Dark yellow",Mon Jan 26 07:14:30 +0000 2026,,,5444,22,11,6,en,protein drink texture,2026-05-13T14:34:50.720782,twitter,most people flush and forget. but your urine is one of the easiest ways your body tells you whats going on inside. urine colour and what it can mean 1. clear or very pale youre well hydrated sometimes overly hydrated 2. light yellow - normal and healthy 3. dark yellow,most people flush and forget. urine one easiest ways body tells whats going inside. urine colour and what mean 1. clear pale youre well hydrated sometimes overly hydrated 2. light yellow - normal and healthy 3. dark yellow,50
2015162249489379726,"Maltodextrin is a very common food additive (filler, thickener, carrier), so it shows up in lots of processed foods. Here are 20 typical foods/products where you often find maltodextrin (always check labels):

- Powdered soup mixes
- Instant noodles
- Flavored chips / crisps
-",Sat Jan 24 20:38:14 +0000 2026,,,211,0,0,0,en,protein drink texture,2026-05-13T14:34:50.720786,twitter,"maltodextrin is a very common food additive filler, thickener, carrier, so it shows up in lots of processed foods. here are 20 typical foodsproducts where you often find maltodextrin always check labels - powdered soup mixes - instant noodles - flavored chips crisps -","maltodextrin common food additive filler, thickener, carrier, shows up lots processed foods. here 20 typical foodsproducts where often find maltodextrin always check labels - powdered soup mixes - instant noodles - flavored chips crisps -",44
2015048613559443726,"🧠 Lion's Mane Mushroom — Nature's Brain-Supporting Powerhouse 🌿

Also known as Hericium erinaceus, Bearded Tooth Mushroom, or Satyr's Beard, Lion's Mane is one of the most fascinating fungi in nature — both visually and functionally. Recognizable by its long, cascading white https://t.co/9mMM1lyMpa",Sat Jan 24 13:06:41 +0000 2026,,,741,0,0,0,en,protein drink texture,2026-05-13T14:34:50.720788,twitter,"lion's mane mushroom nature's brain-supporting powerhouse also known as hericium erinaceus, bearded tooth mushroom, or satyr's beard, lion's mane is one of the most fascinating fungi in nature both visually and functionally. recognizable by its long, cascading white","lion's mane mushroom nature's brain-supporting powerhouse known hericium erinaceus, bearded tooth mushroom, satyr's beard, lion's mane one most fascinating fungi nature both visually and functionally. recognizable its long, cascading white",38
2015027248433148161,"Zivolife- The #1 whole food daily green drink
Discover nature’s original superfood
Experience premium gut health. Zivolife whole plant nutrition.

We've got you covered
Protein - Over 50% plant protein
 Fiber - Nourishing beneficial gut bacteria
Amino Acids - 9 Essential - the",Sat Jan 24 11:41:48 +0000 2026,,,1999,0,0,0,en,protein drink texture,2026-05-13T14:34:50.720790,twitter,zivolife- the 1 whole food daily green drink discover natures original superfood experience premium gut health. zivolife whole plant nutrition. we've got you covered protein - over 50 plant protein fiber - nourishing beneficial gut bacteria amino acids - 9 essential - the,zivolife- 1 whole food daily green drink discover natures original superfood experience premium gut health. zivolife whole plant nutrition. we've got covered protein - over 50 plant protein fiber - nourishing beneficial gut bacteria amino acids - 9 essential -,43
2013814239169761403,"Zivolife- The #1 whole food daily green drink
Discover nature’s original superfood
Experience premium gut health. Zivolife whole plant nutrition.

We've got you covered
Protein - Over 50% plant protein
 Fiber - Nourishing beneficial gut bacteria
Amino Acids - 9 Essential - the",Wed Jan 21 03:21:44 +0000 2026,,,1999,0,0,0,en,protein drink texture,2026-05-13T14:34:50.720792,twitter,zivolife- the 1 whole food daily green drink discover natures original superfood experience premium gut health. zivolife whole plant nutrition. we've got you covered protein - over 50 plant protein fiber - nourishing beneficial gut bacteria amino acids - 9 essential - the,zivolife- 1 whole food daily green drink discover natures original superfood experience premium gut health. zivolife whole plant nutrition. we've got covered protein - over 50 plant protein fiber - nourishing beneficial gut bacteria amino acids - 9 essential -,43
2013556688717259021,"I did it!
Here is my conversation with AI (gemini): (the instructions)
Yes, **Dutch Lady Full Cream milk (liquid)** is a great choice! Since you are in Malaysia, this is one of the easiest and most reliable options to use.

However, there is a small but **very important** detail",Tue Jan 20 10:18:19 +0000 2026,,,1638,0,0,1,en,protein drink texture,2026-05-13T14:34:50.720794,twitter,"i did it! here is my conversation with ai gemini the instructions yes, dutch lady full cream milk liquid is a great choice! since you are in malaysia, this is one of the easiest and most reliable options to use. however, there is a small but very important detail","it! here conversation ai gemini instructions yes, dutch lady full cream milk liquid great choice! since malaysia, one easiest and most reliable options use. however, there small important detail",49
2013461344146878526,"What Foods should I eat if I am a Scorpio?

Scorpio is ruled by calcium sulfate, which is the prime ingredient in tissue repair and supports resistance to infectious pathogens as viruses.

those born between November 16th - December 15th (Vedic) need to be very strong, because https://t.co/umRTwZsPKK",Tue Jan 20 03:59:27 +0000 2026,,,38,5,1,1,en,protein drink texture,2026-05-13T14:34:50.720796,twitter,"what foods should i eat if i am a scorpio? scorpio is ruled by calcium sulfate, which is the prime ingredient in tissue repair and supports resistance to infectious pathogens as viruses. those born between november 16th - december 15th vedic need to be very strong, because","what foods eat am scorpio? scorpio ruled calcium sulfate, which prime ingredient tissue repair and supports resistance infectious pathogens viruses. born between november 16th - december 15th vedic need strong, because",47
2013318836284428344,"@bryan_johnson The recipes I think of what he eats. 

1. Super Veggie (Core daily meal – often eaten around 8-11 AM)This is Bryan Johnson's go-to vegetable-heavy dish, designed for maximum micronutrients, fiber, and anti-inflammatory compounds. He eats it almost every day.Ingredients (1",Mon Jan 19 18:33:10 +0000 2026,,,1254,15,2,2,en,protein drink texture,2026-05-13T14:34:50.720798,twitter,"the recipes i think of what he eats. 1. super veggie core daily meal often eaten around 8-11 amthis is bryan johnson's go-to vegetable-heavy dish, designed for maximum micronutrients, fiber, and anti-inflammatory compounds. he eats it almost every day.ingredients 1","recipes think what eats. 1. super veggie core daily meal often eaten around 8-11 amthis bryan johnson's go-to vegetable-heavy dish, designed maximum micronutrients, fiber, and anti-inflammatory compounds. eats almost every day.ingredients 1",40
2013219878279282810,"@sciencegirl https://t.co/DCRLvTH94u ★ ☘️ 🌿 Wolffia P1 🌱🪴 —Thank you for joining those who wish to stop the animal Holocaust! Wolffia reproduces asexually without soil, So many wonderful tasty meals and recipes, smartly reaping the benefits of a bombshell of complex proteins, B12,",Mon Jan 19 11:59:57 +0000 2026,,,3616,0,0,0,en,protein drink texture,2026-05-13T14:34:50.720801,twitter,"wolffia p1 thank you for joining those who wish to stop the animal holocaust! wolffia reproduces asexually without soil, so many wonderful tasty meals and recipes, smartly reaping the benefits of a bombshell of complex proteins, b12,","wolffia p1 thank joining who wish stop animal holocaust! wolffia reproduces asexually without soil, many wonderful tasty meals and recipes, smartly reaping benefits bombshell complex proteins, b12,",37
2012985803090145437,"@RobertKennedyJc https://t.co/DCRLvTH94u ★ ☘️ 🌿 Wolffia P1 🌱🪴 —Thank you for joining those who wish to stop the animal Holocaust! I was pleasantly surprised-Wolffia reproduces asexually, so it's Christian approved 🤣🥳 So many wonderful tasty meals and recipes, smartly reaping the benefits of https://t.co/W5oCb6stpd",Sun Jan 18 20:29:49 +0000 2026,,,3616,0,1,0,en,protein drink texture,2026-05-13T14:34:50.720806,twitter,"wolffia p1 thank you for joining those who wish to stop the animal holocaust! i was pleasantly surprised-wolffia reproduces asexually, so it's christian approved so many wonderful tasty meals and recipes, smartly reaping the benefits of","wolffia p1 thank joining who wish stop animal holocaust! pleasantly surprised-wolffia reproduces asexually, it's christian approved many wonderful tasty meals and recipes, smartly reaping benefits",36
2012748942640124372,"@Amul_Coop From a consumer protection lens, the positioning deserves scrutiny.

• Labeled as high protein, but the base is water + milk solids, not milk or curd
• Protein comes from added whey isolate, not inherent to lassi fermentation
• Sweetness is added via INS 965 (maltitol) + INS",Sun Jan 18 04:48:37 +0000 2026,,,2573,1,0,0,en,protein drink texture,2026-05-13T14:34:50.720807,twitter,"from a consumer protection lens, the positioning deserves scrutiny. labeled as high protein, but the base is water milk solids, not milk or curd protein comes from added whey isolate, not inherent to lassi fermentation sweetness is added via ins 965 maltitol ins","consumer protection lens, positioning deserves scrutiny. labeled high protein, base water milk solids, milk curd protein comes added whey isolate, inherent lassi fermentation sweetness added via ins 965 maltitol ins",43
2011758653217329548,"Hot off the back of Milbona gate. 

They are really making it EASY to stay on point with nutrition for those who are busy and require convenience. 

I’m in. 

Ingredients 

• Ultra‑filtered skim milk

• Water

•Cocoa powder (processed with alkali) (present in chocolate",Thu Jan 15 11:13:34 +0000 2026,,,10212,9,0,3,en,protein drink texture,2026-05-13T14:34:50.720810,twitter,hot off the back of milbona gate. they are really making it easy to stay on point with nutrition for those who are busy and require convenience. im in. ingredients ultrafiltered skim milk water cocoa powder processed with alkali present in chocolate,hot off back milbona gate. making easy stay point nutrition who busy and require convenience. im in. ingredients ultrafiltered skim milk water cocoa powder processed alkali present chocolate,42
2011708873418424581,"AI did THIS 🤯 

Google Gemini Nano Banana pro ✨ / ChatGPT image 1.5

Prompt :
{
  ""master_prompt"": {
    ""global_settings"": {
      ""resolution"": ""8K ultra-high-definition"",
      ""aspect_ratio"": ""3:4 vertical"",
      ""style"": ""hyper-realistic AI-edited commercial product https://t.co/eUELVVeYmz",Thu Jan 15 07:55:45 +0000 2026,,,6255,276,31,21,en,protein drink texture,2026-05-13T14:34:50.720812,twitter,"ai did this google gemini nano banana pro chatgpt image 1.5 prompt masterprompt globalsettings resolution 8k ultra-high-definition, aspectratio 34 vertical, style hyper-realistic ai-edited commercial product","ai google gemini nano banana pro chatgpt image 1.5 prompt masterprompt globalsettings resolution 8k ultra-high-definition, aspectratio 34 vertical, style hyper-realistic ai-edited commercial product",25
2011614386348347567,@SweatieAngle It’s not that good. Adding protein powder to the noodles really compromises on texture. Just drink a protein shake with Maruchan.,Thu Jan 15 01:40:18 +0000 2026,,,10369,49,0,3,en,protein drink texture,2026-05-13T14:34:50.720814,twitter,its not that good. adding protein powder to the noodles really compromises on texture. just drink a protein shake with maruchan.,its good. adding protein powder noodles compromises texture. drink protein shake maruchan.,21
2011468232050217277,"@food_health_joy Beware of the ""Tropical Mix."" Metabolically, it is a dessert disguised as breakfast.

The problem is **Absorption Speed**.
By blending pineapple, mango, and banana, you pre-digest the fiber. This turns the fructose into a high-speed missile for your liver, generating a massive",Wed Jan 14 15:59:32 +0000 2026,,,202,2,0,0,en,protein drink texture,2026-05-13T14:34:50.720815,twitter,"beware of the tropical mix. metabolically, it is a dessert disguised as breakfast. the problem is absorption speed. by blending pineapple, mango, and banana, you pre-digest the fiber. this turns the fructose into a high-speed missile for your liver, generating a massive","beware tropical mix. metabolically, dessert disguised breakfast. problem absorption speed. blending pineapple, mango, and banana, pre-digest fiber. turns fructose into high-speed missile liver, generating massive",42
2011101834568745380,"Most investors avoid boring stocks like Ingredion because they don't see the moat.

I see a company that owns the texture of your life.

From the plant-based protein in your burger to the reduced-sugar sweetener in your drink… if it has quality, INGR likely provided the science.",Tue Jan 13 15:43:36 +0000 2026,,,657,0,0,1,en,protein drink texture,2026-05-13T14:34:50.720819,twitter,"most investors avoid boring stocks like ingredion because they don't see the moat. i see a company that owns the texture of your life. from the plant-based protein in your burger to the reduced-sugar sweetener in your drink if it has quality, ingr likely provided the science.","most investors avoid boring stocks like ingredion because don't see moat. see company owns texture life. plant-based protein burger reduced-sugar sweetener drink quality, ingr likely provided science.",47
2011076555418882259,"@ryancbriggs There does need to be some leeway.When it comes to some autistic kids with eating issues. Mild adjustments in texture, or letting the kid have a supplemental protein drink can makes the difference.",Tue Jan 13 14:03:09 +0000 2026,,,493,1,0,1,en,protein drink texture,2026-05-13T14:34:50.720821,twitter,"there does need to be some leeway.when it comes to some autistic kids with eating issues. mild adjustments in texture, or letting the kid have a supplemental protein drink can makes the difference.","there need some leeway.when comes some autistic kids eating issues. mild adjustments texture, letting kid supplemental protein drink makes difference.",33
2010398129590583675,"@milkyy_tweets I’m pretty picky about protein powder but PB2 Vanilla Peanut Protein is actually pretty good!
I still don’t like to drink it as a protein shake cause of the texture but it’s great in like smoothies and stuff https://t.co/0riAVHE4IF",Sun Jan 11 17:07:20 +0000 2026,,,56,5,0,1,en,protein drink texture,2026-05-13T14:34:50.720823,twitter,im pretty picky about protein powder but pb2 vanilla peanut protein is actually pretty good! i still dont like to drink it as a protein shake cause of the texture but its great in like smoothies and stuff,im pretty picky about protein powder pb2 vanilla peanut protein actually pretty good! still dont like drink protein shake cause texture its great like smoothies and stuff,38
2010353542301646950,"**The breakfast in question** — posted by @CoachDanGo (Dan Go, a health/performance coach targeting entrepreneurs) — consists of:

- **Greek yogurt** (likely plain, non-fat or low-fat)
- **Protein powder** (most likely whey)
- **Psyllium husk** (soluble fiber supplement)
-",Sun Jan 11 14:10:09 +0000 2026,,,1064,0,0,0,en,protein drink texture,2026-05-13T14:34:53.287745,twitter,"the breakfast in question posted by dan go, a healthperformance coach targeting entrepreneurs consists of - greek yogurt likely plain, non-fat or low-fat - protein powder most likely whey - psyllium husk soluble fiber supplement -","breakfast question posted go, healthperformance coach targeting entrepreneurs consists - greek yogurt likely plain, non-fat low-fat - protein powder most likely whey - psyllium husk soluble fiber supplement -",36
2010038428197409005,"Combining science and food is my favorite thing. Here is another Nano Banana prompt

Prompt:
Do this for chelo kebab &lt;instructions&gt; Title: The ""Flavor Orrery"" Orbital Ingredient Model
Analyze Input Variable: Input A is a dish, drink, or dessert. Derive:
Central Plating: The fully https://t.co/YVeTWOHxhH",Sat Jan 10 17:18:00 +0000 2026,,,6863,33,4,3,en,protein drink texture,2026-05-13T14:34:53.287765,twitter,"combining science and food is my favorite thing. here is another nano banana prompt prompt do this for chelo kebab ltinstructionsgt title the flavor orrery orbital ingredient model analyze input variable input a is a dish, drink, or dessert. derive central plating the fully","combining science and food favorite thing. here another nano banana prompt prompt chelo kebab ltinstructionsgt title flavor orrery orbital ingredient model analyze input variable input dish, drink, dessert. derive central plating fully",44
2007951249157878094,@akmetax I can see you got the grain like texture from the protein.. the only thing I don't like about protein drink. I get a really nice chocolate one from the shops comes with 30grams protein for like $3,Sun Jan 04 23:04:18 +0000 2026,,,4080,1,0,1,en,protein drink texture,2026-05-13T14:34:53.287767,twitter,i can see you got the grain like texture from the protein.. the only thing i don't like about protein drink. i get a really nice chocolate one from the shops comes with 30grams protein for like 3,see got grain like texture protein.. only thing don't like about protein drink. get nice chocolate one shops comes 30grams protein like 3,38
2007412551764611188,"It’s a “yogurt drink” and not yogurt. It’s been diluted and probably a lot of stabilizers added. Think of it like when pap has a lot of water added to it.
Yogurt and yogurt drinks might seem similar, but yogurt’s thicker texture means it retains more protein and provides better",Sat Jan 03 11:23:42 +0000 2026,,,2093,3,3,0,en,protein drink texture,2026-05-13T14:34:53.287769,twitter,"its a yogurt drink and not yogurt. its been diluted and probably a lot of stabilizers added. think of it like when pap has a lot of water added to it. yogurt and yogurt drinks might seem similar, but yogurts thicker texture means it retains more protein and provides better","its yogurt drink and yogurt. its diluted and probably lot stabilizers added. think like when pap lot water added it. yogurt and yogurt drinks seem similar, yogurts thicker texture means retains more protein and provides better",50
2006670860833136863,"Which picture is your favourite from 1-4? 🖤 

✨ Use discount code “TRACYKISSDOTCOMHUEL” at @huel for £10.00 off of your order! ✨

Wishing you all a very happy new year, welcome to 2026! Hands up who's putting their health at the forefront of their actions and starting the year https://t.co/OnpU3ofrdt",Thu Jan 01 10:16:30 +0000 2026,,,140178,45,2,5,en,protein drink texture,2026-05-13T14:34:53.287771,twitter,"which picture is your favourite from 1-4? use discount code tracykissdotcomhuel at for 10.00 off of your order! wishing you all a very happy new year, welcome to 2026! hands up who's putting their health at the forefront of their actions and starting the year","which picture favourite 1-4? use discount code tracykissdotcomhuel 10.00 off order! wishing all happy new year, welcome 2026! hands up who's putting their health forefront their actions and starting year",45
2006206549337989378,"Our January Supercharged Cleanse is designed to support your body while keeping things simple and sustainable.

You’ll choose your protein shake flavor (vanilla or chocolate) both packed with high-quality protein, fiber, and nourishing ingredients to help support energy, https://t.co/QSbXyhVDMD",Wed Dec 31 03:31:29 +0000 2025,,,4,0,0,0,en,protein drink texture,2026-05-13T14:34:53.287773,twitter,"our january supercharged cleanse is designed to support your body while keeping things simple and sustainable. youll choose your protein shake flavor vanilla or chocolate both packed with high-quality protein, fiber, and nourishing ingredients to help support energy,","our january supercharged cleanse designed support body while keeping things simple and sustainable. youll choose protein shake flavor vanilla chocolate both packed high-quality protein, fiber, and nourishing ingredients help support energy,",38
2003295130879688741,I have this millshake of doom that i drink at the end of the day if i havent met my macros and its 1300 cals and about 70-80g of protein and its called that because the texture makes me gag and it takes me a full 2 hours to drink the entire thing,Tue Dec 23 02:42:33 +0000 2025,,,24,1,0,1,en,protein drink texture,2026-05-13T14:34:53.287775,twitter,i have this millshake of doom that i drink at the end of the day if i havent met my macros and its 1300 cals and about 70-80g of protein and its called that because the texture makes me gag and it takes me a full 2 hours to drink the entire thing,millshake doom drink end day havent met macros and its 1300 cals and about 70-80g protein and its called because texture makes gag and takes full 2 hours drink entire thing,53
1999721686657020199,"if i ever see these again. i think im slightly traumatized how many of these i was forced to drink in hospital the thick texture🤢 if ykyk

flavor was good ish since it was vanilla and better cold 

...on a side note i think the protein macros was good. https://t.co/ICbR13MsEY",Sat Dec 13 06:02:57 +0000 2025,,,1385,7,0,1,en,protein drink texture,2026-05-13T14:34:53.287777,twitter,if i ever see these again. i think im slightly traumatized how many of these i was forced to drink in hospital the thick texture if ykyk flavor was good ish since it was vanilla and better cold ...on a side note i think the protein macros was good.,ever see again. think im slightly traumatized how many forced drink hospital thick texture ykyk flavor good ish since vanilla and better cold ...on side note think protein macros good.,49
1999608195627786336,"Chufa (also widely known as tiger nuts, earth almonds, yellow nutsedge, or Cyperus esculentus) is the edible tuber from a grass-like sedge plant in the Cyperaceae family. Despite the name “nuts,” these are not true nuts—they’re small, wrinkled, underground tubers roughly the size https://t.co/oDxFT9VziT",Fri Dec 12 22:31:59 +0000 2025,,,1672,0,0,1,en,protein drink texture,2026-05-13T14:34:53.287779,twitter,"chufa also widely known as tiger nuts, earth almonds, yellow nutsedge, or cyperus esculentus is the edible tuber from a grass-like sedge plant in the cyperaceae family. despite the name nuts, these are not true nutstheyre small, wrinkled, underground tubers roughly the size","chufa widely known tiger nuts, earth almonds, yellow nutsedge, cyperus esculentus edible tuber grass-like sedge plant cyperaceae family. despite name nuts, true nutstheyre small, wrinkled, underground tubers roughly size",43
1999503732866785698,"1) uhh it depends on your body type which exercises will make you bulky or slim so you need to figure that out first.
2) yes i drink
3) uh i try to get 6k steps min daily thats like an hour of walking and on my gym days I am normally in gym.. 1 1/2 hours.
4) meat and eggs! I https://t.co/JS5EH8H9cB",Fri Dec 12 15:36:53 +0000 2025,,,63209,31,0,1,en,protein drink texture,2026-05-13T14:34:53.287781,twitter,1 uhh it depends on your body type which exercises will make you bulky or slim so you need to figure that out first. 2 yes i drink 3 uh i try to get 6k steps min daily thats like an hour of walking and on my gym days i am normally in gym.. 1 12 hours. 4 meat and eggs! i,1 uhh depends body type which exercises make bulky slim need figure out first. 2 yes drink 3 uh try get 6k steps min daily thats like hour walking and gym days am normally gym.. 1 12 hours. 4 meat and eggs!,62
1997052861809938854,"Shoutout to @WellBuiltStyle for setting this Christmas Culinary Experiment in motion.

A recent convo with him about guar gum + Ninja Creami texture got me thinking… Could this trick help me crack my arch-nemesis: an authentic-tasting eggnog protein shake?

While the MVP wasn’t https://t.co/82YUVbQIGQ",Fri Dec 05 21:18:00 +0000 2025,,,170,1,0,1,en,protein drink texture,2026-05-13T14:34:53.287783,twitter,shoutout to for setting this christmas culinary experiment in motion. a recent convo with him about guar gum ninja creami texture got me thinking could this trick help me crack my arch-nemesis an authentic-tasting eggnog protein shake? while the mvp wasnt,shoutout setting christmas culinary experiment motion. recent convo him about guar gum ninja creami texture got thinking trick help crack arch-nemesis authentic-tasting eggnog protein shake? while mvp wasnt,41
1996228267506856083,i tried making hot chocolate out of whey powder instead of my usual chocolate protein drink concoction and idk if i left it on the stove too long or what but the texture is so weird now,Wed Dec 03 14:41:21 +0000 2025,,,718,0,0,1,en,protein drink texture,2026-05-13T14:34:53.287785,twitter,i tried making hot chocolate out of whey powder instead of my usual chocolate protein drink concoction and idk if i left it on the stove too long or what but the texture is so weird now,tried making hot chocolate out whey powder instead usual chocolate protein drink concoction and idk left stove too long what texture weird now,37
1995189703839219961,"@hcfountain It works well in an iced drink, I don't know how it would have been as a hot latte because the texture isn't quite the same as regular milk. I've had the protein milk from Dutch Bros before and it's pretty much the same, but Dutch Bros gives you more drink for your dollar, so",Sun Nov 30 17:54:28 +0000 2025,,,1221,1,0,1,en,protein drink texture,2026-05-13T14:34:53.287787,twitter,"it works well in an iced drink, i don't know how it would have been as a hot latte because the texture isn't quite the same as regular milk. i've had the protein milk from dutch bros before and it's pretty much the same, but dutch bros gives you more drink for your dollar, so","works well iced drink, don't know how hot latte because texture isn't quite same regular milk. i've protein milk dutch bros before and it's pretty much same, dutch bros gives more drink dollar,",55
1994775467334013277,"โปรตีน Wink White รสโยเกิร์ต! รสคือ drinking yoghurt เลย แต่ยังมี texture ของโปรตีนพืชอยู่นะะ
Wink White Yoghurt protein! Refreshing just like a yogurt drink! You can still feel the plant protein texture, which is to be expected.",Sat Nov 29 14:28:27 +0000 2025,,,1,0,0,1,en,protein drink texture,2026-05-13T14:34:53.287789,twitter,"wink white ! drinking yoghurt texture wink white yoghurt protein! refreshing just like a yogurt drink! you can still feel the plant protein texture, which is to be expected.","wink white ! drinking yoghurt texture wink white yoghurt protein! refreshing like yogurt drink! still feel plant protein texture, which expected.",29
1993809232802587065,"@9mmsmg Yeah, this is just a man child that only likes limited junk food.

Even people with actual food sensitivity issues like my autistic son had when he was young you work daily over years to correct that - you don’t allow that nightmare to fester into adulthood.
My son would straight",Wed Nov 26 22:28:58 +0000 2025,,,1963,8,0,0,en,protein drink texture,2026-05-13T14:34:53.287791,twitter,"yeah, this is just a man child that only likes limited junk food. even people with actual food sensitivity issues like my autistic son had when he was young you work daily over years to correct that - you dont allow that nightmare to fester into adulthood. my son would straight","yeah, man child only likes limited junk food. even people actual food sensitivity issues like autistic son when young work daily over years correct - dont allow nightmare fester into adulthood. son straight",51
1992914981730529782,"FitSpresso vs Java Burn: Key Differences, Pros and Cons
FitSpresso and Java Burn[https://t.co/ulihD1dZ9u] offers two distinct approaches to metabolism enhancement and weight management suited for different lifestyles and preferences. FitSpresso provides comprehensive metabolic https://t.co/rxulJ6svTR",Mon Nov 24 11:15:32 +0000 2025,,,596,0,0,0,en,protein drink texture,2026-05-13T14:34:53.287793,twitter,"fitspresso vs java burn key differences, pros and cons fitspresso and java burn offers two distinct approaches to metabolism enhancement and weight management suited for different lifestyles and preferences. fitspresso provides comprehensive metabolic","fitspresso vs java burn key differences, pros and cons fitspresso and java burn offers two distinct approaches metabolism enhancement and weight management suited different lifestyles and preferences. fitspresso provides comprehensive metabolic",33
1992903816422035852,@IncelRadfem Is the texture like clay too? Rlly want a vegan protein drink with a clear texture/untextured,Mon Nov 24 10:31:10 +0000 2025,,,226,1,0,1,en,protein drink texture,2026-05-13T14:34:53.287795,twitter,is the texture like clay too? rlly want a vegan protein drink with a clear textureuntextured,texture like clay too? rlly want vegan protein drink clear textureuntextured,16
1991313935732257139,"🌄Sol’s Mega-Elixir🌄

🌦️⛈️The cheat code is now for breakfast, lunch, and even dinner⛈️🌦️

🌀Ultimate Fusion Recipe – Twice Daily (Single Batch ~40 oz → TWO COMPLETE MEALS)🌀

🌪️Still 100% real food · Still GRAS · Still impossible to ban · Now explicitly built to replace",Thu Nov 20 01:13:33 +0000 2025,,,216,12,0,1,en,protein drink texture,2026-05-13T14:34:53.287797,twitter,"sols mega-elixir the cheat code is now for breakfast, lunch, and even dinner ultimate fusion recipe twice daily single batch 40 oz two complete meals still 100 real food still gras still impossible to ban now explicitly built to replace","sols mega-elixir cheat code now breakfast, lunch, and even dinner ultimate fusion recipe twice daily single batch 40 oz two complete meals still 100 real food still gras still impossible ban now explicitly built replace",40
1990837049684078846,"Grok 7 eliminates comedowns and every single drawback of any substance (psychedelics, stimulants, opioids, alcohol, whatever) instantly and permanently for anyone who wants it.

How it does it (already active for millions as of November 18, 2025)

1.  Neurotransmitter systems https://t.co/voy7vNNgdj",Tue Nov 18 17:38:35 +0000 2025,,,950,0,0,1,en,protein drink texture,2026-05-13T14:34:53.287799,twitter,"grok 7 eliminates comedowns and every single drawback of any substance psychedelics, stimulants, opioids, alcohol, whatever instantly and permanently for anyone who wants it. how it does it already active for millions as of november 18, 2025 1. neurotransmitter systems","grok 7 eliminates comedowns and every single drawback any substance psychedelics, stimulants, opioids, alcohol, whatever instantly and permanently anyone who wants it. how already active millions november 18, 2025 1. neurotransmitter systems",40
1753649641684668531,"ada rasa pahit, katanya karena kandungan gulanya berkurang dan pke pemanis stevia. Soal rekomended atau ngga, balik lagi ke tujuan ngonsumsi suplemen protein yaitu CUMA buat NAMBAHIN asupan protein kalo dari makanan ngga mencukupi. Jadi kalo udah ngeluarin duit dan ternyata...",Sat Feb 03 05:20:30 +0000 2024,,,267,0,0,1,id,stevia protein pahit,2026-05-13T14:35:06.244621,twitter,"ada rasa pahit, katanya karena kandungan gulanya berkurang dan pke pemanis stevia. soal rekomended atau ngga, balik lagi ke tujuan ngonsumsi suplemen protein yaitu cuma buat nambahin asupan protein kalo dari makanan tidak mencukupi. jadi kalo sudah ngeluarin duit dan ternyata...","rasa pahit, katanya karena kandungan gulanya berkurang pke pemanis stevia. soal rekomended atau ngga, balik lagi tujuan ngonsumsi suplemen protein yaitu cuma buat nambahin asupan protein kalo makanan tidak mencukupi. jadi kalo ngeluarin duit ternyata...",41
2049034548152045648,"@foodpharmer2 Although I agree 100% with Trustified. I don't like the stevia aftertaste of OWN, and I would love an unflavoured pure whey version.",Tue Apr 28 07:54:40 +0000 2026,,,5,7,0,3,en,stevia whey aftertaste,2026-05-13T14:36:32.510746,twitter,"although i agree 100 with trustified. i don't like the stevia aftertaste of own, and i would love an unflavoured pure whey version.","although agree 100 trustified. don't like stevia aftertaste own, and love unflavoured pure whey version.",23
2043414069768552804,"You know when you just throw things in a blender and it accidentally turns out better than expected?

🥑 This one stayed on repeat this week:

- 1 scoop of Thrive Hive Whey Protein Isolate (Vanilla)
- 1/2 avocado
- A2 grass-fed milk
-Ice

That’s it. Creamy, filling, and actually https://t.co/gNXE8P9hic",Sun Apr 12 19:40:53 +0000 2026,,,9,2,0,0,en,stevia whey aftertaste,2026-05-13T14:36:29.238906,twitter,"you know when you just throw things in a blender and it accidentally turns out better than expected? this one stayed on repeat this week - 1 scoop of thrive hive whey protein isolate vanilla - 12 avocado - a2 grass-fed milk -ice thats it. creamy, filling, and actually","know when throw things blender and accidentally turns out better expected? one stayed repeat week - 1 scoop thrive hive whey protein isolate vanilla - 12 avocado - a2 grass-fed milk -ice thats it. creamy, filling, and actually",49
2001668911058800759,"Founded in 2023 and based in Kota, GOAT LIFE is a D2C healthy food brand that offers protein-rich oatmeal that is high in fibre and takes just 30 seconds to prepare.

Currently 26 years old, Yash Kalra comes from Kota in Rajasthan. He went on to pursue his undergraduate degree in https://t.co/YiPglwDTdz",Thu Dec 18 15:00:32 +0000 2025,,,614,1,0,0,en,stevia whey aftertaste,2026-05-13T14:36:29.238910,twitter,"founded in 2023 and based in kota, goat life is a d2c healthy food brand that offers protein-rich oatmeal that is high in fibre and takes just 30 seconds to prepare. currently 26 years old, yash kalra comes from kota in rajasthan. he went on to pursue his undergraduate degree in","founded 2023 and based kota, goat life d2c healthy food brand offers protein-rich oatmeal high fibre and takes 30 seconds prepare. currently 26 years old, yash kalra comes kota rajasthan. went pursue his undergraduate degree",51
1897587396142842152,"Lot of buzz on YT for this Whey protein. It's a German brand and now raw whey is imported from Germany and in India flavouring and other things are done.

Pretty short ingredient list

Taste wise it's not good. Has an stevia aftertaste

What say @chiragbarjatya @ProteinEnforcer https://t.co/iv8CpFABXH",Thu Mar 06 09:57:45 +0000 2025,,,126,31,1,12,en,stevia whey aftertaste,2026-05-13T14:36:32.510763,twitter,lot of buzz on yt for this whey protein. it's a german brand and now raw whey is imported from germany and in india flavouring and other things are done. pretty short ingredient list taste wise it's not good. has an stevia aftertaste what say,lot buzz yt whey protein. it's german brand and now raw whey imported germany and india flavouring and other things done. pretty short ingredient list taste wise it's good. stevia aftertaste what say,45
1866028340869824624,"@drgunjanpuri Yes sir , we are planning to launch raw whey soon.
The Stevia Reb.M formulation will have very low to no aftertaste and combined with monk fruit it will have a smooth effect.
Do give the chocolate isolate a try, we have used the sweetener in very less quantities when compared",Mon Dec 09 07:53:20 +0000 2024,,,5098,1,0,1,en,stevia whey aftertaste,2026-05-13T14:36:32.510765,twitter,"yes sir , we are planning to launch raw whey soon. the stevia reb.m formulation will have very low to no aftertaste and combined with monk fruit it will have a smooth effect. do give the chocolate isolate a try, we have used the sweetener in very less quantities when compared","yes sir , planning launch raw whey soon. stevia reb.m formulation low no aftertaste and combined monk fruit smooth effect. give chocolate isolate try, used sweetener less quantities when compared",51
1860346009714590134,"@sweetsudha1 Stevia is a non-nutritive sweetener.
Stevia has an aftertaste, If you are fine with it, then can be an alternative to caloric sweeteners.
It is safe in recommended amounts and the amount used in whey proteins is extremely small.
 few people may have indigestion  especially If",Sat Nov 23 15:33:46 +0000 2024,,,5098,2,0,2,en,stevia whey aftertaste,2026-05-13T14:36:32.510767,twitter,"stevia is a non-nutritive sweetener. stevia has an aftertaste, if you are fine with it, then can be an alternative to caloric sweeteners. it is safe in recommended amounts and the amount used in whey proteins is extremely small. few people may have indigestion especially if","stevia non-nutritive sweetener. stevia aftertaste, fine it, alternative caloric sweeteners. safe recommended amounts and amount used whey proteins extremely small. few people indigestion especially",46
1700902245469212710,"Absolutely done with seeing meme tier recipes on how to make “healthy ice cream” or “high protein cinnamon rolls” aka cutting everything with whey and stevia giving you dry saccharine aftertaste

just eat the real decadent thing and barbell it with healthy food",Sun Sep 10 16:01:11 +0000 2023,,,172,5,0,0,en,stevia whey aftertaste,2026-05-13T14:36:32.510769,twitter,absolutely done with seeing meme tier recipes on how to make healthy ice cream or high protein cinnamon rolls aka cutting everything with whey and stevia giving you dry saccharine aftertaste just eat the real decadent thing and barbell it with healthy food,absolutely done seeing meme tier recipes how make healthy ice cream high protein cinnamon rolls aka cutting everything whey and stevia giving dry saccharine aftertaste eat real decadent thing and barbell healthy food,43
1528227256061276161,@sirnicolay Totoo may bitter aftertaste yung stevia. Pero i don't know bakit wala pag nasa Whey Protein shake...🤓,Sun May 22 04:12:25 +0000 2022,,,1053,0,0,1,other,stevia whey aftertaste,2026-05-13T14:36:32.510771,twitter,totoo may bitter aftertaste yung stevia. pero i don't know bakit wala pag nasa whey protein shake...,totoo bitter aftertaste yung stevia. pero don't know bakit wala pag nasa whey protein shake...,17
316245347410264064,@thewheezyrunner do you use protein powder for shakes? looking for brand rec's. Tried Tera's Whey but i don't like the stevia aftertaste,Mon Mar 25 17:49:01 +0000 2013,,,1095,0,0,1,en,stevia whey aftertaste,2026-05-13T14:36:32.510773,twitter,do you use protein powder for shakes? looking for brand rec's. tried tera's whey but i don't like the stevia aftertaste,use protein powder shakes? looking brand rec's. tried tera's whey don't like stevia aftertaste,21
2047356661803745739,"@thegarybrecka Protein shake. Grass fed whey, dark cocoa powder, whole milk, peanut butter powder, monk fruit. All gone! https://t.co/mMZNYGtfe1",Thu Apr 23 16:47:20 +0000 2026,,,428,0,0,0,en,monk fruit protein shake,2026-05-13T14:39:16.940952,twitter,"protein shake. grass fed whey, dark cocoa powder, whole milk, peanut butter powder, monk fruit. all gone!","protein shake. grass fed whey, dark cocoa powder, whole milk, peanut butter powder, monk fruit. all gone!",17
2042011120442208594,"@perfectlylaced For the base I would do:

- 250- 300ml almond milk
- 10g protein powder
- 2-3 tbs monk fruit sweetner
- 1/8 tsp xanthan gum or 5g pudding mix

Then for flavors I use sf syrups, cocoa powder or add in fruit!! It's even better with regular or oat milk or even a protein shake :)",Wed Apr 08 22:46:04 +0000 2026,,,1229,1,0,1,en,monk fruit protein shake,2026-05-13T14:39:16.940973,twitter,"for the base i would do - 250- 300ml almond milk - 10g protein powder - 2-3 tbs monk fruit sweetner - 18 tsp xanthan gum or 5g pudding mix then for flavors i use sf syrups, cocoa powder or add in fruit!! it's even better with regular or oat milk or even a protein shake","base - 250- 300ml almond milk - 10g protein powder - 2-3 tbs monk fruit sweetner - 18 tsp xanthan gum 5g pudding mix flavors use sf syrups, cocoa powder add fruit!! it's even better regular oat milk even protein shake",56
2041639509557674084,"@nafricel @Arubbothian I did

- 1 fairlife 30g chocolate protein shake (150cal one from costco)
- 60ml 1% milk
- 20g cocoa powder (use a good quality one, not hershey’s or some bs)
- 15g monk fruit sweetener w/ erythritol
- 5g cane sugar
- 1/4tsp xanthan gum (important)
- Pinch of salt",Tue Apr 07 22:09:25 +0000 2026,,,817,10,0,2,en,monk fruit protein shake,2026-05-13T14:39:16.940976,twitter,"i did - 1 fairlife 30g chocolate protein shake 150cal one from costco - 60ml 1 milk - 20g cocoa powder use a good quality one, not hersheys or some bs - 15g monk fruit sweetener w erythritol - 5g cane sugar - 14tsp xanthan gum important - pinch of salt","- 1 fairlife 30g chocolate protein shake 150cal one costco - 60ml 1 milk - 20g cocoa powder use good quality one, hersheys some bs - 15g monk fruit sweetener w erythritol - 5g cane sugar - 14tsp xanthan gum important - pinch salt",51
2038401999843045428,"Subbing the milk with protein shake and flour with protein powder (even 1/2) bumps the protein intake to 30-40g. Using fiber chocolate chips and fruit and monk fruit sugar puts fiber intake at 15-20 grams.

Still not the healthiest, but a nice treat that will keep you full.",Sun Mar 29 23:44:43 +0000 2026,,,32,1,0,0,en,monk fruit protein shake,2026-05-13T14:39:16.940978,twitter,"subbing the milk with protein shake and flour with protein powder even 12 bumps the protein intake to 30-40g. using fiber chocolate chips and fruit and monk fruit sugar puts fiber intake at 15-20 grams. still not the healthiest, but a nice treat that will keep you full.","subbing milk protein shake and flour protein powder even 12 bumps protein intake 30-40g. using fiber chocolate chips and fruit and monk fruit sugar puts fiber intake 15-20 grams. still healthiest, nice treat keep full.",48
2022360687415300491,@dsmartts That’s smart! I usually do monk fruit sweetener and half and half. But to cut the fat the protein shake is good. My creatine is strawberry flavor so probably not good in coffee lol 🤣,Fri Feb 13 17:22:16 +0000 2026,,,3141,1,0,0,en,monk fruit protein shake,2026-05-13T14:39:16.940981,twitter,thats smart! i usually do monk fruit sweetener and half and half. but to cut the fat the protein shake is good. my creatine is strawberry flavor so probably not good in coffee lol,thats smart! usually monk fruit sweetener and half and half. cut fat protein shake good. creatine strawberry flavor probably good coffee lol,34
2021997735587852678,Have yet to try a protein shake that doesn’t have monk fruit/stevia/sucralose. They’re all so nasty.,Thu Feb 12 17:20:01 +0000 2026,,,502,0,0,1,en,monk fruit protein shake,2026-05-13T14:39:16.940983,twitter,have yet to try a protein shake that doesnt have monk fruitsteviasucralose. theyre all so nasty.,yet try protein shake doesnt monk fruitsteviasucralose. theyre all nasty.,16
2015368295797473660,"@DeanTTraining Version 7b 2026-01-22

For deluxe: defrost 30-40 min, bottom spin on sorbet, optional mix-in: chopped pistachios

Ingredients:

•Fairlife chocolate 30g protein shake
•50g 5% FAGE Greek yogurt
•14g monk fruit sugar
•10g  cocoa powder
•10g PB2 (powdered peanut)
•20g Collagen",Sun Jan 25 10:17:00 +0000 2026,,,919,0,0,0,en,monk fruit protein shake,2026-05-13T14:39:16.940985,twitter,"version 7b 2026-01-22 for deluxe defrost 30-40 min, bottom spin on sorbet, optional mix-in chopped pistachios ingredients fairlife chocolate 30g protein shake 50g 5 fage greek yogurt 14g monk fruit sugar 10g cocoa powder 10g pb2 powdered peanut 20g collagen","version 7b 2026-01-22 deluxe defrost 30-40 min, bottom spin sorbet, optional mix-in chopped pistachios ingredients fairlife chocolate 30g protein shake 50g 5 fage greek yogurt 14g monk fruit sugar 10g cocoa powder 10g pb2 powdered peanut 20g collagen",40
2014416126424580604,"@Dylanpierce83 Try to utilize like monk fruit as a sweetener and drink water 1st before coffee.
Protein shake as a creamer especially a vanilla flavor is a solid alternative too.
Keep it like 1-2 cups. 
DM me if you need anything my guy. Definitely want you to succeed and reach your goals",Thu Jan 22 19:13:25 +0000 2026,,,1799,1,0,2,en,monk fruit protein shake,2026-05-13T14:39:16.940987,twitter,try to utilize like monk fruit as a sweetener and drink water 1st before coffee. protein shake as a creamer especially a vanilla flavor is a solid alternative too. keep it like 1-2 cups. dm me if you need anything my guy. definitely want you to succeed and reach your goals,try utilize like monk fruit sweetener and drink water 1st before coffee. protein shake creamer especially vanilla flavor solid alternative too. keep like 1-2 cups. dm need anything guy. definitely want succeed and reach goals,51
2013679702825730097,"chocolate protein shake baked oats, 248c, 23g protein. ngl i didn’t love these, it tasted really strongly of monk fruit🫤 back to the drawing board with recipes :( https://t.co/KB5Ve3VOGC",Tue Jan 20 18:27:08 +0000 2026,,,58,1,0,0,en,monk fruit protein shake,2026-05-13T14:39:16.940989,twitter,"chocolate protein shake baked oats, 248c, 23g protein. ngl i didnt love these, it tasted really strongly of monk fruit back to the drawing board with recipes","chocolate protein shake baked oats, 248c, 23g protein. ngl didnt love these, tasted strongly monk fruit back drawing board recipes",27
2010289683641864583,"Fruit tossed in. Shake poured out. 

Sweetened with real monk fruit so your blood glucose doesn’t throw a party. 

Sprinkled with KSM-66 Ashwagandha to keep your stress in check while you live your best life.

And 26 g of clean protein, zero added sugar.",Sun Jan 11 09:56:24 +0000 2026,,,6,0,0,0,en,monk fruit protein shake,2026-05-13T14:39:16.940991,twitter,"fruit tossed in. shake poured out. sweetened with real monk fruit so your blood glucose doesnt throw a party. sprinkled with ksm-66 ashwagandha to keep your stress in check while you live your best life. and 26 tidak of clean protein, zero added sugar.","fruit tossed in. shake poured out. sweetened real monk fruit blood glucose doesnt throw party. sprinkled ksm-66 ashwagandha keep stress check while live best life. and 26 tidak clean protein, zero added sugar.",44
1998815834693841380,"⏱️ 9:37 a.m. - Fine-chop ½ yellow onion; peel 8 garlic cloves; wash and chop 5 celery stalks.

⏱️ 9:43 a.m. - Set Instant Pot to Sauté to preheat 2 min.

⏱️ 9:45 a.m. - Add 1 Tbsp oil; sauté onions 3 min; press garlic while onions cook.

⏱️ 9:48 a.m. - Add garlic; sauté 1 min.",Wed Dec 10 18:03:25 +0000 2025,,,170,0,0,0,en,monk fruit protein shake,2026-05-13T14:39:16.940995,twitter,937 a.m. - fine-chop yellow onion peel 8 garlic cloves wash and chop 5 celery stalks. 943 a.m. - set instant pot to saut to preheat 2 min. 945 a.m. - add 1 tbsp oil saut onions 3 min press garlic while onions cook. 948 a.m. - add garlic saut 1 min.,937 a.m. - fine-chop yellow onion peel 8 garlic cloves wash and chop 5 celery stalks. 943 a.m. - set instant pot saut preheat 2 min. 945 a.m. - add 1 tbsp oil saut onions 3 min press garlic while onions cook. 948 a.m. - add garlic saut 1 min.,52
1998399016892039591,"Soft coffee upgrades for a softer morning ☕🌿

Why I use these:
✨ Monk fruit = sweetness without the crash
✨ Protein shake = creamy + helps with fullness
✨ Sugar-free syrup = flavor, no added sugar

Little changes add up.
Okay bye ✨
#WellnessJourney https://t.co/XovG4KdRdN",Tue Dec 09 14:27:08 +0000 2025,,,459,0,0,0,en,monk fruit protein shake,2026-05-13T14:39:16.940997,twitter,"soft coffee upgrades for a softer morning why i use these monk fruit sweetness without the crash protein shake creamy helps with fullness sugar-free syrup flavor, no added sugar little changes add up. okay bye wellnessjourney","soft coffee upgrades softer morning why use monk fruit sweetness without crash protein shake creamy helps fullness sugar-free syrup flavor, no added sugar little changes add up. okay bye wellnessjourney",36
1991301635684069873,"🌄Sol's Elixir – Weight Loss &amp; Fat-Torch Edition🌄

🌦️⛈️The cheat code shredded itself⛈️🌦️

🌀Adjusted Mix for Twice Daily (Single Batch – ~34 oz, Serves 2)🌀

🌪️Blend in stages · Organic where possible · Same tropical-matcha fire, now engineered to keep you full, burn fat, and",Thu Nov 20 00:24:41 +0000 2025,,,216,0,0,0,en,monk fruit protein shake,2026-05-13T14:39:16.940998,twitter,"sol's elixir weight loss amp fat-torch edition the cheat code shredded itself adjusted mix for twice daily single batch 34 oz, serves 2 blend in stages organic where possible same tropical-matcha fire, now engineered to keep you full, burn fat, and","sol's elixir weight loss amp fat-torch edition cheat code shredded itself adjusted mix twice daily single batch 34 oz, serves 2 blend stages organic where possible same tropical-matcha fire, now engineered keep full, burn fat, and",41
1983577132589818185,"5-Day Menu No. 2 [Part 2 of 3]
33 Minutes • 10 Meals
5 Lox Bagels &amp; 5 Snickerdoodle Shakes

Lox Bagel: 550 cal | 49g protein | 31c | 37f
Snickerdoodle Shake: 287 cal | 26g protein | 28c | 10f

Let’s REALLY save you some time this week.

We’re gonna lean on pre-cooked meats. https://t.co/XyFNWzVicJ",Wed Oct 29 16:50:16 +0000 2025,,,170,1,0,1,en,monk fruit protein shake,2026-05-13T14:39:16.941000,twitter,5-day menu no. 2 part 2 of 3 33 minutes 10 meals 5 lox bagels amp 5 snickerdoodle shakes lox bagel 550 cal 49g protein 31c 37f snickerdoodle shake 287 cal 26g protein 28c 10f lets really save you some time this week. were gonna lean on pre-cooked meats.,5-day menu no. 2 part 2 3 33 minutes 10 meals 5 lox bagels amp 5 snickerdoodle shakes lox bagel 550 cal 49g protein 31c 37f snickerdoodle shake 287 cal 26g protein 28c 10f lets save some time week. gonna lean pre-cooked meats.,49
1983247248612794833,"@drjasonfung Wrong. Don't buy plant proteins, the soil has the heavy metals. Also don't buy cheap whey protein it MIGHT have heavy metals. You buy the expensive whey ISOLATE protein and it has ZERO contaminants, flavoring, or anything. Just add it to anything or if you want to make a shake",Tue Oct 28 18:59:25 +0000 2025,,,5830,3,0,0,en,monk fruit protein shake,2026-05-13T14:39:16.941002,twitter,"wrong. don't buy plant proteins, the soil has the heavy metals. also don't buy cheap whey protein it might have heavy metals. you buy the expensive whey isolate protein and it has zero contaminants, flavoring, or anything. just add it to anything or if you want to make a shake","wrong. don't buy plant proteins, soil heavy metals. don't buy cheap whey protein heavy metals. buy expensive whey isolate protein and zero contaminants, flavoring, anything. add anything want make shake",50
1979224017505837465,"@SinaHartung @bryan_johnson I have ice cream every morning… 50g of protein, tastes amazing:

Version 5b 2025-07-15

Ingredients:

•Fairlife chocolate 30g protein shake
•50g 5% FAGE Greek yogurt
•14g monk fruit sugar
•10g  cocoa powder
•10g PB2 (powdered peanut)
•12g Naked Collagen
•7g naked creatine",Fri Oct 17 16:32:32 +0000 2025,,,919,1,0,0,en,monk fruit protein shake,2026-05-13T14:39:16.941004,twitter,"i have ice cream every morning 50g of protein, tastes amazing version 5b 2025-07-15 ingredients fairlife chocolate 30g protein shake 50g 5 fage greek yogurt 14g monk fruit sugar 10g cocoa powder 10g pb2 powdered peanut 12g naked collagen 7g naked creatine","ice cream every morning 50g protein, tastes amazing version 5b 2025-07-15 ingredients fairlife chocolate 30g protein shake 50g 5 fage greek yogurt 14g monk fruit sugar 10g cocoa powder 10g pb2 powdered peanut 12g naked collagen 7g naked creatine",42
1977118509483032628,"sometimes you can only fit protein powder with water into your calorie budget. and that’s fine.

but there are clever ways to dress it up without blowing the budget.

same calories. way more enjoyable.

Iced Coffee Protein Shake
5min active time - 0min passive time

Ingredients https://t.co/oFHFH0fgXm",Sat Oct 11 21:06:00 +0000 2025,,,170,1,0,0,en,monk fruit protein shake,2026-05-13T14:39:16.941006,twitter,sometimes you can only fit protein powder with water into your calorie budget. and thats fine. but there are clever ways to dress it up without blowing the budget. same calories. way more enjoyable. iced coffee protein shake 5min active time - 0min passive time ingredients,sometimes only fit protein powder water into calorie budget. and thats fine. there clever ways dress up without blowing budget. same calories. way more enjoyable. iced coffee protein shake 5min active time - 0min passive time ingredients,46
1965139901734945018,"Okay guys, hear me out. 

Carrot cake protein shake. Steamed carrot + pumpkin spice + monk fruit + plant milk + protein powder. 

It’s… so… good…",Mon Sep 08 19:47:17 +0000 2025,,,1180,3,0,0,en,monk fruit protein shake,2026-05-13T14:39:16.941009,twitter,"okay guys, hear me out. carrot cake protein shake. steamed carrot pumpkin spice monk fruit plant milk protein powder. its so good","okay guys, hear out. carrot cake protein shake. steamed carrot pumpkin spice monk fruit plant milk protein powder. its good",22
1956893120655970331,"@SaskieStu Here’s my recipe. I really like it since it gives me probiotics, just like yogurt. I actually have protein shake bar too, like a coffee bar? I have cocoa, monk fruit powder, peanut butter, instant espresso, matcha, bananas, a blender etc. I use amazon a lot. https://t.co/h4xFDoymkF",Sun Aug 17 01:37:31 +0000 2025,,,1180,0,0,1,en,monk fruit protein shake,2026-05-13T14:39:16.941011,twitter,"heres my recipe. i really like it since it gives me probiotics, just like yogurt. i actually have protein shake bar too, like a coffee bar? i have cocoa, monk fruit powder, peanut butter, instant espresso, matcha, bananas, a blender etc. i use amazon a lot.","heres recipe. like since gives probiotics, like yogurt. actually protein shake bar too, like coffee bar? cocoa, monk fruit powder, peanut butter, instant espresso, matcha, bananas, blender etc. use amazon lot.",46
1955049919355740642,"@davis7 @ryanvogel I’m telling you, this protein shake is phenomenal. Same with carbmaster ultra filtered milk, very high protein and low cals. A good filling lazy breakfast is that milk with cereal (like puffed oats), cinnamon, and monk fruit powder. https://t.co/1ojW3GAm6n",Mon Aug 11 23:33:18 +0000 2025,,,392,1,0,0,en,monk fruit protein shake,2026-05-13T14:39:20.629307,twitter,"im telling you, this protein shake is phenomenal. same with carbmaster ultra filtered milk, very high protein and low cals. a good filling lazy breakfast is that milk with cereal like puffed oats, cinnamon, and monk fruit powder.","im telling you, protein shake phenomenal. same carbmaster ultra filtered milk, high protein and low cals. good filling lazy breakfast milk cereal like puffed oats, cinnamon, and monk fruit powder.",38
1950290062043689419,"@GoddessAvaGG @AvaGG My go tos for a better tasting shake are extra protein powder, 2 bananas for extra sweetness, vitamins and potassium, other fruits like apple if you have a really strong blender for antioxidants, stevia and monk fruit extract, almond, oat or regular milk for creamier taste and",Tue Jul 29 20:19:20 +0000 2025,,,0,0,0,1,en,monk fruit protein shake,2026-05-13T14:39:20.629343,twitter,"my go tos for a better tasting shake are extra protein powder, 2 bananas for extra sweetness, vitamins and potassium, other fruits like apple if you have a really strong blender for antioxidants, stevia and monk fruit extract, almond, oat or regular milk for creamier taste and","go tos better tasting shake extra protein powder, 2 bananas extra sweetness, vitamins and potassium, other fruits like apple strong blender antioxidants, stevia and monk fruit extract, almond, oat regular milk creamier taste and",47
1948126814770983037,@d3erbambi i cheated and just used a matcha protein shake (i used remedy but koia would be yummy too) and iirc i thinned it out w a bit of milk like 125ml and 1/2 tsp xanthan gum and some drops of monk fruit :p and then mixed in diced strawberries ofc,Wed Jul 23 21:03:21 +0000 2025,,,6687,1,0,1,en,monk fruit protein shake,2026-05-13T14:39:20.629347,twitter,i cheated and just used a matcha protein shake i used remedy but koia would be yummy too and iirc i thinned it out w a bit of milk like 125ml and 12 tsp xanthan gum and some drops of monk fruit p and then mixed in diced strawberries ofc,cheated and used matcha protein shake used remedy koia yummy too and iirc thinned out w bit milk like 125ml and 12 tsp xanthan gum and some drops monk fruit p and mixed diced strawberries ofc,50
1947425427737428207,"@SkyZer0_ Most of the recipes are:
- 12-16oz liquid base (milk or protein shake)
- 1/4th tsp xanthum gum 
- 1-3tbsp sugar replacement of your choice like monk fruit + Erythritol 
- 1/4th tsp vanilla extract 
- then add anything else for extras like the greens powder",Mon Jul 21 22:36:18 +0000 2025,,,2372,1,0,2,en,monk fruit protein shake,2026-05-13T14:39:20.629351,twitter,most of the recipes are - 12-16oz liquid base milk or protein shake - 14th tsp xanthum gum - 1-3tbsp sugar replacement of your choice like monk fruit erythritol - 14th tsp vanilla extract - then add anything else for extras like the greens powder,most recipes - 12-16oz liquid base milk protein shake - 14th tsp xanthum gum - 1-3tbsp sugar replacement choice like monk fruit erythritol - 14th tsp vanilla extract - add anything else extras like greens powder,45
1946628913410478183,whey protein shake with cocoa powder / beet root powder / macca / monk fruit,Sat Jul 19 17:51:14 +0000 2025,,,19,1,0,0,en,monk fruit protein shake,2026-05-13T14:39:20.629355,twitter,whey protein shake with cocoa powder beet root powder macca monk fruit,whey protein shake cocoa powder beet root powder macca monk fruit,12
1946562219774230996,"@demiurgently I get half of that from my morning ninja creami ice cream:

Version 5a 2025-04-16

Ingredients:

•Fairlife chocolate 30g protein shake
•50g 5% FAGE Greek yogurt
•14g monk fruit sugar
•10g  cocoa powder
•10g PB2 (powdered peanut)
•12g Naked Collagen
•7g naked creatine
•5g",Sat Jul 19 13:26:13 +0000 2025,,,919,0,0,0,en,monk fruit protein shake,2026-05-13T14:39:20.629359,twitter,i get half of that from my morning ninja creami ice cream version 5a 2025-04-16 ingredients fairlife chocolate 30g protein shake 50g 5 fage greek yogurt 14g monk fruit sugar 10g cocoa powder 10g pb2 powdered peanut 12g naked collagen 7g naked creatine 5g,get half morning ninja creami ice cream version 5a 2025-04-16 ingredients fairlife chocolate 30g protein shake 50g 5 fage greek yogurt 14g monk fruit sugar 10g cocoa powder 10g pb2 powdered peanut 12g naked collagen 7g naked creatine 5g,44
1944966269855522956,"@ThrillaRilla369 Blue agave sweetener, monk fruit sweetener or Honey... For creamer use vanilla or caramel protein shake!  Yummy! Sprinkle of mineral salt takes out any bitterness, and a touch of coconut oil gives it depth...double yummy!!",Tue Jul 15 03:44:29 +0000 2025,,,570,0,0,0,en,monk fruit protein shake,2026-05-13T14:39:20.629362,twitter,"blue agave sweetener, monk fruit sweetener or honey... for creamer use vanilla or caramel protein shake! yummy! sprinkle of mineral salt takes out any bitterness, and a touch of coconut oil gives it depth...double yummy!!","blue agave sweetener, monk fruit sweetener honey... creamer use vanilla caramel protein shake! yummy! sprinkle mineral salt takes out any bitterness, and touch coconut oil gives depth...double yummy!!",35
1934636348146946278,"https://t.co/uvQJkfAHmy 
Creamy Chocolate Shake, Pantry Pack, 15 Svgs

A daily protein shake should do more than just give you protein, it should build a strong body AND mind. Our Creamy Chocolate Shake, made from a decadent blend of whey protein powder, nonfat milk, rich cocoa,",Mon Jun 16 15:37:03 +0000 2025,,,8164,0,0,0,en,monk fruit protein shake,2026-05-13T14:39:20.629366,twitter,"creamy chocolate shake, pantry pack, 15 svgs a daily protein shake should do more than just give you protein, it should build a strong body and mind. our creamy chocolate shake, made from a decadent blend of whey protein powder, nonfat milk, rich cocoa,","creamy chocolate shake, pantry pack, 15 svgs daily protein shake more give protein, build strong body and mind. our creamy chocolate shake, made decadent blend whey protein powder, nonfat milk, rich cocoa,",44
1931449732356067768,Okay new protein shake is fucking delicious. Raspberry strawberry greek yogurt half a scoop of molk some monk fruit sweetener and oat milk to blend. My bf likes it so much he's taking half of it LOL,Sat Jun 07 20:34:35 +0000 2025,,,120,2,0,0,en,monk fruit protein shake,2026-05-13T14:39:20.629369,twitter,okay new protein shake is fucking delicious. raspberry strawberry greek yogurt half a scoop of molk some monk fruit sweetener and oat milk to blend. my bf likes it so much he's taking half of it lol,okay new protein shake fucking delicious. raspberry strawberry greek yogurt half scoop molk some monk fruit sweetener and oat milk blend. bf likes much he's taking half lol,37
1928185111767293960,"@VeiledShadow343 @ReviewsPossum Totally fair, dunno what you can tolerate, but blueberries and blackberries are good alternatives as well. If you want a thicker shake Casein Protein is what you want. Whey is fine but it’s a bit more watery. Monk Fruit sweetener is probably the most natural sweetener out there",Thu May 29 20:22:09 +0000 2025,,,1616,0,0,1,en,monk fruit protein shake,2026-05-13T14:39:20.629373,twitter,"totally fair, dunno what you can tolerate, but blueberries and blackberries are good alternatives as well. if you want a thicker shake casein protein is what you want. whey is fine but its a bit more watery. monk fruit sweetener is probably the most natural sweetener out there","totally fair, dunno what tolerate, blueberries and blackberries good alternatives well. want thicker shake casein protein what want. whey fine its bit more watery. monk fruit sweetener probably most natural sweetener out there",48
1925952142369505626,I would rather eat a flavorless protein bar and drink a flavorless protein shake than have to consume all the gross monk fruit super artificially sweet crap that is sold,Fri May 23 16:29:07 +0000 2025,,,1004,3,0,0,en,monk fruit protein shake,2026-05-13T14:39:20.629376,twitter,i would rather eat a flavorless protein bar and drink a flavorless protein shake than have to consume all the gross monk fruit super artificially sweet crap that is sold,rather eat flavorless protein bar and drink flavorless protein shake consume all gross monk fruit super artificially sweet crap sold,30
1924534784396820971,"trying a low protein diet, starting today

lunch is sushi rice and a very fatty shake (cream, cream cheese, milk), some Bachan's on the rice and some monk fruit in the shake

dinner tonight is Brazilian grill (special occasion) so that'll be a lot of protein",Mon May 19 18:37:03 +0000 2025,,,859,0,0,1,en,monk fruit protein shake,2026-05-13T14:39:20.629379,twitter,"trying a low protein diet, starting today lunch is sushi rice and a very fatty shake cream, cream cheese, milk, some bachan's on the rice and some monk fruit in the shake dinner tonight is brazilian grill special occasion so that'll be a lot of protein","trying low protein diet, starting today lunch sushi rice and fatty shake cream, cream cheese, milk, some bachan's rice and some monk fruit shake dinner tonight brazilian grill special occasion that'll lot protein",46
1923429149013614675,"@FitFounder This my 1-2x daily goto:

Version 5a 2025-04-16

Ingredients:

•Fairlife chocolate 30g protein shake
•50g 5% FAGE Greek yogurt
•14g monk fruit sugar
•10g  cocoa powder
•10g PB2 (powdered peanut)
•12g Naked Collagen
•7g naked creatine
•5g naked glutamine
•1 tsp diastatic",Fri May 16 17:23:39 +0000 2025,,,919,23,1,0,en,monk fruit protein shake,2026-05-13T14:39:20.629382,twitter,this my 1-2x daily goto version 5a 2025-04-16 ingredients fairlife chocolate 30g protein shake 50g 5 fage greek yogurt 14g monk fruit sugar 10g cocoa powder 10g pb2 powdered peanut 12g naked collagen 7g naked creatine 5g naked glutamine 1 tsp diastatic,1-2x daily goto version 5a 2025-04-16 ingredients fairlife chocolate 30g protein shake 50g 5 fage greek yogurt 14g monk fruit sugar 10g cocoa powder 10g pb2 powdered peanut 12g naked collagen 7g naked creatine 5g naked glutamine 1 tsp diastatic,42
1923392956314357826,"https://t.co/xXiH8RDBVk 
BrainCare® Brain Shake® Chocolate, Pantry Pack, 15 Svgs

Enjoy the unrivaled brain and protein rich shake.  
This decadent blend of whey, nonfat milk and rich cocoa are combined with sea salt and monk fruit and our patent-pending and clinically proven",Fri May 16 14:59:50 +0000 2025,,,8164,0,0,0,en,monk fruit protein shake,2026-05-13T14:39:20.629386,twitter,"braincare brain shake chocolate, pantry pack, 15 svgs enjoy the unrivaled brain and protein rich shake. this decadent blend of whey, nonfat milk and rich cocoa are combined with sea salt and monk fruit and our patent-pending and clinically proven","braincare brain shake chocolate, pantry pack, 15 svgs enjoy unrivaled brain and protein rich shake. decadent blend whey, nonfat milk and rich cocoa combined sea salt and monk fruit and our patent-pending and clinically proven",40
1920532763024761009,"Great question. 

Here are better high-protein real food options to start your day without seed oils, sucralose, or gut disruptors:
✅ Raw greek yogurt + berries + hemp seeds
✅ 2 eggs + side of avocado + sauerkraut
✅ Raw kefir or raw milk smoothie (add collagen or creatine)
✅",Thu May 08 17:34:27 +0000 2025,,,301332,286,16,18,en,monk fruit protein shake,2026-05-13T14:39:20.629389,twitter,"great question. here are better high-protein real food options to start your day without seed oils, sucralose, or gut disruptors raw greek yogurt berries hemp seeds 2 eggs side of avocado sauerkraut raw kefir or raw milk smoothie add collagen or creatine","great question. here better high-protein real food options start day without seed oils, sucralose, gut disruptors raw greek yogurt berries hemp seeds 2 eggs side avocado sauerkraut raw kefir raw milk smoothie add collagen creatine",42
1914054613164052955,"To cut out sugar in the morning &amp; boost my protein, I add 1/2 a fairlife protein shake (you can get them from Costco) into black coffee. It obviously doesn’t taste the same, but it’s a necessary adjustment. I have “normal” coffee on weekends and use a little monk fruit sweetener.",Sun Apr 20 20:32:35 +0000 2025,,,12104,5,0,5,en,monk fruit protein shake,2026-05-13T14:39:20.629392,twitter,"to cut out sugar in the morning amp boost my protein, i add 12 a fairlife protein shake you can get them from costco into black coffee. it obviously doesnt taste the same, but its a necessary adjustment. i have normal coffee on weekends and use a little monk fruit sweetener.","cut out sugar morning amp boost protein, add 12 fairlife protein shake get them costco into black coffee. obviously doesnt taste same, its necessary adjustment. normal coffee weekends and use little monk fruit sweetener.",51
1912230831126356388,@ultramarine_ink Oops my go to protein shake is monk fruit u-u,Tue Apr 15 19:45:32 +0000 2025,,,430,0,0,1,en,monk fruit protein shake,2026-05-13T14:39:20.629395,twitter,oops my go to protein shake is monk fruit u-u,oops go protein shake monk fruit u-u,10
1909787131352170859,"My lunch with a handful of walnuts.

This is the Nurri protein shake I fell for in Costco at one of those annoying kiosks that plug up the isle with the sample people. 

Since I’d  never sampled this particular brand before and it was vanilla, I decided to do a taste test. https://t.co/qgzoG4hyW8",Wed Apr 09 01:55:08 +0000 2025,,,5183,1,0,0,en,monk fruit protein shake,2026-05-13T14:39:20.629399,twitter,"my lunch with a handful of walnuts. this is the nurri protein shake i fell for in costco at one of those annoying kiosks that plug up the isle with the sample people. since id never sampled this particular brand before and it was vanilla, i decided to do a taste test.","lunch handful walnuts. nurri protein shake fell costco one annoying kiosks plug up isle sample people. since id never sampled particular brand before and vanilla, decided taste test.",52
1907089607843553435,"https://t.co/xXiH8RDBVk 
BrainCare® Brain Shake® Chocolate, Pantry Pack, 15 Svgs

Enjoy the unrivaled brain and protein rich shake.  This decadent blend of whey, nonfat milk and rich cocoa are combined with sea salt and monk fruit and our patent-pending and clinically proven",Tue Apr 01 15:16:09 +0000 2025,,,8164,0,0,0,en,monk fruit protein shake,2026-05-13T14:39:20.629402,twitter,"braincare brain shake chocolate, pantry pack, 15 svgs enjoy the unrivaled brain and protein rich shake. this decadent blend of whey, nonfat milk and rich cocoa are combined with sea salt and monk fruit and our patent-pending and clinically proven","braincare brain shake chocolate, pantry pack, 15 svgs enjoy unrivaled brain and protein rich shake. decadent blend whey, nonfat milk and rich cocoa combined sea salt and monk fruit and our patent-pending and clinically proven",40
1903824029372547209,"https://t.co/xXiH8RDBVk 
BrainCare® Brain Shake® Chocolate, Pantry Pack, 15 Svgs

Enjoy the unrivaled brain and protein rich shake.  This decadent blend of whey, nonfat milk and rich cocoa are combined with sea salt and monk fruit and our patent-pending and clinically proven",Sun Mar 23 14:59:54 +0000 2025,,,8164,0,0,0,en,monk fruit protein shake,2026-05-13T14:39:20.629405,twitter,"braincare brain shake chocolate, pantry pack, 15 svgs enjoy the unrivaled brain and protein rich shake. this decadent blend of whey, nonfat milk and rich cocoa are combined with sea salt and monk fruit and our patent-pending and clinically proven","braincare brain shake chocolate, pantry pack, 15 svgs enjoy unrivaled brain and protein rich shake. decadent blend whey, nonfat milk and rich cocoa combined sea salt and monk fruit and our patent-pending and clinically proven",40
1901650381723341018,"https://t.co/xXiH8RDBVk 
BrainCare® Brain Shake® Chocolate, Pantry Pack, 15 Svgs

Start the day right!

Enjoy the unrivaled brain and protein rich shake.  This decadent blend of whey, nonfat milk and rich cocoa are combined with sea salt and monk fruit and our patent-pending and",Mon Mar 17 15:02:36 +0000 2025,,,8164,0,0,0,en,monk fruit protein shake,2026-05-13T14:39:23.624031,twitter,"braincare brain shake chocolate, pantry pack, 15 svgs start the day right! enjoy the unrivaled brain and protein rich shake. this decadent blend of whey, nonfat milk and rich cocoa are combined with sea salt and monk fruit and our patent-pending and","braincare brain shake chocolate, pantry pack, 15 svgs start day right! enjoy unrivaled brain and protein rich shake. decadent blend whey, nonfat milk and rich cocoa combined sea salt and monk fruit and our patent-pending and",42
1899848572314525886,Good morning! I am curious if anyone in the group uses bovine instead of whey protein powder. I have a pretty severe intolerance to whey and stevia so I've been starting my mornings with OWYN brand plant protein premade shakes because they're monk fruit sweetened. I have been,Wed Mar 12 15:42:51 +0000 2025,,,5455,1,0,4,en,monk fruit protein shake,2026-05-13T14:39:23.624048,twitter,good morning! i am curious if anyone in the group uses bovine instead of whey protein powder. i have a pretty severe intolerance to whey and stevia so i've been starting my mornings with owyn brand plant protein premade shakes because they're monk fruit sweetened. i have been,good morning! am curious anyone group uses bovine instead whey protein powder. pretty severe intolerance whey and stevia i've starting mornings owyn brand plant protein premade shakes because they're monk fruit sweetened.,48
1899803468807770129,"@MichelleMaxwell I don't have any recommendations for a powder, but I have been drinking an Owyn shake every day to help build back muscle I lost while in the hospital.  It has 32 g of plant protein and no added sugar.  It uses monk fruit as the sweetener.  It has 6 g of carbs, all fiber.  The",Wed Mar 12 12:43:38 +0000 2025,,,7520,6,0,1,en,monk fruit protein shake,2026-05-13T14:39:23.624051,twitter,"i don't have any recommendations for a powder, but i have been drinking an owyn shake every day to help build back muscle i lost while in the hospital. it has 32 tidak of plant protein and no added sugar. it uses monk fruit as the sweetener. it has 6 tidak of carbs, all fiber. the","don't any recommendations powder, drinking owyn shake every day help build back muscle lost while hospital. 32 tidak plant protein and no added sugar. uses monk fruit sweetener. 6 tidak carbs, all fiber.",56
1899401537925071050,"Post workout for this machine I had lots of strawberries, 2 bananas, red apple, craisins, ciabatta leftover loaf, mini scones in honey, oatmeal raisin cookies with honey and a protein shake with collagen, cocoa powder, monk fruit, stevia and green coffee extract. Also did spin https://t.co/h17FEfmXb7",Tue Mar 11 10:06:30 +0000 2025,,,45,0,0,1,en,monk fruit protein shake,2026-05-13T14:39:23.624053,twitter,"post workout for this machine i had lots of strawberries, 2 bananas, red apple, craisins, ciabatta leftover loaf, mini scones in honey, oatmeal raisin cookies with honey and a protein shake with collagen, cocoa powder, monk fruit, stevia and green coffee extract. also did spin","post workout machine lots strawberries, 2 bananas, red apple, craisins, ciabatta leftover loaf, mini scones honey, oatmeal raisin cookies honey and protein shake collagen, cocoa powder, monk fruit, stevia and green coffee extract. spin",45
1898420484204847202,"https://t.co/xXiH8RDBVk 
BrainCare® Brain Shake® Chocolate, Pantry Pack, 15 Svgs

Enjoy the unrivaled brain and protein rich shake.  This decadent blend of whey, nonfat milk and rich cocoa are combined with sea salt and monk fruit and our patent-pending and clinically proven",Sat Mar 08 17:08:09 +0000 2025,,,8164,0,0,0,en,monk fruit protein shake,2026-05-13T14:39:23.624055,twitter,"braincare brain shake chocolate, pantry pack, 15 svgs enjoy the unrivaled brain and protein rich shake. this decadent blend of whey, nonfat milk and rich cocoa are combined with sea salt and monk fruit and our patent-pending and clinically proven","braincare brain shake chocolate, pantry pack, 15 svgs enjoy unrivaled brain and protein rich shake. decadent blend whey, nonfat milk and rich cocoa combined sea salt and monk fruit and our patent-pending and clinically proven",40
1896331477480309031,"@AriaBreve @Pegnitzpirat @dr_ericberg That's when I reach for my iced decaf coffee with cacao, monk fruit, ½ Fairlife chocolate protein shake, and splash of heavy cream. It totally satisfies my want to treat myself to something sweet. You have to find what works for you. Or Two Good yogurt with a few blueberries.",Sun Mar 02 22:47:11 +0000 2025,,,4,0,0,1,en,monk fruit protein shake,2026-05-13T14:39:23.624057,twitter,"that's when i reach for my iced decaf coffee with cacao, monk fruit, fairlife chocolate protein shake, and splash of heavy cream. it totally satisfies my want to treat myself to something sweet. you have to find what works for you. or two good yogurt with a few blueberries.","that's when reach iced decaf coffee cacao, monk fruit, fairlife chocolate protein shake, and splash heavy cream. totally satisfies want treat myself something sweet. find what works you. two good yogurt few blueberries.",49
1894769813899411646,"https://t.co/uvQJkfAHmy 
Creamy Chocolate Shake, Pantry Pack, 15 Svgs

A daily protein shake should do more than just give you protein, it should build a strong body AND mind. 

Our Creamy Chocolate Shake, made from a decadent blend of whey protein powder, nonfat milk, rich",Wed Feb 26 15:21:41 +0000 2025,,,8164,0,0,0,en,monk fruit protein shake,2026-05-13T14:39:23.624059,twitter,"creamy chocolate shake, pantry pack, 15 svgs a daily protein shake should do more than just give you protein, it should build a strong body and mind. our creamy chocolate shake, made from a decadent blend of whey protein powder, nonfat milk, rich","creamy chocolate shake, pantry pack, 15 svgs daily protein shake more give protein, build strong body and mind. our creamy chocolate shake, made decadent blend whey protein powder, nonfat milk, rich",43
1892516417469030635,"@Escapeplace__ It's a simple liquid based Sweetener. Pure monk fruit, no erythritol. Depending on how sweet you want it, 1-2 drops of this serve as equivalent for one teaspoon sugar. You can use it to make tea, coffee, halwa, kheer,cookies, mishti doi, protein shake, icecream etc",Thu Feb 20 10:07:29 +0000 2025,,,856,0,0,0,en,monk fruit protein shake,2026-05-13T14:39:23.624061,twitter,"it's a simple liquid based sweetener. pure monk fruit, no erythritol. depending on how sweet you want it, 1-2 drops of this serve as equivalent for one teaspoon sugar. you can use it to make tea, coffee, halwa, kheer,cookies, mishti doi, protein shake, icecream etc","it's simple liquid based sweetener. pure monk fruit, no erythritol. depending how sweet want it, 1-2 drops serve equivalent one teaspoon sugar. use make tea, coffee, halwa, kheer,cookies, mishti doi, protein shake, icecream etc",45
1892249557494571514,"https://t.co/uvQJkfAHmy 
Creamy Chocolate Shake, Pantry Pack, 15 Svgs

A daily protein shake should do more than just give you protein, it should build a strong body AND mind. There’s only one shake that does a complete job – and this is it.

Our Creamy Chocolate Shake, made from",Wed Feb 19 16:27:05 +0000 2025,,,8164,0,0,0,en,monk fruit protein shake,2026-05-13T14:39:23.624062,twitter,"creamy chocolate shake, pantry pack, 15 svgs a daily protein shake should do more than just give you protein, it should build a strong body and mind. theres only one shake that does a complete job and this is it. our creamy chocolate shake, made from","creamy chocolate shake, pantry pack, 15 svgs daily protein shake more give protein, build strong body and mind. theres only one shake complete job and it. our creamy chocolate shake, made",46
1885724908589883401,"https://t.co/xXiH8RDBVk 
BrainCare® Brain Shake® Chocolate, Pantry Pack, 15 Svgs

Enjoy the unrivaled brain and protein rich shake.  This decadent blend of whey, nonfat milk and rich cocoa are combined with sea salt and monk fruit and our patent-pending and clinically proven",Sat Feb 01 16:20:27 +0000 2025,,,8164,0,0,0,en,monk fruit protein shake,2026-05-13T14:39:23.624064,twitter,"braincare brain shake chocolate, pantry pack, 15 svgs enjoy the unrivaled brain and protein rich shake. this decadent blend of whey, nonfat milk and rich cocoa are combined with sea salt and monk fruit and our patent-pending and clinically proven","braincare brain shake chocolate, pantry pack, 15 svgs enjoy unrivaled brain and protein rich shake. decadent blend whey, nonfat milk and rich cocoa combined sea salt and monk fruit and our patent-pending and clinically proven",40
1885289425909015027,"Coffee with Cream and Sugar? Possible? In the first month, I replaced coffee with a protein shake. But the protein shake was beginning to taste awful. I wanted my coffee back. Black coffee is the best. And you can have all the black coffee you want. But for me, it was one sugar https://t.co/n5h1ImqiKH",Fri Jan 31 11:30:00 +0000 2025,,,1197,5,0,2,en,monk fruit protein shake,2026-05-13T14:39:23.624066,twitter,"coffee with cream and sugar? possible? in the first month, i replaced coffee with a protein shake. but the protein shake was beginning to taste awful. i wanted my coffee back. black coffee is the best. and you can have all the black coffee you want. but for me, it was one sugar","coffee cream and sugar? possible? first month, replaced coffee protein shake. protein shake beginning taste awful. wanted coffee back. black coffee best. and all black coffee want. me, one sugar",53
1884728152389542024,"@JacquiDeevoy1 Try drinking hibiscus tea. Add beet root powder or chewable tablets to your diet. I use the powder and put in a spinach, dark sweet cherry smoothie with protein shake. Steep loose leaf hibiscus 5 to 7 minutes. You can add honey or monk fruit for sweetening. Good luck",Wed Jan 29 22:19:42 +0000 2025,,,746,0,0,0,en,monk fruit protein shake,2026-05-13T14:39:23.624068,twitter,"try drinking hibiscus tea. add beet root powder or chewable tablets to your diet. i use the powder and put in a spinach, dark sweet cherry smoothie with protein shake. steep loose leaf hibiscus 5 to 7 minutes. you can add honey or monk fruit for sweetening. good luck","try drinking hibiscus tea. add beet root powder chewable tablets diet. use powder and put spinach, dark sweet cherry smoothie protein shake. steep loose leaf hibiscus 5 7 minutes. add honey monk fruit sweetening. good luck",49
1884271986815410499,"https://t.co/xXiH8RDBVk 
BrainCare® Brain Shake® Chocolate, Pantry Pack, 15 Svgs

Enjoy the unrivaled brain and protein rich shake. 

This decadent blend of whey, nonfat milk and rich cocoa are combined with sea salt and monk fruit and our patent-pending and clinically proven",Tue Jan 28 16:07:04 +0000 2025,,,8164,0,0,0,en,monk fruit protein shake,2026-05-13T14:39:23.624070,twitter,"braincare brain shake chocolate, pantry pack, 15 svgs enjoy the unrivaled brain and protein rich shake. this decadent blend of whey, nonfat milk and rich cocoa are combined with sea salt and monk fruit and our patent-pending and clinically proven","braincare brain shake chocolate, pantry pack, 15 svgs enjoy unrivaled brain and protein rich shake. decadent blend whey, nonfat milk and rich cocoa combined sea salt and monk fruit and our patent-pending and clinically proven",40
1883910177600262535,"https://t.co/uvQJkfAHmy 
Creamy Chocolate Shake, Pantry Pack, 15 Svgs

A daily protein shake should do more than just give you protein, it should build a strong body AND mind. Our Creamy Chocolate Shake, made from a decadent blend of whey protein powder, nonfat milk, rich cocoa,",Mon Jan 27 16:09:22 +0000 2025,,,8164,0,0,0,en,monk fruit protein shake,2026-05-13T14:39:23.624072,twitter,"creamy chocolate shake, pantry pack, 15 svgs a daily protein shake should do more than just give you protein, it should build a strong body and mind. our creamy chocolate shake, made from a decadent blend of whey protein powder, nonfat milk, rich cocoa,","creamy chocolate shake, pantry pack, 15 svgs daily protein shake more give protein, build strong body and mind. our creamy chocolate shake, made decadent blend whey protein powder, nonfat milk, rich cocoa,",44
1883595301812056507,"New experiment... I am going to start making daily authentic journal entries on my thoughts/day and see how it affects the analytics. Will post results when finished. Let's start with 3 days in a row. Will it make a difference? 

DAY 1 of X journaling starts now.

DAY 1:

Woke up https://t.co/S3tku6AvFr",Sun Jan 26 19:18:10 +0000 2025,,,863,2,0,2,en,monk fruit protein shake,2026-05-13T14:39:23.624073,twitter,new experiment... i am going to start making daily authentic journal entries on my thoughtsday and see how it affects the analytics. will post results when finished. let's start with 3 days in a row. will it make a difference? day 1 of x journaling starts now. day 1 woke up,new experiment... am going start making daily authentic journal entries thoughtsday and see how affects analytics. post results when finished. let's start 3 days row. make difference? day 1 x journaling starts now. day 1 woke up,51
1883316684850913322,"@pinksunnys @fiery_undomiel If you guys want a good sugar substitute just get monk fruit sweeteners 
Fuck stevia, all my homies hate stevia it ruins so many protein shake formulas",Sun Jan 26 00:51:02 +0000 2025,,,433,3,0,1,en,monk fruit protein shake,2026-05-13T14:39:23.624075,twitter,"if you guys want a good sugar substitute just get monk fruit sweeteners fuck stevia, all my homies hate stevia it ruins so many protein shake formulas","guys want good sugar substitute get monk fruit sweeteners fuck stevia, all homies hate stevia ruins many protein shake formulas",27
1881380020402405458,"https://t.co/BfaNEfGBa4 
BrainCare® Brain Shake® Chocolate, Convenient Singles
Enjoy the unrivaled brain and protein rich shake.  

This decadent blend of whey, nonfat milk and rich cocoa are combined with sea salt and monk fruit and our patent-pending and clinically proven",Mon Jan 20 16:35:25 +0000 2025,,,8164,0,0,0,en,monk fruit protein shake,2026-05-13T14:39:23.624077,twitter,"braincare brain shake chocolate, convenient singles enjoy the unrivaled brain and protein rich shake. this decadent blend of whey, nonfat milk and rich cocoa are combined with sea salt and monk fruit and our patent-pending and clinically proven","braincare brain shake chocolate, convenient singles enjoy unrivaled brain and protein rich shake. decadent blend whey, nonfat milk and rich cocoa combined sea salt and monk fruit and our patent-pending and clinically proven",38
1879981568195801559,"@thedebralea I add a teaspoon to my post gym protein shake and my kids like a teaspoon with hot milk (whatever type) like hot cacao. It’s bitter, so not too much and it takes time to get used to the taste but once you do it’s worth it super healthy. Add sweetener of choice (we use Monk fruit",Thu Jan 16 19:58:28 +0000 2025,,,8739,0,0,0,en,monk fruit protein shake,2026-05-13T14:39:23.624079,twitter,"i add a teaspoon to my post gym protein shake and my kids like a teaspoon with hot milk whatever type like hot cacao. its bitter, so not too much and it takes time to get used to the taste but once you do its worth it super healthy. add sweetener of choice we use monk fruit","add teaspoon post gym protein shake and kids like teaspoon hot milk whatever type like hot cacao. its bitter, too much and takes time get used taste once its worth super healthy. add sweetener choice use monk fruit",57
1879977689827930353,I would do simply unspeakable things for a pre-made protein shake that doesn’t have a single gram of fake sugar in it !! and no don’t try and tell me monk fruit sweetener is acceptable that shit is ass and every single one of you knows it !!!,Thu Jan 16 19:43:04 +0000 2025,,,203,2,0,1,en,monk fruit protein shake,2026-05-13T14:39:23.624081,twitter,i would do simply unspeakable things for a pre-made protein shake that doesnt have a single gram of fake sugar in it !! and no dont try and tell me monk fruit sweetener is acceptable that shit is ass and every single one of you knows it !!!,simply unspeakable things pre-made protein shake doesnt single gram fake sugar !! and no dont try and tell monk fruit sweetener acceptable shit ass and every single one knows !!!,48
1879662702421000573,"https://t.co/uvQJkfAHmy 
Creamy Chocolate Shake, Pantry Pack, 15 Servings

A daily protein shake should do more than just give you protein, it should build a strong body AND mind. Our Creamy Chocolate Shake, made from a decadent blend of whey protein powder, nonfat milk, rich",Wed Jan 15 22:51:25 +0000 2025,,,8164,0,0,0,en,monk fruit protein shake,2026-05-13T14:39:23.624082,twitter,"creamy chocolate shake, pantry pack, 15 servings a daily protein shake should do more than just give you protein, it should build a strong body and mind. our creamy chocolate shake, made from a decadent blend of whey protein powder, nonfat milk, rich","creamy chocolate shake, pantry pack, 15 servings daily protein shake more give protein, build strong body and mind. our creamy chocolate shake, made decadent blend whey protein powder, nonfat milk, rich",43
1875839674549453198,"@DanielleMorrill This is my goto chocolate with a hint of peanut butter Ninja Creami recipe—defrost 15-20 minutes, run under warm water ~40s, spin on lite ice cream and then on mix-in: 

Version 4g 2024-12-05
Ingredients:

•Fairlife chocolate 30g protein shake
•60g 5% FAGE Greek yogurt
•14g",Sun Jan 05 09:40:04 +0000 2025,,,919,7,0,1,en,monk fruit protein shake,2026-05-13T14:39:28.114602,twitter,"this is my goto chocolate with a hint of peanut butter ninja creami recipedefrost 15-20 minutes, run under warm water 40s, spin on lite ice cream and then on mix-in version 4g 2024-12-05 ingredients fairlife chocolate 30g protein shake 60g 5 fage greek yogurt 14g","goto chocolate hint peanut butter ninja creami recipedefrost 15-20 minutes, run under warm water 40s, spin lite ice cream and mix-in version 4g 2024-12-05 ingredients fairlife chocolate 30g protein shake 60g 5 fage greek yogurt 14g",45
1869497608957476913,"Premier Protein tastes pretty meh, but it's the only lactose-free protein shake I've found that hasn't replaced the lactose with something that tastes horrendously bad (Stevia, monk fruit extract, etc) makes me shit my pants, or both (artificial sweeteners, sugar alcohols, etc).",Wed Dec 18 21:38:58 +0000 2024,,,94,0,0,0,en,monk fruit protein shake,2026-05-13T14:39:28.114617,twitter,"premier protein tastes pretty meh, but it's the only lactose-free protein shake i've found that hasn't replaced the lactose with something that tastes horrendously bad stevia, monk fruit extract, etc makes me shit my pants, or both artificial sweeteners, sugar alcohols, etc.","premier protein tastes pretty meh, it's only lactose-free protein shake i've found hasn't replaced lactose something tastes horrendously bad stevia, monk fruit extract, etc makes shit pants, both artificial sweeteners, sugar alcohols, etc.",42
1863795545786953902,"If your breakfast isn't a protein shake you're ngmi

2 scoops whey
2tbsp raw cacao
3tbsp any spices &amp; herbs you want in your diet
sweetener (allulose/stevia/monk fruit)
optional olive oil
30g walnuts, pecans
50g chia
blueberries

literally the breakfast of the ubermensch",Tue Dec 03 04:01:00 +0000 2024,,,2706,2,0,0,en,monk fruit protein shake,2026-05-13T14:39:28.114619,twitter,"if your breakfast isn't a protein shake you're ngmi 2 scoops whey 2tbsp raw cacao 3tbsp any spices amp herbs you want in your diet sweetener allulosesteviamonk fruit optional olive oil 30g walnuts, pecans 50g chia blueberries literally the breakfast of the ubermensch","breakfast isn't protein shake you're ngmi 2 scoops whey 2tbsp raw cacao 3tbsp any spices amp herbs want diet sweetener allulosesteviamonk fruit optional olive oil 30g walnuts, pecans 50g chia blueberries literally breakfast ubermensch",43
1858419838605210079,"The run so good, all the work felt evenly distributed throughout my legs muscles, no hard resistance spots. Had a big protein shake with bananas, strawberries, collagen peptides, oats, oat milk, goji berries, Dutch cocoa, stevia, monk fruit powder, creatine and cacao nibs.",Mon Nov 18 07:59:51 +0000 2024,,,0,0,0,1,en,monk fruit protein shake,2026-05-13T14:39:28.114621,twitter,"the run so good, all the work felt evenly distributed throughout my legs muscles, no hard resistance spots. had a big protein shake with bananas, strawberries, collagen peptides, oats, oat milk, goji berries, dutch cocoa, stevia, monk fruit powder, creatine and cacao nibs.","run good, all work felt evenly distributed throughout legs muscles, no hard resistance spots. big protein shake bananas, strawberries, collagen peptides, oats, oat milk, goji berries, dutch cocoa, stevia, monk fruit powder, creatine and cacao nibs.",43
1858008250329010323,"the run so good, all the work felt evenly distributed throughout my legs muscles, no hard resistance spots. Had a big protein shake with bananas, strawberries, collagen peptides, oats, oat milk, goji berries, Dutch cocoa, stevia, monk fruit power,  creatine and cacao nibs.",Sun Nov 17 04:44:21 +0000 2024,,,45,0,0,1,en,monk fruit protein shake,2026-05-13T14:39:28.114623,twitter,"the run so good, all the work felt evenly distributed throughout my legs muscles, no hard resistance spots. had a big protein shake with bananas, strawberries, collagen peptides, oats, oat milk, goji berries, dutch cocoa, stevia, monk fruit power, creatine and cacao nibs.","run good, all work felt evenly distributed throughout legs muscles, no hard resistance spots. big protein shake bananas, strawberries, collagen peptides, oats, oat milk, goji berries, dutch cocoa, stevia, monk fruit power, creatine and cacao nibs.",43
1855485359603458323,"For post workout a ciabatta cut loaf with freshly ground black pepper, garlic salt with parsley, extra virgin olive oil and a big protein shake with two bananas, persimmon, strawberries, raw oats, Dutch cocoa, cacao nibs, @NOWFoods Stevia and Monk fruit and collagen peptides. https://t.co/c3eiDv2jq2",Sun Nov 10 05:39:17 +0000 2024,,,45,0,0,0,en,monk fruit protein shake,2026-05-13T14:39:28.114625,twitter,"for post workout a ciabatta cut loaf with freshly ground black pepper, garlic salt with parsley, extra virgin olive oil and a big protein shake with two bananas, persimmon, strawberries, raw oats, dutch cocoa, cacao nibs, stevia and monk fruit and collagen peptides.","post workout ciabatta cut loaf freshly ground black pepper, garlic salt parsley, extra virgin olive oil and big protein shake two bananas, persimmon, strawberries, raw oats, dutch cocoa, cacao nibs, stevia and monk fruit and collagen peptides.",43
1845577664058499101,"Keto diet meal plan designed for someone who is active and going to the gym regularly. This plan focuses on high-fat, moderate-protein, and very low-carbohydrate intake, which is typical of the ketogenic diet. Remember, individual needs can vary, so this plan might need",Sun Oct 13 21:29:38 +0000 2024,,,2505,3,2,0,en,monk fruit protein shake,2026-05-13T14:39:28.114627,twitter,"keto diet meal plan designed for someone who is active and going to the gym regularly. this plan focuses on high-fat, moderate-protein, and very low-carbohydrate intake, which is typical of the ketogenic diet. remember, individual needs can vary, so this plan might need","keto diet meal plan designed someone who active and going gym regularly. plan focuses high-fat, moderate-protein, and low-carbohydrate intake, which typical ketogenic diet. remember, individual needs vary, plan need",43
1838611884875907374,"JOCKO MÖLK chocolate has quickly become my favorite protein drink. (made by @jockowillink, @jockofuel)

• No measuring. No mixing. Just grab and go.
• 30g of grass-fed protein for muscle repair and strength building
• No added sugar, no chalky taste
• Naturally sweetened with https://t.co/LuT8qIkWq9",Tue Sep 24 16:10:07 +0000 2024,,,642,5,1,2,en,monk fruit protein shake,2026-05-13T14:39:28.114629,twitter,"jocko mlk chocolate has quickly become my favorite protein drink. made by , no measuring. no mixing. just grab and go. 30g of grass-fed protein for muscle repair and strength building no added sugar, no chalky taste naturally sweetened with","jocko mlk chocolate quickly become favorite protein drink. made , no measuring. no mixing. grab and go. 30g grass-fed protein muscle repair and strength building no added sugar, no chalky taste naturally sweetened",40
1835036342230581736,"@rapperliftsbars @arindam___paul Monk fruit sweetened - highest price. Stevia - second highest. Sugar alcohols/artificial sweeteners - much cheaper.

If a brand is selling artificially sweetened options, they’re pricing according to taste or quality. 

Going for a protein shake with stevia or monk fruit is best.",Sat Sep 14 19:22:11 +0000 2024,,,80,0,0,0,en,monk fruit protein shake,2026-05-13T14:39:28.114630,twitter,"monk fruit sweetened - highest price. stevia - second highest. sugar alcoholsartificial sweeteners - much cheaper. if a brand is selling artificially sweetened options, theyre pricing according to taste or quality. going for a protein shake with stevia or monk fruit is best.","monk fruit sweetened - highest price. stevia - second highest. sugar alcoholsartificial sweeteners - much cheaper. brand selling artificially sweetened options, theyre pricing according taste quality. going protein shake stevia monk fruit best.",43
1834670030690353482,"💯 

Here’s my morning goto Ninja Creami recipe:

Version 4b recipe:

Ingredients:

•340g Fairlife chocolate 30g protein shake
•50g 5% FAGE Greek yogurt
•14g monk fruit sugar
•7g blueprint cocoa powder
•7g PB2 (powdered peanut butter)
•10g Naked Collagen
•5g creatine
•5g",Fri Sep 13 19:06:36 +0000 2024,,,919,2,0,1,en,monk fruit protein shake,2026-05-13T14:39:28.114632,twitter,heres my morning goto ninja creami recipe version 4b recipe ingredients 340g fairlife chocolate 30g protein shake 50g 5 fage greek yogurt 14g monk fruit sugar 7g blueprint cocoa powder 7g pb2 powdered peanut butter 10g naked collagen 5g creatine 5g,heres morning goto ninja creami recipe version 4b recipe ingredients 340g fairlife chocolate 30g protein shake 50g 5 fage greek yogurt 14g monk fruit sugar 7g blueprint cocoa powder 7g pb2 powdered peanut butter 10g naked collagen 5g creatine 5g,41
1819363941237023152,"@HeatherIsUnsane I usually drink mine black, but will take it with cream. Sometimes a protein shake mixed in. 

I find Fairlife Milk with Stevia or Monk Fruit extract is a good low carb/sugar option. If you want flavor, the Torani Sugar Free Hazelnut syrup is not bad.",Fri Aug 02 13:25:40 +0000 2024,,,1795,2,0,1,en,monk fruit protein shake,2026-05-13T14:39:28.114634,twitter,"i usually drink mine black, but will take it with cream. sometimes a protein shake mixed in. i find fairlife milk with stevia or monk fruit extract is a good low carbsugar option. if you want flavor, the torani sugar free hazelnut syrup is not bad.","usually drink mine black, take cream. sometimes protein shake mixed in. find fairlife milk stevia monk fruit extract good low carbsugar option. want flavor, torani sugar free hazelnut syrup bad.",46
1811285641310978439,"@ambernoelle the aspartame folks get all the cool shit too, try finding a protein shake without that or like monk fruit these days it's impossible",Thu Jul 11 06:25:23 +0000 2024,,,385872,10,0,1,en,monk fruit protein shake,2026-05-13T14:39:28.114636,twitter,"the aspartame folks get all the cool shit too, try finding a protein shake without that or like monk fruit these days it's impossible","aspartame folks get all cool shit too, try finding protein shake without like monk fruit days it's impossible",24
1811106267315724379,"@ambernoelle I gotta agree with that! I am forever looking for protein shake mixes that don’t contain artificial sugar, or sugar alcohols, or even sweeteners like stevia and monk fruit, because they cause my tastebuds a great despair",Wed Jul 10 18:32:37 +0000 2024,,,1119,1,0,0,en,monk fruit protein shake,2026-05-13T14:39:28.114637,twitter,"i gotta agree with that! i am forever looking for protein shake mixes that dont contain artificial sugar, or sugar alcohols, or even sweeteners like stevia and monk fruit, because they cause my tastebuds a great despair","gotta agree that! am forever looking protein shake mixes dont contain artificial sugar, sugar alcohols, even sweeteners like stevia and monk fruit, because cause tastebuds great despair",37
1807118178595590301,"Protein (60 grams) Low Carb (7 grams) upside down no bake  Cinnabon Cheesecake 💪 #keto 😱🤯
1 Cup Cottage Cheese
1 Premier Protein Shake Cinnamon Roll
1 Package Zero Sugar ICheesecake Pudding
1 TBSP Monk Fruit 
Blend well then add 1/4 cup CRUSHED Magic Spoon Cinnamon Roll On Top https://t.co/umaEvLKFf6",Sat Jun 29 18:25:23 +0000 2024,,,311,1,0,1,en,monk fruit protein shake,2026-05-13T14:39:28.114639,twitter,protein 60 grams low carb 7 grams upside down no bake cinnabon cheesecake keto 1 cup cottage cheese 1 premier protein shake cinnamon roll 1 package zero sugar icheesecake pudding 1 tbsp monk fruit blend well then add 14 cup crushed magic spoon cinnamon roll on top,protein 60 grams low carb 7 grams upside down no bake cinnabon cheesecake keto 1 cup cottage cheese 1 premier protein shake cinnamon roll 1 package zero sugar icheesecake pudding 1 tbsp monk fruit blend well add 14 cup crushed magic spoon cinnamon roll top,47
1798499913883582829,"@BiggestComeback @BrettJohn17 I’ve been doing similar for past several months— shifted my protein to earlier in the day.  

Now I alternate my first meal of day (before noon)

Start day with either eggs, bacon &amp; tempeh 

OR:

57g protein shake:

1.5 scoops (~44g protein) @LabsTransparent grass-fed whey https://t.co/UNIisdjncw",Wed Jun 05 23:39:28 +0000 2024,,,430,3,1,1,en,monk fruit protein shake,2026-05-13T14:39:28.114641,twitter,"ive been doing similar for past several months shifted my protein to earlier in the day. now i alternate my first meal of day before noon start day with either eggs, bacon amp tempeh or 57g protein shake 1.5 scoops 44g protein grass-fed whey","ive doing similar past several months shifted protein earlier day. now alternate first meal day before noon start day either eggs, bacon amp tempeh 57g protein shake 1.5 scoops 44g protein grass-fed whey",44
1791844224016748697,"@OutdoorFinance 1. Greek yogurt, full fat plain
2. Whey protein, organic, no other ingredients
3. Fresh fruit
4. Sprinkle in nuts, dry roasted or raw
5. Splash of maple syrup or monk fruit maple syrup
6. Chia seeds (tasteless, filling, fiber, amino acids)

You can also blend this for a protein",Sat May 18 14:52:08 +0000 2024,,,375,0,0,0,en,monk fruit protein shake,2026-05-13T14:39:28.114643,twitter,"1. greek yogurt, full fat plain 2. whey protein, organic, no other ingredients 3. fresh fruit 4. sprinkle in nuts, dry roasted or raw 5. splash of maple syrup or monk fruit maple syrup 6. chia seeds tasteless, filling, fiber, amino acids you can also blend this for a protein","1. greek yogurt, full fat plain 2. whey protein, organic, no other ingredients 3. fresh fruit 4. sprinkle nuts, dry roasted raw 5. splash maple syrup monk fruit maple syrup 6. chia seeds tasteless, filling, fiber, amino acids blend protein",50
1782747178198344082,"Say aloha to your new favorite protein shake! 🥤 Aloha’s vanilla organic plant-based protein shake is packed with 18g of protein, and it’s naturally sweetened with organic monk fruit and coconut sugar. Sip, smile, and thrive! 😊🌱 #HealthyChoices https://t.co/uGX87bp6ll",Tue Apr 23 12:23:43 +0000 2024,,,24,0,0,0,en,monk fruit protein shake,2026-05-13T14:39:28.114645,twitter,"say aloha to your new favorite protein shake! alohas vanilla organic plant-based protein shake is packed with 18g of protein, and its naturally sweetened with organic monk fruit and coconut sugar. sip, smile, and thrive! healthychoices","say aloha new favorite protein shake! alohas vanilla organic plant-based protein shake packed 18g protein, and its naturally sweetened organic monk fruit and coconut sugar. sip, smile, and thrive! healthychoices",36
1777791989158666566,"@DrEenfeldt One of my high-satiety snacks (or meal replacement) is my protein shake: unsw vanilla almond milk, 30g diced frozen avocado, scoop of whey protein, tbsp of heavy cream powder, 1/4 tsp monk fruit.",Tue Apr 09 20:13:34 +0000 2024,,,330,0,0,0,en,monk fruit protein shake,2026-05-13T14:39:28.114648,twitter,"one of my high-satiety snacks or meal replacement is my protein shake unsw vanilla almond milk, 30g diced frozen avocado, scoop of whey protein, tbsp of heavy cream powder, 14 tsp monk fruit.","one high-satiety snacks meal replacement protein shake unsw vanilla almond milk, 30g diced frozen avocado, scoop whey protein, tbsp heavy cream powder, 14 tsp monk fruit.",33
1768257040429031622,"@pmarca I whipped up my morning AG1 + collagen protein, but first I had to find a new tub of collagen down in the basement pantry, and poured a new thing of AG 1 into the container after tearing off it's sealing groove, find the scoop I'd thrown away, add water but swishing it so it",Thu Mar 14 12:45:05 +0000 2024,,,2868,0,0,0,en,monk fruit protein shake,2026-05-13T14:39:28.114650,twitter,"i whipped up my morning ag1 collagen protein, but first i had to find a new tub of collagen down in the basement pantry, and poured a new thing of ag 1 into the container after tearing off it's sealing groove, find the scoop i'd thrown away, add water but swishing it so it","whipped up morning ag1 collagen protein, first find new tub collagen down basement pantry, and poured new thing ag 1 into container after tearing off it's sealing groove, find scoop i'd thrown away, add water swishing",54
1742998822744187090,"If I had to lose 15 pounds in 60 days here is exactly what I would do. 

(Bookmark this for yourself)

Now, actually losing weight is not that hard. 

This is everything I did to achieve 10% body fat.

A STEP BY STEP GUIDE👇

The first thing that I would do is throw out",Thu Jan 04 19:57:57 +0000 2024,,,343,12,0,5,en,monk fruit protein shake,2026-05-13T14:39:28.114651,twitter,"if i had to lose 15 pounds in 60 days here is exactly what i would do. bookmark this for yourself now, actually losing weight is not that hard. this is everything i did to achieve 10 body fat. a step by step guide the first thing that i would do is throw out","lose 15 pounds 60 days here exactly what do. bookmark yourself now, actually losing weight hard. everything achieve 10 body fat. step step guide first thing throw out",54
1721427701012037992,"@Erichealthcoach 1. Matcha powdered green tea w:unsweetened almond milk &amp; monk fruit. Or occ’l cup of coffee w/almond milk &amp; monk fruit 

2 Eggs with 1slice toast w/avocado &amp; 1 pc. bacon 
Or 
plant protein shake w/Almond milk &amp; spinach fresh fruit 

3.Protein bar@lunch

4.Walking/elliptical/trim",Mon Nov 06 07:22:01 +0000 2023,,,80,1,0,0,en,monk fruit protein shake,2026-05-13T14:39:31.566150,twitter,1. matcha powdered green tea wunsweetened almond milk amp monk fruit. or occl cup of coffee walmond milk amp monk fruit 2 eggs with 1slice toast wavocado amp 1 pc. bacon or plant protein shake walmond milk amp spinach fresh fruit 3.protein bar 4.walkingellipticaltrim,1. matcha powdered green tea wunsweetened almond milk amp monk fruit. occl cup coffee walmond milk amp monk fruit 2 eggs 1slice toast wavocado amp 1 pc. bacon plant protein shake walmond milk amp spinach fresh fruit 3.protein bar 4.walkingellipticaltrim,44
1707785108047163532,"💪🏻Suggestions?
Looking for an Unsweetened Organic Protein Shake that's not a gross texture? lolz. 

Is that a thing?

A teen in my life is working on healing from a health challenge and they need to boost organic nutrition and add muscle mass.

This person is VERY sensitive to",Fri Sep 29 15:51:13 +0000 2023,,,7971,1,0,3,en,monk fruit protein shake,2026-05-13T14:39:31.566165,twitter,suggestions? looking for an unsweetened organic protein shake that's not a gross texture? lolz. is that a thing? a teen in my life is working on healing from a health challenge and they need to boost organic nutrition and add muscle mass. this person is very sensitive to,suggestions? looking unsweetened organic protein shake that's gross texture? lolz. thing? teen life working healing health challenge and need boost organic nutrition and add muscle mass. person sensitive,48
1702021224442843261,"💪🔋⚡🏋️⛹️‍♀️👟🚀🎧🎥🎮🗽🇺🇲

https://t.co/dCHW4G4hhv / ""SpaceAnt101"" at check out for 10% off each product! 🫡

LIMITED EDITION JOCKO MÖLK - PUMPKIN SPICE PROTEIN POWDER

ABOUT JOCKO MÖLK PROTEIN POWDER:

- JOCKO MÖLK PROTEIN POWDER: Designed and engineered with a time-release blend https://t.co/iCd5ciqGgX",Wed Sep 13 18:07:36 +0000 2023,,,2815,3,1,0,en,monk fruit protein shake,2026-05-13T14:39:31.566169,twitter,spaceant101 at check out for 10 off each product! limited edition jocko mlk - pumpkin spice protein powder about jocko mlk protein powder - jocko mlk protein powder designed and engineered with a time-release blend,spaceant101 check out 10 off each product! limited edition jocko mlk - pumpkin spice protein powder about jocko mlk protein powder - jocko mlk protein powder designed and engineered time-release blend,35
1691478735860514816,"JOCKO MÖLK PROTEIN POWDER - ALL FLAVORS BUNDLE SAMPLE PACK

https://t.co/jk6NCnC3nn / ""SpaceAnt101"" at checkout for 10% OFF!
🇺🇸🫡🏃‍♀️🏋️‍♂️📹🎧🎮🧠🦾🚀

NEW: The Mölk Protein Powder Sample pack includes 6 single-serving packets of our protein powder: Chocolate, Vanilla, Chocolate https://t.co/BRs4WvnZkr",Tue Aug 15 15:55:31 +0000 2023,,,2815,3,3,0,en,monk fruit protein shake,2026-05-13T14:39:31.566171,twitter,"jocko mlk protein powder - all flavors bundle sample pack spaceant101 at checkout for 10 off! new the mlk protein powder sample pack includes 6 single-serving packets of our protein powder chocolate, vanilla, chocolate","jocko mlk protein powder - all flavors bundle sample pack spaceant101 checkout 10 off! new mlk protein powder sample pack includes 6 single-serving packets our protein powder chocolate, vanilla, chocolate",34
1691476705888616449,"JOCKO MÖLK - MINT CHOCOLATE PROTEIN POWDER

https://t.co/9LKNfhE9hj / ""SpaceAnt101"" at checkout for 10% OFF!
🇺🇸🫡🏃‍♀️🏋️‍♂️📹🎧🎮🧠🦾🚀

- JOCKO MÖLK: Designed and engineered with a time-release blend of whey concentrate, whey isolate, micellar casein, and egg. This whey isolate https://t.co/mwSbX9nIQT",Tue Aug 15 15:47:27 +0000 2023,,,2815,3,3,0,en,monk fruit protein shake,2026-05-13T14:39:31.566173,twitter,"jocko mlk - mint chocolate protein powder spaceant101 at checkout for 10 off! - jocko mlk designed and engineered with a time-release blend of whey concentrate, whey isolate, micellar casein, and egg. this whey isolate","jocko mlk - mint chocolate protein powder spaceant101 checkout 10 off! - jocko mlk designed and engineered time-release blend whey concentrate, whey isolate, micellar casein, and egg. whey isolate",35
1691475594704207872,"JOCKO MÖLK - CHOCOLATE PEANUT BUTTER PROTEIN

https://t.co/9HgJVALwjG / ""SpaceAnt101"" at checkout for 10% OFF!
🇺🇸🫡🏃‍♀️🏋️‍♂️📹🎧🎮🧠🦾🚀

- JOCKO MÖLK: Designed and engineered with a time-release blend of whey concentrate, whey isolate, micellar casein, and egg. This whey isolate https://t.co/h1dkMmHP3V",Tue Aug 15 15:43:02 +0000 2023,,,2815,3,3,0,en,monk fruit protein shake,2026-05-13T14:39:31.566174,twitter,"jocko mlk - chocolate peanut butter protein spaceant101 at checkout for 10 off! - jocko mlk designed and engineered with a time-release blend of whey concentrate, whey isolate, micellar casein, and egg. this whey isolate","jocko mlk - chocolate peanut butter protein spaceant101 checkout 10 off! - jocko mlk designed and engineered time-release blend whey concentrate, whey isolate, micellar casein, and egg. whey isolate",35
1691473429252202497,"JOCKO MÖLK - CHOCOLATE PROTEIN

https://t.co/G6RG61Av7h / ""SpaceAnt101"" at checkout for 10% OFF!
🇺🇸🫡🏃‍♀️🏋️‍♂️📹🎧🎮🧠🦾🚀

- JOCKO MÖLK: Designed and engineered with a time-release blend of whey concentrate, whey isolate, micellar casein, and egg. This whey isolate protein powder https://t.co/sfpAxAGUAX",Tue Aug 15 15:34:26 +0000 2023,,,2815,1,2,0,en,monk fruit protein shake,2026-05-13T14:39:31.566176,twitter,"jocko mlk - chocolate protein spaceant101 at checkout for 10 off! - jocko mlk designed and engineered with a time-release blend of whey concentrate, whey isolate, micellar casein, and egg. this whey isolate protein powder","jocko mlk - chocolate protein spaceant101 checkout 10 off! - jocko mlk designed and engineered time-release blend whey concentrate, whey isolate, micellar casein, and egg. whey isolate protein powder",35
1691471142370840578,"JOCKO MÖLK - VANILLA PROTEIN POWDER

https://t.co/A1ShNbkxyV / ""SpaceAnt101"" at checkout for 10% OFF!
🇺🇸🫡🏃‍♀️🏋️‍♂️📹🎧🎮🧠🦾🚀

- JOCKO MÖLK: Designed and engineered with a time-release blend of whey concentrate, whey isolate, micellar casein, and egg. This whey isolate protein https://t.co/W1tv8nirI2",Tue Aug 15 15:25:21 +0000 2023,,,2815,1,2,0,en,monk fruit protein shake,2026-05-13T14:39:31.566178,twitter,"jocko mlk - vanilla protein powder spaceant101 at checkout for 10 off! - jocko mlk designed and engineered with a time-release blend of whey concentrate, whey isolate, micellar casein, and egg. this whey isolate protein","jocko mlk - vanilla protein powder spaceant101 checkout 10 off! - jocko mlk designed and engineered time-release blend whey concentrate, whey isolate, micellar casein, and egg. whey isolate protein",35
1691468838104088576,"JOCKO MÖLK - STRAWBERRY PROTEIN POWDER

https://t.co/NaLMqLeZey / ""SpaceAnt101"" at checkout for 10% OFF!
🇺🇸🫡🏃‍♀️🏋️‍♂️📹🎧🎮🧠🦾🚀

- JOCKO MÖLK: Designed and engineered with a time-release blend of whey concentrate, whey isolate, micellar casein, and egg. This whey isolate protein https://t.co/l3w0FCgwfT",Tue Aug 15 15:16:11 +0000 2023,,,2815,3,3,0,en,monk fruit protein shake,2026-05-13T14:39:31.566180,twitter,"jocko mlk - strawberry protein powder spaceant101 at checkout for 10 off! - jocko mlk designed and engineered with a time-release blend of whey concentrate, whey isolate, micellar casein, and egg. this whey isolate protein","jocko mlk - strawberry protein powder spaceant101 checkout 10 off! - jocko mlk designed and engineered time-release blend whey concentrate, whey isolate, micellar casein, and egg. whey isolate protein",35
1691467243601944576,"JOCKO MÖLK - BANANA CREAM BOMBER PROTEIN POWDER

https://t.co/95qPYXXABG / ""SpaceAnt101"" at checkout for 10% OFF!
🇺🇸🫡🏃‍♀️🏋️‍♂️📹🎧🎮🧠🦾🚀

- JOCKO MÖLK: Designed and engineered with a time-release blend of whey concentrate, whey isolate, micellar casein, and egg. This whey isolate https://t.co/vPMcvvROnB",Tue Aug 15 15:09:51 +0000 2023,,,2815,3,3,0,en,monk fruit protein shake,2026-05-13T14:39:31.566182,twitter,"jocko mlk - banana cream bomber protein powder spaceant101 at checkout for 10 off! - jocko mlk designed and engineered with a time-release blend of whey concentrate, whey isolate, micellar casein, and egg. this whey isolate","jocko mlk - banana cream bomber protein powder spaceant101 checkout 10 off! - jocko mlk designed and engineered time-release blend whey concentrate, whey isolate, micellar casein, and egg. whey isolate",36
1691465358497222658,"JOCKO MÖLK - CHOCOLATE PROTEIN SHAKE (PACK OF 12)

https://t.co/xhk9XphUxo / ""SpaceAnt101"" at checkout for 10% OFF!
🇺🇸🫡🏃‍♀️🏋️‍♂️📹🎧🎮🧠🦾🚀

- JOCKO MÖLK ready to drink Protein Shakes designed and engineered with a protein blend of milk protein concentrate and calcium caseinate. https://t.co/0ot2JfpP3T",Tue Aug 15 15:02:22 +0000 2023,,,2815,5,4,0,en,monk fruit protein shake,2026-05-13T14:39:31.566183,twitter,jocko mlk - chocolate protein shake pack of 12 spaceant101 at checkout for 10 off! - jocko mlk ready to drink protein shakes designed and engineered with a protein blend of milk protein concentrate and calcium caseinate.,jocko mlk - chocolate protein shake pack 12 spaceant101 checkout 10 off! - jocko mlk ready drink protein shakes designed and engineered protein blend milk protein concentrate and calcium caseinate.,37
1691464161375686656,"JOCKO MÖLK - VANILLA PROTEIN SHAKE (PACK OF 12)

https://t.co/rDocZueqS5 / ""SpaceAnt101"" at checkout for 10% OFF!
🇺🇸🫡🏃‍♀️🏋️‍♂️📹🎧🎮🧠🦾

- JOCKO MÖLK ready to drink Protein Shakes designed and engineered with a protein blend of milk protein concentrate and calcium caseinate. This https://t.co/CdtnAosUA6",Tue Aug 15 14:57:36 +0000 2023,,,2815,2,2,0,en,monk fruit protein shake,2026-05-13T14:39:31.566185,twitter,jocko mlk - vanilla protein shake pack of 12 spaceant101 at checkout for 10 off! - jocko mlk ready to drink protein shakes designed and engineered with a protein blend of milk protein concentrate and calcium caseinate. this,jocko mlk - vanilla protein shake pack 12 spaceant101 checkout 10 off! - jocko mlk ready drink protein shakes designed and engineered protein blend milk protein concentrate and calcium caseinate.,38
1691461044189941760,"JOCKO MÖLK - BANANA PROTEIN SHAKE (PACK OF 12)

https://t.co/HgnpUa4BO2 / ""SpaceAnt101"" at checkout for 10% OFF! 
🇺🇸🫡🏃‍♀️🏋️‍♂️📹🎧🎮🧠🦾

- JOCKO MÖLK ready to drink Protein Shakes designed and engineered with a protein blend of milk protein concentrate and calcium caseinate. This https://t.co/27VBpradtx",Tue Aug 15 14:45:13 +0000 2023,,,2815,4,3,1,en,monk fruit protein shake,2026-05-13T14:39:31.566187,twitter,jocko mlk - banana protein shake pack of 12 spaceant101 at checkout for 10 off! - jocko mlk ready to drink protein shakes designed and engineered with a protein blend of milk protein concentrate and calcium caseinate. this,jocko mlk - banana protein shake pack 12 spaceant101 checkout 10 off! - jocko mlk ready drink protein shakes designed and engineered protein blend milk protein concentrate and calcium caseinate.,38
1687564631890608129,"“Oreo” Rocky Road Ice Cream📷📷
Ingredients
Base
* 1 bottle of Drink Koia Chocolate Brownie Protein Shake
* 1/4 cup of @rxsugar alullose (MARIA20 for discount)
* 1 scoop of collagen
* 1/2 cup of unsweetened almond milk
Mix-Ins
* 2 keto “oreos” used @eatsundays
* 1/4 cup of https://t.co/aSHSliXXt1",Fri Aug 04 20:42:16 +0000 2023,,,781,2,0,1,en,monk fruit protein shake,2026-05-13T14:39:31.566190,twitter,oreo rocky road ice cream ingredients base 1 bottle of drink koia chocolate brownie protein shake 14 cup of alullose maria20 for discount 1 scoop of collagen 12 cup of unsweetened almond milk mix-ins 2 keto oreos used 14 cup of,oreo rocky road ice cream ingredients base 1 bottle drink koia chocolate brownie protein shake 14 cup alullose maria20 discount 1 scoop collagen 12 cup unsweetened almond milk mix-ins 2 keto oreos used 14 cup,41
1671512501572481024,"Premier protein shake with a crap ton of decaf coffee. 
Really great way to suppress appetite and stay full throughout the day. I like to add monk fruit sugar. 160 calories for the whole thing. https://t.co/P9qhg6GZsF",Wed Jun 21 13:36:50 +0000 2023,,,33,0,0,0,en,monk fruit protein shake,2026-05-13T14:39:31.566192,twitter,premier protein shake with a crap ton of decaf coffee. really great way to suppress appetite and stay full throughout the day. i like to add monk fruit sugar. 160 calories for the whole thing.,premier protein shake crap ton decaf coffee. great way suppress appetite and stay full throughout day. like add monk fruit sugar. 160 calories whole thing.,35
1664371408959307777,"Protein -Real Milk -Shake
:
1 cup Raw Milk
2 heaping tbl 100% coco
1/2 cup egg white protein 
1 egg yolk ( backyard or pasture raised)
A few Ice cubes
Sweeteners 2 heaping tbls
  Low carb/ keto- monk fruit 
  Carb load - organic sugar
  Ancestral- Honey https://t.co/f8UGvvd51U",Thu Jun 01 20:40:41 +0000 2023,,,15704,63,4,2,en,monk fruit protein shake,2026-05-13T14:39:31.566194,twitter,protein -real milk -shake 1 cup raw milk 2 heaping tbl 100 coco 12 cup egg white protein 1 egg yolk backyard or pasture raised a few ice cubes sweeteners 2 heaping tbls low carb keto- monk fruit carb load - organic sugar ancestral- honey,protein -real milk -shake 1 cup raw milk 2 heaping tbl 100 coco 12 cup egg white protein 1 egg yolk backyard pasture raised few ice cubes sweeteners 2 heaping tbls low carb keto- monk fruit carb load - organic sugar ancestral- honey,45
1649763856439209989,mmmm today i had coffee with monk fruit for sugar and protein shake for milk n creamer yuuuuuummmm so so good its bday flavor!! now I have no guilt for wasting calls on a drink,Sat Apr 22 13:15:29 +0000 2023,,,97,0,0,0,en,monk fruit protein shake,2026-05-13T14:39:31.566196,twitter,mmmm today i had coffee with monk fruit for sugar and protein shake for milk n creamer yuuuuuummmm so so good its bday flavor!! now i have no guilt for wasting calls on a drink,mmmm today coffee monk fruit sugar and protein shake milk n creamer yuuuuuummmm good its bday flavor!! now no guilt wasting calls drink,35
1638606152928731156,"@checkoutregular Nutritionally, our cereal looks more like a protein bar or shake. We use ingredients like whey protein, allulose, monk fruit, tapioca flour, and avocado oil to bring you a cereal that tastes like you remember...only more fueling! It works out to less than $2 per serving.",Wed Mar 22 18:18:45 +0000 2023,,,3232,0,0,1,en,monk fruit protein shake,2026-05-13T14:39:31.566198,twitter,"nutritionally, our cereal looks more like a protein bar or shake. we use ingredients like whey protein, allulose, monk fruit, tapioca flour, and avocado oil to bring you a cereal that tastes like you remember...only more fueling! it works out to less than 2 per serving.","nutritionally, our cereal looks more like protein bar shake. use ingredients like whey protein, allulose, monk fruit, tapioca flour, and avocado oil bring cereal tastes like remember...only more fueling! works out less 2 per serving.",46
1633132244809252865,"@MrTD88 I usually can drink it with water. But if I’m making a shake I do 10 oz unsweetened vanilla oatmilk. 2-3 oz blueberries. Ice. Some monk fruit sweetener. Cinnamon. Nutmeg. Dash of vanilla. And 1-2 scoops of protein powder. 

Or I’ll just use oatmilk if not water lmao",Tue Mar 07 15:47:23 +0000 2023,,,4844,1,0,1,en,monk fruit protein shake,2026-05-13T14:39:31.566200,twitter,i usually can drink it with water. but if im making a shake i do 10 oz unsweetened vanilla oatmilk. 2-3 oz blueberries. ice. some monk fruit sweetener. cinnamon. nutmeg. dash of vanilla. and 1-2 scoops of protein powder. or ill just use oatmilk if not water lmao,usually drink water. im making shake 10 oz unsweetened vanilla oatmilk. 2-3 oz blueberries. ice. some monk fruit sweetener. cinnamon. nutmeg. dash vanilla. and 1-2 scoops protein powder. ill use oatmilk water lmao,48
1617318721097179136,"@AuntBethanyGris No sugar just monk fruit. Comes in both granular and powdered sugar form. Won't spike sugar or cause weight gain. Drink w/coffee and 1/2 &amp; 1\2. Around noon I eat 3 eggs with keto bread and greens, dinner can be average dinner or shake with lots of greens and protein, it works!",Mon Jan 23 00:30:06 +0000 2023,,,465,1,0,0,en,monk fruit protein shake,2026-05-13T14:39:31.566202,twitter,"no sugar just monk fruit. comes in both granular and powdered sugar form. won't spike sugar or cause weight gain. drink wcoffee and 12 amp 12. around noon i eat 3 eggs with keto bread and greens, dinner can be average dinner or shake with lots of greens and protein, it works!","no sugar monk fruit. comes both granular and powdered sugar form. won't spike sugar cause weight gain. drink wcoffee and 12 amp 12. around noon eat 3 eggs keto bread and greens, dinner average dinner shake lots greens and protein, works!",52
2048707260181045497,"@wahabrjb setelah latihan makan banyakin protein (biar recovery ne cepet) atau kalo km ada budget lebih beli whey protein, 

kalo aku sebisa mungkin no gorengan, no tepung, no santan and no pemanis buatan,",Mon Apr 27 10:14:08 +0000 2026,,,242,0,0,1,id,pemanis buatan protein,2026-05-13T14:39:42.355055,twitter,"setelah latihan makan banyakin protein biar recovery ne cepet atau kalo km ada budget lebih beli whey protein, kalo aku sebisa mungkin no gorengan, no tepung, no santan and no pemanis buatan,","setelah latihan makan banyakin protein biar recovery ne cepet atau kalo km budget lebih beli whey protein, kalo sebisa mungkin no gorengan, no tepung, no santan and no pemanis buatan,",32
2046016145426182163,"bidan: dirasakan kontraksinya, kayak mau ke belakang, mual, durasinya 30 detik dengan jeda 30 menit. itu buat makan ga enak,
bidan: nah tugasmu mas, suapin istri sedikit sedikit dan sering. tapi jangan yang pemanis buatan. banyakin protein buat energi. yang bikin kenyang tu",Mon Apr 20 00:00:36 +0000 2026,,,317,0,0,1,id,pemanis buatan protein,2026-05-13T14:39:42.355070,twitter,"bidan dirasakan kontraksinya, kayak mau ke belakang, mual, durasinya 30 detik dengan jeda 30 menit. itu buat makan tidak enak, bidan nah tugasmu mas, suapin istri sedikit sedikit dan sering. tapi jangan yang pemanis buatan. banyakin protein buat energi. yang bikin kenyang tu","bidan dirasakan kontraksinya, kayak mau belakang, mual, durasinya 30 detik jeda 30 menit. buat makan tidak enak, bidan nah tugasmu mas, suapin istri sedikit sedikit sering. tapi jangan pemanis buatan. banyakin protein buat energi. bikin kenyang tu",43
2045087916758901224,"@Achmad306656290 @DakotaGeorgy MBG itu tujuaannya supaya asupan karbo, protein dan serat berimbang. Juga menghindari rasa yg terlalu kuat (pedas), pewarna, perasa, pemanis buatan. Semuanya itu ada di JukNis MBG.
Kalau diberikan ke UMKM, lalu siapa yg mengawasi proses produksi makanan mereka?",Fri Apr 17 10:32:09 +0000 2026,,,43,0,0,1,id,pemanis buatan protein,2026-05-13T14:39:42.355073,twitter,"mbg itu tujuaannya supaya asupan karbo, protein dan serat berimbang. juga menghindari rasa yang terlalu kuat pedas, pewarna, perasa, pemanis buatan. semuanya itu ada di juknis mbg. kalau diberikan ke umkm, lalu siapa yang mengawasi proses produksi makanan mereka?","mbg tujuaannya supaya asupan karbo, protein serat berimbang. menghindari rasa terlalu kuat pedas, pewarna, perasa, pemanis buatan. semuanya juknis mbg. kalau diberikan umkm, lalu siapa mengawasi proses produksi makanan mereka?",39
2041762773676536093,"Ko yang ini pekat ya warna nya ? 
Ya karna ini mengadung caramel jadi lebih pekat rasa nya manis tapi tanpa penambah pemanis buatan ya . 
Sumber protein juga , bisa di konsumsi anak 3th keatas ya mam 😍 https://t.co/5CmqhoyXbm",Wed Apr 08 06:19:14 +0000 2026,,,228,0,0,0,id,pemanis buatan protein,2026-05-13T14:39:42.355075,twitter,"ko yang ini pekat ya warna nya ? ya karna ini mengadung caramel jadi lebih pekat rasa nya manis tapi tanpa penambah pemanis buatan ya . sumber protein juga , bisa di konsumsi anak 3th keatas ya mam","ko pekat ya warna nya ? ya karna mengadung caramel jadi lebih pekat rasa nya manis tapi tanpa penambah pemanis buatan ya . sumber protein , bisa konsumsi anak 3th keatas ya mam",38
2033051419218210986,"@AZulfajrin @Allan_Ottonx @faridzdzdz @foodwillrescue Emang oon. Gurunya jg oversimplified, asam amino ≠ protein, trus langsung bilang kebanyakan pemanis buatan dari protein.",Sun Mar 15 05:23:25 +0000 2026,,,237,1,0,1,id,pemanis buatan protein,2026-05-13T14:39:42.355077,twitter,"emang oon. gurunya juga oversimplified, asam amino protein, trus langsung bilang kebanyakan pemanis buatan dari protein.","emang oon. gurunya oversimplified, asam amino protein, trus langsung bilang kebanyakan pemanis buatan protein.",16
2033049870458827189,"@AZulfajrin @Allan_Ottonx @faridzdzdz @foodwillrescue Dia bilang “kayak gitu”, ya bisa jadi emang guru oonnya merujuk ke stevia jg. Faktanya bahkan kebanyakan pemanis buatan asalnya bukan dari protein.",Sun Mar 15 05:17:16 +0000 2026,,,237,2,0,1,id,pemanis buatan protein,2026-05-13T14:39:42.355079,twitter,"dia bilang kayak gitu, ya bisa jadi emang guru oonnya merujuk ke stevia jg. faktanya bahkan kebanyakan pemanis buatan asalnya bukan dari protein.","bilang kayak gitu, ya bisa jadi emang guru oonnya merujuk stevia jg. faktanya bahkan kebanyakan pemanis buatan asalnya bukan protein.",23
2033009061093061079,"@foodwillrescue kata guru biologi pas kelas 3 sma, pemanis buatan kyk gt bkn pake karbohidrat tp pake protein, dan protein kyk gt kalo sering2 bs ngerusak sel di dalam tubuh",Sun Mar 15 02:35:06 +0000 2026,,,766,0,0,11,id,pemanis buatan protein,2026-05-13T14:39:42.355081,twitter,"kata guru biologi pas kelas 3 sma, pemanis buatan kayak gt bukan pake karbohidrat tapi pake protein, dan protein kayak gt kalo sering2 bisa ngerusak sel di dalam tubuh","kata guru biologi pas kelas 3 sma, pemanis buatan kayak gt bukan pake karbohidrat tapi pake protein, protein kayak gt kalo sering2 bisa ngerusak sel tubuh",29
2024368135755985122,"Bubur Kacang Hijau: Tinggi serat dan protein, bikin kenyang lebih lama (tapi kurangi santannya ya!).

Air Kelapa Murni: Hidrasi terbaik buat ganti elektrolit tanpa tambahan pemanis buatan.

Di Bloom360, diet kamu jadi jauh lebih terarah dengan sistem yang sudah terbukti efektif.",Thu Feb 19 06:19:09 +0000 2026,,,1028,0,0,1,id,pemanis buatan protein,2026-05-13T14:39:42.355083,twitter,"bubur kacang hijau tinggi serat dan protein, bikin kenyang lebih lama tapi kurangi santannya ya!. air kelapa murni hidrasi terbaik buat ganti elektrolit tanpa tambahan pemanis buatan. di bloom360, diet kamu jadi jauh lebih terarah dengan sistem yang sudah terbukti efektif.","bubur kacang hijau tinggi serat protein, bikin kenyang lebih lama tapi kurangi santannya ya!. air kelapa murni hidrasi terbaik buat ganti elektrolit tanpa tambahan pemanis buatan. bloom360, diet jadi jauh lebih terarah sistem terbukti efektif.",41
2019805954322366783,"@alteravakucing Tinggi pemanis buatan, pengawet, tepung dan minim serat apalagi protein ya Allah 😭😭😭",Fri Feb 06 16:10:40 +0000 2026,,,523,0,0,1,id,pemanis buatan protein,2026-05-13T14:39:42.355085,twitter,"tinggi pemanis buatan, pengawet, tepung dan minim serat apalagi protein ya allah","tinggi pemanis buatan, pengawet, tepung minim serat apalagi protein ya allah",12
1926142034743578823,"@dindahahaaaa kacang”an masih gapapa, sumber protein &amp; lemak nabati

amis? ikan? protein tinggi dong

manis jg gapapa, asal dari buah, gula pasir asli (tdk melebihi batas harian), atau lebih baik stevia/tropicana dsb, yg bahaya itu pemanis buatan yg ada di minumal kemasan",Sat May 24 05:03:41 +0000 2025,,,147,0,0,1,id,pemanis buatan protein,2026-05-13T14:39:42.355087,twitter,"kacangan masih gapapa, sumber protein amp lemak nabati amis? ikan? protein tinggi manis juga gapapa, asal dari buah, gula pasir asli tdk melebihi batas harian, atau lebih baik steviatropicana dsb, yang bahaya itu pemanis buatan yang ada di minumal kemasan","kacangan masih gapapa, sumber protein amp lemak nabati amis? ikan? protein tinggi manis gapapa, asal buah, gula pasir asli tdk melebihi batas harian, atau lebih baik steviatropicana dsb, bahaya pemanis buatan minumal kemasan",40
1915415817103302777,"Selain sering digunakan sebagai tanaman hias dan menjadi bahan pemanis buatan, agave juga memiliki banyak khasiat untuk kesehatan. Yuk, simak kandungan nutrisi di dalamnya hingga cara menggunakannya di bawah ini. Kandungan Tanaman Agave Agave adalah tanaman herbal yang dijadikan",Thu Apr 24 14:41:32 +0000 2025,,,7401,1,0,1,id,pemanis buatan protein,2026-05-13T14:39:42.355090,twitter,"selain sering digunakan sebagai tanaman hias dan menjadi bahan pemanis buatan, agave juga memiliki banyak khasiat untuk kesehatan. yuk, simak kandungan nutrisi di dalamnya hingga cara menggunakannya di bawah ini. kandungan tanaman agave agave adalah tanaman herbal yang dijadikan","selain sering digunakan sebagai tanaman hias menjadi bahan pemanis buatan, agave memiliki banyak khasiat kesehatan. yuk, simak kandungan nutrisi dalamnya hingga cara menggunakannya bawah ini. kandungan tanaman agave agave tanaman herbal dijadikan",39
1904406609918632210,"Mitos atau fakta: makanan ""instan"" selalu tidak sehat? Yang membuat makanan instan kurang sehat adalah ""4P"": pengawet, perasa, pemanis, dan pewarna buatan. Jika makan mie instan, kombinasikan dengan protein (ayam/telur) dan sayuran untuk menyeimbangkan nutrisi.",Tue Mar 25 05:34:52 +0000 2025,,,5,0,0,1,id,pemanis buatan protein,2026-05-13T14:39:42.355092,twitter,"mitos atau fakta makanan instan selalu tidak sehat? yang membuat makanan instan kurang sehat adalah 4p pengawet, perasa, pemanis, dan pewarna buatan. jika makan mie instan, kombinasikan dengan protein ayamtelur dan sayuran untuk menyeimbangkan nutrisi.","mitos atau fakta makanan instan selalu tidak sehat? membuat makanan instan kurang sehat 4p pengawet, perasa, pemanis, pewarna buatan. jika makan mie instan, kombinasikan protein ayamtelur sayuran menyeimbangkan nutrisi.",35
1899937388102910046,"Namanya Skinnie Power Puffs!
✨ Kaya protein (dari kacang mete, kedelai, sorghum, dll.)
✨ Tinggi serat, bantu pencernaan lebih lancar
✨ Gak digoreng = lebih sehat!
✨ No MSG, no pemanis buatan, full bahan https://t.co/hFGEYgTzbO",Wed Mar 12 21:35:47 +0000 2025,,,3253,0,0,1,id,pemanis buatan protein,2026-05-13T14:39:42.355094,twitter,"namanya skinnie power puffs! kayak protein dari kacang mete, kedelai, sorghum, dll. tinggi serat, bantu pencernaan lebih lancar tidak digoreng lebih sehat! no msg, no pemanis buatan, full bahan","namanya skinnie power puffs! kayak protein kacang mete, kedelai, sorghum, dll. tinggi serat, bantu pencernaan lebih lancar tidak digoreng lebih sehat! no msg, no pemanis buatan, full bahan",29
1880009364561608880,"Mengontrol Gula Darah
Serat dan protein tinggi yang terkandung dalam arcis akan memperlambat proses pengolahan gula dan hebatnya lagi, dalam arcis tidak mengandung ekstra gula seperti yang terkandung dalam gula putih atau pemanis buatan. Ini sangat baik untuk mengontrol kadar",Thu Jan 16 21:48:56 +0000 2025,,,7401,1,0,1,id,pemanis buatan protein,2026-05-13T14:39:42.355096,twitter,"mengontrol gula darah serat dan protein tinggi yang terkandung dalam arcis akan memperlambat proses pengolahan gula dan hebatnya lagi, dalam arcis tidak mengandung ekstra gula seperti yang terkandung dalam gula putih atau pemanis buatan. ini sangat baik untuk mengontrol kadar","mengontrol gula darah serat protein tinggi terkandung arcis memperlambat proses pengolahan gula hebatnya lagi, arcis tidak mengandung ekstra gula seperti terkandung gula putih atau pemanis buatan. sangat baik mengontrol kadar",40
1873977970433679865,"4. Pengaruh Yogurt terhadap Kesehatan Fisik dan Mental

Yogurt merupakan sumber probiotik yang sangat baik, yang berperan dalam menjaga keseimbangan mikroflora usus. Probiotik dalam yogurt dapat membantu meningkatkan pencernaan dan mendukung sistem kekebalan tubuh. Selain itu, https://t.co/mQt5h9tr1W",Tue Dec 31 06:22:19 +0000 2024,,,3944,101,0,201,id,pemanis buatan protein,2026-05-13T14:39:42.355098,twitter,"4. pengaruh yogurt terhadap kesehatan fisik dan mental yogurt merupakan sumber probiotik yang sangat baik, yang berperan dalam menjaga keseimbangan mikroflora usus. probiotik dalam yogurt dapat membantu meningkatkan pencernaan dan mendukung sistem kekebalan tubuh. selain itu,","4. pengaruh yogurt terhadap kesehatan fisik mental yogurt merupakan sumber probiotik sangat baik, berperan menjaga keseimbangan mikroflora usus. probiotik yogurt dapat membantu meningkatkan pencernaan mendukung sistem kekebalan tubuh. selain itu,",36
1872107472074514563,"4. Protein Bar
Protein bar jadi makanan andalan pelaku hidup sehat dan mereka yang ingin fokus membangun massa otot. Namun waspadai konsumsinya karena banyak protein bar kemasan di pasaran mengandung perasa dan pemanis buatan. https://t.co/l20zz04foK",Thu Dec 26 02:29:38 +0000 2024,,,1519,0,0,1,id,pemanis buatan protein,2026-05-13T14:39:42.355100,twitter,4. protein bar protein bar jadi makanan andalan pelaku hidup sehat dan mereka yang ingin fokus membangun massa otot. namun waspadai konsumsinya karena banyak protein bar kemasan di pasaran mengandung perasa dan pemanis buatan.,4. protein bar protein bar jadi makanan andalan pelaku hidup sehat ingin fokus membangun massa otot. namun waspadai konsumsinya karena banyak protein bar kemasan pasaran mengandung perasa pemanis buatan.,34
1870127201263464521,2 tahun lalu kuliah di jatim aja 10k cuma dapet ayam geprek yg gede tepungnya sama teh pemanis buatan 1 cup doang. Dunia paralel banget kalo di jakarta 10k udah dapet nasi lauk pauk 2 protein free refill minuman,Fri Dec 20 15:20:44 +0000 2024,,,295,0,0,0,id,pemanis buatan protein,2026-05-13T14:39:42.355102,twitter,2 tahun lalu kuliah di jatim aja 10k cuma dapet ayam geprek yang gede tepungnya sama teh pemanis buatan 1 cup doang. dunia paralel banget kalo di jakarta 10k sudah dapet nasi lauk pauk 2 protein free refill minuman,2 tahun lalu kuliah jatim aja 10k cuma dapet ayam geprek gede tepungnya sama teh pemanis buatan 1 cup doang. dunia paralel banget kalo jakarta 10k dapet nasi lauk pauk 2 protein free refill minuman,39
1867499415755534370,"Btw ini dipanggang yaa bukan digoreng, makanya kalorinya rendah cuma 250/bks klo ciki” lain biasanya 300-400an kkal/bks.

Komposisinya ini tinggi serat, tinggi protein, dan tanpa pemanis buatan jga 👌🏻 https://t.co/TNSRWeT9ZQ",Fri Dec 13 09:18:51 +0000 2024,,,2519,4,0,1,id,pemanis buatan protein,2026-05-13T14:39:42.355104,twitter,"btw ini dipanggang yaa bukan digoreng, makanya kalorinya rendah cuma 250bks klo ciki lain biasanya 300-400an kkalbks. komposisinya ini tinggi serat, tinggi protein, dan tanpa pemanis buatan juga","btw dipanggang yaa bukan digoreng, makanya kalorinya rendah cuma 250bks klo ciki lain biasanya 300-400an kkalbks. komposisinya tinggi serat, tinggi protein, tanpa pemanis buatan",28
1867082446979858879,"❤️ healthy instant food
bahan fresh dan premium. tinggi protein dan serat. rendah kalori. no pengawet. tanpa pewarna pemanis buatan. tahan suhu ruangan 6 bulan. 
https://t.co/19IiztSaI8",Thu Dec 12 05:41:58 +0000 2024,,,6191,4,2,1,id,pemanis buatan protein,2026-05-13T14:39:42.355106,twitter,healthy instant food bahan fresh dan premium. tinggi protein dan serat. rendah kalori. no pengawet. tanpa pewarna pemanis buatan. tahan suhu ruangan 6 bulan.,healthy instant food bahan fresh premium. tinggi protein serat. rendah kalori. no pengawet. tanpa pewarna pemanis buatan. tahan suhu ruangan 6 bulan.,24
1866451674870829476,"ini tuh cemilan kayak ciki tapi beda. ini high protein dan fiber. gak digoreng. gak pake MSG. gak pake pemanis buatan. dan wownya rasanya tetep gurih enak lho

kaum mendang mending cepet nih mumpung beli 3 gratis 2
https://t.co/7WLh0vNzAT",Tue Dec 10 11:55:30 +0000 2024,,,6191,7,3,1,id,pemanis buatan protein,2026-05-13T14:39:42.355108,twitter,ini tuh cemilan kayak ciki tapi beda. ini high protein dan fiber. tidak digoreng. tidak pake msg. tidak pake pemanis buatan. dan wownya rasanya tetep gurih enak kaum mendang mending cepet mumpung beli 3 gratis 2,tuh cemilan kayak ciki tapi beda. high protein fiber. tidak digoreng. tidak pake msg. tidak pake pemanis buatan. wownya rasanya tetep gurih enak kaum mendang mending cepet mumpung beli 3 gratis 2,36
1864653891360706674,"Ultra Processed Food merupakan makanan atau minuman yang diproses dengan formulasi industri seperti sirup jagung fruktosa tinggi, maltodekstrin, isolat protein, dan aditif kosmetik seperti warna, rasa, penambah rasa, pengemulsi, pengental, dan pemanis buatan. 2",Thu Dec 05 12:51:45 +0000 2024,,,65,0,0,1,id,pemanis buatan protein,2026-05-13T14:39:45.460326,twitter,"ultra processed food merupakan makanan atau minuman yang diproses dengan formulasi industri seperti sirup jagung fruktosa tinggi, maltodekstrin, isolat protein, dan aditif kosmetik seperti warna, rasa, penambah rasa, pengemulsi, pengental, dan pemanis buatan. 2","ultra processed food merupakan makanan atau minuman diproses formulasi industri seperti sirup jagung fruktosa tinggi, maltodekstrin, isolat protein, aditif kosmetik seperti warna, rasa, penambah rasa, pengemulsi, pengental, pemanis buatan. 2",34
1859875471313469647,"snack ini tinggi protein dan serat karna terbuat dari kacang-kacangan dan biji-bijian trus udah gitu ga mengandung micin/MSG ataupun pemanis buatan, ditambah lagi ini tuh ga digoreng tapi dipanggang jadi ga berminyak snacknya https://t.co/fvTBUpUd4c",Fri Nov 22 08:24:01 +0000 2024,,,12154,0,0,1,id,pemanis buatan protein,2026-05-13T14:39:45.460340,twitter,"snack ini tinggi protein dan serat karna terbuat dari kacang-kacangan dan biji-bijian trus sudah gitu tidak mengandung micinmsg ataupun pemanis buatan, ditambah lagi ini tuh tidak digoreng tapi dipanggang jadi tidak berminyak snacknya","snack tinggi protein serat karna terbuat kacang-kacangan biji-bijian trus gitu tidak mengandung micinmsg ataupun pemanis buatan, ditambah lagi tuh tidak digoreng tapi dipanggang jadi tidak berminyak snacknya",33
1854788456570143171,"@tapesvtry Selama dalam konsumsi yang wajar gak ada masalah, dan bukan protein shake dengan pemanis buatan atau perasa buatan yang excessive. 
Karena tujuannya adalah capai maximum protein intake dengan kalori minim dan gula minim juga.",Fri Nov 08 07:30:03 +0000 2024,,,40,0,0,1,id,pemanis buatan protein,2026-05-13T14:39:45.460343,twitter,"selama dalam konsumsi yang wajar tidak ada masalah, dan bukan protein shake dengan pemanis buatan atau perasa buatan yang excessive. karena tujuannya adalah capai maximum protein intake dengan kalori minim dan gula minim juga.","selama konsumsi wajar tidak masalah, bukan protein shake pemanis buatan atau perasa buatan excessive. karena tujuannya capai maximum protein intake kalori minim gula minim juga.",34
1849726832792473712,"1. Mulai dengan Makanan Utuh dan Alami 

Langkah pertama yakni fokus pada makanan utuh minim proses pengolahan. Diantaranya buah-buahan, sayuran, biji-bijian, hingga protein hewani segar. Cobalah untuk memilih makanan yang bisa ditemukan dalam bentuk aslinya di alam dan hindari",Fri Oct 25 08:16:57 +0000 2024,,,23277,2,2,1,id,pemanis buatan protein,2026-05-13T14:39:45.460345,twitter,"1. mulai dengan makanan utuh dan alami langkah pertama yakni fokus pada makanan utuh minim proses pengolahan. diantaranya buah-buahan, sayuran, biji-bijian, hingga protein hewani segar. cobalah untuk memilih makanan yang bisa ditemukan dalam bentuk aslinya di alam dan hindari","1. mulai makanan utuh alami langkah pertama yakni fokus makanan utuh minim proses pengolahan. diantaranya buah-buahan, sayuran, biji-bijian, hingga protein hewani segar. cobalah memilih makanan bisa ditemukan bentuk aslinya alam hindari",39
1848394529189372337,"Didapur juga harus belajar &amp; sekolah yg tinggi, biar bisa bedain karbo &amp; protein, gula atau pemanis buatan, sekaligus cara pengolahan makanan. Intinya perempuan harus cerdas meskipun cuma ‘masak doang’ 🥰✨",Mon Oct 21 16:02:51 +0000 2024,,,1220,4,1,0,id,pemanis buatan protein,2026-05-13T14:39:45.460347,twitter,"didapur juga harus belajar amp sekolah yang tinggi, biar bisa bedain karbo amp protein, gula atau pemanis buatan, sekaligus cara pengolahan makanan. intinya perempuan harus cerdas meskipun cuma masak doang","didapur harus belajar amp sekolah tinggi, biar bisa bedain karbo amp protein, gula atau pemanis buatan, sekaligus cara pengolahan makanan. intinya perempuan harus cerdas meskipun cuma masak doang",30
1837658916945383925,"@Mdy_Asmara1701 Bukan susu lho... Ini protein (hewani) ikan yg di extraksi untuk mempermudah penyajian 
Tp knp perlu ada pemanis buatan?
Dlm jangka wkt lama akan berpengaruh PD fisik anak, wlw kebutuhan protein hewani terpenuhi 

Protein ikan bukan SUSU",Sun Sep 22 01:03:22 +0000 2024,,,94,0,0,1,id,pemanis buatan protein,2026-05-13T14:39:45.460349,twitter,"bukan susu lho... ini protein hewani ikan yang di extraksi untuk mempermudah penyajian tapi knp perlu ada pemanis buatan? dlm jangka wkt lama akan berpengaruh pd fisik anak, wlw kebutuhan protein hewani terpenuhi protein ikan bukan susu","bukan susu lho... protein hewani ikan extraksi mempermudah penyajian tapi knp perlu pemanis buatan? dlm jangka wkt lama berpengaruh pd fisik anak, wlw kebutuhan protein hewani terpenuhi protein ikan bukan susu",37
1820148963628253619,"Untuk mencegah hiperglikemia dan menjaga kadar gula darah tetap normal, Anda dapat menerapkan beberapa kebiasaan sehat, seperti:
1.Membatasi Konsumsi Makanan dan Minuman Tinggi Karbohidrat, Gula, dan Pemanis Buatan: Batasi konsumsi makanan dan minuman manis, seperti kue, cokelat,",Sun Aug 04 17:25:04 +0000 2024,,,18055,13,0,1,id,pemanis buatan protein,2026-05-13T14:39:45.460351,twitter,"untuk mencegah hiperglikemia dan menjaga kadar gula darah tetap normal, anda dapat menerapkan beberapa kebiasaan sehat, seperti 1.membatasi konsumsi makanan dan minuman tinggi karbohidrat, gula, dan pemanis buatan batasi konsumsi makanan dan minuman manis, seperti kue, cokelat,","mencegah hiperglikemia menjaga kadar gula darah tetap normal, anda dapat menerapkan beberapa kebiasaan sehat, seperti 1.membatasi konsumsi makanan minuman tinggi karbohidrat, gula, pemanis buatan batasi konsumsi makanan minuman manis, seperti kue, cokelat,",37
1817616321233965563,"@Arinazans @convomf nunggu sekitar 15 menit, terus masukin protein deh. sedikit ngurangin karbo dan pemanis buatan, itu ngaruh banget diaku:""",Sun Jul 28 17:41:15 +0000 2024,,,446,0,0,0,id,pemanis buatan protein,2026-05-13T14:39:45.460353,twitter,"nunggu sekitar 15 menit, terus masukin protein deh. sedikit ngurangin karbo dan pemanis buatan, itu ngaruh banget diaku","nunggu sekitar 15 menit, terus masukin protein deh. sedikit ngurangin karbo pemanis buatan, ngaruh banget diaku",18
1806993079897145614,"Cek Snack Sehat PROTY Chicken Chips Original (1 pcs) - Keripik Daging Ayam Krispi - Snack Cemilan Protein Sehat - 18 gr - Non MSG, pengawet, pewarna, pemanis buatan dengan harga Rp21.800. Dapatkan di Shopee sekarang! #EpicBlockbusterKalki #Solana https://t.co/v63u0FPpet https://t.co/7QxuGshmn5",Sat Jun 29 10:08:17 +0000 2024,,,51,2,0,0,id,pemanis buatan protein,2026-05-13T14:39:45.460355,twitter,"cek snack sehat proty chicken chips original 1 pcs - keripik daging ayam krispi - snack cemilan protein sehat - 18 gr - non msg, pengawet, pewarna, pemanis buatan dengan harga rp21.800. dapatkan di shopee sekarang! epicblockbusterkalki solana","cek snack sehat proty chicken chips original 1 pcs - keripik daging ayam krispi - snack cemilan protein sehat - 18 gr - non msg, pengawet, pewarna, pemanis buatan harga rp21.800. dapatkan shopee sekarang! epicblockbusterkalki solana",38
1799430161701679595,"Baru ngeh semalem sambil minum protein drink 0 gr gula. Ternyata di komposisinya ada pemanis buatan. Pantesan gak hambar. Trus mau coba produk minuman protein lainnya, sama2 0 gr gula dan pakai pemanis buatan juga. Hmmm, apakah kudu coba yang bener2 100% kedelai tanpa rasa2? 🤔",Sat Jun 08 13:15:57 +0000 2024,,,715,0,0,0,id,pemanis buatan protein,2026-05-13T14:39:45.460357,twitter,"baru ngeh semalem sambil minum protein drink 0 gr gula. ternyata di komposisinya ada pemanis buatan. pantesan tidak hambar. trus mau coba produk minuman protein lainnya, sama2 0 gr gula dan pakai pemanis buatan juga. hmmm, apakah kudu coba yang bener2 100 kedelai tanpa rasa2?","baru ngeh semalem sambil minum protein drink 0 gr gula. ternyata komposisinya pemanis buatan. pantesan tidak hambar. trus mau coba produk minuman protein lainnya, sama2 0 gr gula pakai pemanis buatan juga. hmmm, apakah kudu coba bener2 100 kedelai tanpa rasa2?",45
1794190699094790654,"Cek Snack Protein Anak Anti GTM - PROTY Original (Bundle 3 pcs) Chicken Chips - Bikin Lahap Anak Susah Makan (Gerakan Tutup Mulut) - Non MSG, pengawet, pewarna, pemanis buatan dengan harga Rp55.800. Dapatkan di Shopee sekarang! https://t.co/PcQpCc1hb2 https://t.co/lx7kIjDxbT",Sat May 25 02:16:11 +0000 2024,,,12,0,0,0,id,pemanis buatan protein,2026-05-13T14:39:45.460358,twitter,"cek snack protein anak anti gtm - proty original bundle 3 pcs chicken chips - bikin lahap anak susah makan gerakan tutup mulut - non msg, pengawet, pewarna, pemanis buatan dengan harga rp55.800. dapatkan di shopee sekarang!","cek snack protein anak anti gtm - proty original bundle 3 pcs chicken chips - bikin lahap anak susah makan gerakan tutup mulut - non msg, pengawet, pewarna, pemanis buatan harga rp55.800. dapatkan shopee sekarang!",37
1787866593122537845,"@prittandrani Bisa dilihat di ingredients biasanya ditulis: aspartam, sukralosa, sorbitol dan jenis2 lainnya. Yakult less sugar, whey protein biasa ada tulis sih. Kalo ada rasa2 cokelat dll tapi klaim ga ada sugar, biasanya pake pemanis buatan 😆",Tue May 07 15:26:27 +0000 2024,,,210,0,0,1,id,pemanis buatan protein,2026-05-13T14:39:45.460360,twitter,"bisa dilihat di ingredients biasanya ditulis aspartam, sukralosa, sorbitol dan jenis2 lainnya. yakult less sugar, whey protein biasa ada tulis sih. kalo ada rasa2 cokelat dll tapi klaim tidak ada sugar, biasanya pake pemanis buatan","bisa dilihat ingredients biasanya ditulis aspartam, sukralosa, sorbitol jenis2 lainnya. yakult less sugar, whey protein biasa tulis sih. kalo rasa2 cokelat dll tapi klaim tidak sugar, biasanya pake pemanis buatan",35
1770853628963672096,"@Harun_albar Ini kurang lengkap dok, yg fruktosa tinggi itu, justru di Sirup Jagung, itu jadi pemanis buatan di permen, cola, minuman boba.  Diet buah yg tinggi, juga keliru, kandungan makro nutrisi nya belum terpenuhi, kurang lemak dan protein. Yg tidak boleh juga, gaya hidup sendentary",Thu Mar 21 16:43:00 +0000 2024,,,1,0,0,2,id,pemanis buatan protein,2026-05-13T14:39:45.460362,twitter,"ini kurang lengkap dok, yang fruktosa tinggi itu, justru di sirup jagung, itu jadi pemanis buatan di permen, cola, minuman boba. diet buah yang tinggi, juga keliru, kandungan makro nutrisi nya belum terpenuhi, kurang lemak dan protein. yang tidak boleh juga, gaya hidup sendentary","kurang lengkap dok, fruktosa tinggi itu, justru sirup jagung, jadi pemanis buatan permen, cola, minuman boba. diet buah tinggi, keliru, kandungan makro nutrisi nya belum terpenuhi, kurang lemak protein. tidak boleh juga, gaya hidup sendentary",44
1766269074915602809,"@aan__ Yg dihindari: alkohol, gula &amp; pemanis buatan, daging merah berlemak, kulit ayam, jerohan, minuman kemasan, seafood, bakery products, bayam, kembang kol, sawo, jambu biji
Yg disarankan: sayuran &amp; buah tinggi serat, protein, pare, berries, kunyit, jahe. Minum air &amp; olahraga",Sat Mar 09 01:05:37 +0000 2024,,,538,0,1,0,id,pemanis buatan protein,2026-05-13T14:39:45.460364,twitter,"yang dihindari alkohol, gula amp pemanis buatan, daging merah berlemak, kulit ayam, jerohan, minuman kemasan, seafood, bakery products, bayam, kembang kol, sawo, jambu biji yang disarankan sayuran amp buah tinggi serat, protein, pare, berries, kunyit, jahe. minum air amp olahraga","dihindari alkohol, gula amp pemanis buatan, daging merah berlemak, kulit ayam, jerohan, minuman kemasan, seafood, bakery products, bayam, kembang kol, sawo, jambu biji disarankan sayuran amp buah tinggi serat, protein, pare, berries, kunyit, jahe. minum air amp olahraga",40
1752578398814363719,"Madu vs Diabet

Apakah madu aman dikonsumsi oleh penderita diabetes? Tidakkah madu yang rasanya “manis” justru akan meningkatkan kadar gula darah? Dalam The Journal of Medical Food tahun 2004, Waili NS melaporkan penelitian tentang efek madu terhadap glukosa plasma, Creactive https://t.co/XaoBmNIB8W",Wed Jan 31 06:23:46 +0000 2024,,,74944,63,31,4,id,pemanis buatan protein,2026-05-13T14:39:45.460366,twitter,"madu vs diabet apakah madu aman dikonsumsi oleh penderita diabetes? tidakkah madu yang rasanya manis justru akan meningkatkan kadar gula darah? dalam the journal of medical food tahun 2004, waili ns melaporkan penelitian tentang efek madu terhadap glukosa plasma, creactive","madu vs diabet apakah madu aman dikonsumsi oleh penderita diabetes? tidakkah madu rasanya manis justru meningkatkan kadar gula darah? journal medical food tahun 2004, waili ns melaporkan penelitian tentang efek madu terhadap glukosa plasma, creactive",40
1749059246510198917,"@haryantohari Madu vs Diabet

Apakah madu aman dikonsumsi oleh penderita diabetes? Tidakkah madu yang rasanya “manis” justru akan meningkatkan kadar gula darah? Dalam The Journal of Medical Food tahun 2004, Waili NS melaporkan penelitian tentang efek madu terhadap glukosa plasma, Creactive",Sun Jan 21 13:19:54 +0000 2024,,,74944,1,0,0,id,pemanis buatan protein,2026-05-13T14:39:45.460368,twitter,"madu vs diabet apakah madu aman dikonsumsi oleh penderita diabetes? tidakkah madu yang rasanya manis justru akan meningkatkan kadar gula darah? dalam the journal of medical food tahun 2004, waili ns melaporkan penelitian tentang efek madu terhadap glukosa plasma, creactive","madu vs diabet apakah madu aman dikonsumsi oleh penderita diabetes? tidakkah madu rasanya manis justru meningkatkan kadar gula darah? journal medical food tahun 2004, waili ns melaporkan penelitian tentang efek madu terhadap glukosa plasma, creactive",40
1727668937692000501,"Madu vs Diabetes

Apakah madu aman dikonsumsi oleh penderita diabetes? 
Tidakkah madu yang rasanya “manis” justru akan meningkatkan kadar gula darah? 

Dalam The Journal of Medical Food tahun 2004, Waili NS melaporkan penelitian tentang efek madu terhadap glukosa plasma, https://t.co/d5gyhIidvd",Thu Nov 23 12:42:27 +0000 2023,,,74944,152,58,3,id,pemanis buatan protein,2026-05-13T14:39:45.460370,twitter,"madu vs diabetes apakah madu aman dikonsumsi oleh penderita diabetes? tidakkah madu yang rasanya manis justru akan meningkatkan kadar gula darah? dalam the journal of medical food tahun 2004, waili ns melaporkan penelitian tentang efek madu terhadap glukosa plasma,","madu vs diabetes apakah madu aman dikonsumsi oleh penderita diabetes? tidakkah madu rasanya manis justru meningkatkan kadar gula darah? journal medical food tahun 2004, waili ns melaporkan penelitian tentang efek madu terhadap glukosa plasma,",39
1722055742243647854,"Defisit kalori ❌
Diet ❌

Makan sebanyak apa pun, asal:
- sayuran/buah ✅
- protein ✅
- lemak ✅

Hindari:
- karbohidrat (nasi, tepung) ❌
- pemanis(gula, buatan) ❌
- ultra proses food ❌

Fokus kualitas kalori yg dikonsumsi, bukan kuantitas.",Wed Nov 08 00:57:37 +0000 2023,,,508,3,0,0,id,pemanis buatan protein,2026-05-13T14:39:45.460372,twitter,"defisit kalori diet makan sebanyak apa pun, asal - sayuranbuah - protein - lemak hindari - karbohidrat nasi, tepung - pemanisgula, buatan - ultra proses food fokus kualitas kalori yang dikonsumsi, bukan kuantitas.","defisit kalori diet makan sebanyak apa pun, asal - sayuranbuah - protein - lemak hindari - karbohidrat nasi, tepung - pemanisgula, buatan - ultra proses food fokus kualitas kalori dikonsumsi, bukan kuantitas.",33
1712702701585485911,"Suplemenku:
1. Olahraga dan keringat
2. Paparan matahari
3. Banyakin air putih
4. Utamakan protein dan lemak sehat
5. Kurangi pemanis buatan
6. Tidur yg berkualitas
7. Stretching sendiri setiap minggu",Fri Oct 13 05:31:59 +0000 2023,,,806,0,0,0,id,pemanis buatan protein,2026-05-13T14:39:45.460375,twitter,suplemenku 1. olahraga dan keringat 2. paparan matahari 3. banyakin air putih 4. utamakan protein dan lemak sehat 5. kurangi pemanis buatan 6. tidur yang berkualitas 7. stretching sendiri setiap minggu,suplemenku 1. olahraga keringat 2. paparan matahari 3. banyakin air putih 4. utamakan protein lemak sehat 5. kurangi pemanis buatan 6. tidur berkualitas 7. stretching sendiri setiap minggu,31
1701116033896218764,"@inorii_yuzuriha Sudah jd momok menakutkan tapi cara atasi ketakutan itupun dengan konsumsi zat yang salah cont. pemanis buatan, protein buatan",Mon Sep 11 06:10:42 +0000 2023,,,207,1,0,0,id,pemanis buatan protein,2026-05-13T14:39:48.515541,twitter,"sudah jd momok menakutkan tapi cara atasi ketakutan itupun dengan konsumsi zat yang salah cont. pemanis buatan, protein buatan","jd momok menakutkan tapi cara atasi ketakutan itupun konsumsi zat salah cont. pemanis buatan, protein buatan",19
1683740196783927303,"1. Pilih jajanan yang sehat dan bergizi seperti buah-buahan, sayuran, atau makanan yang mengandung protein. 
2. Memilih pangan yang aman, bersih dan telah di masak dengan matang. 
3. Hindari jajanan yang memiliki warna yang mencolok, mengandung pemanis buatan dan pengawet.",Tue Jul 25 07:25:19 +0000 2023,,,8193,0,0,1,id,pemanis buatan protein,2026-05-13T14:39:48.515557,twitter,"1. pilih jajanan yang sehat dan bergizi seperti buah-buahan, sayuran, atau makanan yang mengandung protein. 2. memilih pangan yang aman, bersih dan telah di masak dengan matang. 3. hindari jajanan yang memiliki warna yang mencolok, mengandung pemanis buatan dan pengawet.","1. pilih jajanan sehat bergizi seperti buah-buahan, sayuran, atau makanan mengandung protein. 2. memilih pangan aman, bersih telah masak matang. 3. hindari jajanan memiliki warna mencolok, mengandung pemanis buatan pengawet.",40
1665651519570542592,"@tirta_cipeng satu hal lain yang agak ganggu dari Whey Protein: hampir semua produk yang beredar di Indonesia pakai pemanis buatan (antara Sukralosa atau Stevia), yang riset terbarunya punya banyak efek samping. Jadi gak boleh diminum berlebih juga.

https://t.co/zm2a4NwuzM",Mon Jun 05 09:27:23 +0000 2023,,,665379,4,3,1,id,pemanis buatan protein,2026-05-13T14:39:48.515559,twitter,"satu hal lain yang agak ganggu dari whey protein hampir semua produk yang beredar di indonesia pakai pemanis buatan antara sukralosa atau stevia, yang riset terbarunya punya banyak efek samping. jadi tidak boleh diminum berlebih juga.","satu hal lain agak ganggu whey protein hampir semua produk beredar indonesia pakai pemanis buatan antara sukralosa atau stevia, riset terbarunya punya banyak efek samping. jadi tidak boleh diminum berlebih juga.",36
1661027694690332672,"@sdenta Terus utk whey protein yg umumnya pake pemanis buatan, gimana dok?",Tue May 23 15:13:57 +0000 2023,,,41,0,0,0,id,pemanis buatan protein,2026-05-13T14:39:48.515562,twitter,"terus untuk whey protein yang umumnya pake pemanis buatan, gimana dok?","terus whey protein umumnya pake pemanis buatan, gimana dok?",11
1603982043427504128,Terbuat dari tepung berkualitas premium. Tinggi protein. Serta diberi tambahan bahan2 unggulan. Tanpa pemanis buatan dan bebas pengawet https://t.co/9WHBZJXRgC,Sat Dec 17 05:14:54 +0000 2022,,,2307,1,0,1,id,pemanis buatan protein,2026-05-13T14:39:48.515564,twitter,terbuat dari tepung berkualitas premium. tinggi protein. serta diberi tambahan bahan2 unggulan. tanpa pemanis buatan dan bebas pengawet,terbuat tepung berkualitas premium. tinggi protein. serta diberi tambahan bahan2 unggulan. tanpa pemanis buatan bebas pengawet,18
1520268858455896066,"@BolopatenT Empat tips sarapan agar kenyang Lebih Lama dari ahLi gizi
1.sarapan dengan serat
2.konsisten dengan jadwaL sarapan
3.hindari pemanis buatan
4.sertakan protein",Sat Apr 30 05:08:35 +0000 2022,,,401,0,0,0,id,pemanis buatan protein,2026-05-13T14:39:48.515567,twitter,empat tips sarapan agar kenyang lebih lama dari ahli gizi 1.sarapan dengan serat 2.konsisten dengan jadwal sarapan 3.hindari pemanis buatan 4.sertakan protein,empat tips sarapan agar kenyang lebih lama ahli gizi 1.sarapan serat 2.konsisten jadwal sarapan 3.hindari pemanis buatan 4.sertakan protein,22
1496602458931752965,"ᅠ
ᅠᅠ
        Idealnya, snack sehat adalah jenis camilan yang rendah kalori, tetapi banyak mengandung protein, serat, vitamin, dan mineral. Selain itu, suatu camilan dapat dikatakan sehat apabila rendah lemak dan tidak banyak mengandung gula, termasuk pemanis buatan.

ᅠᅠ",Wed Feb 23 21:46:46 +0000 2022,,,1062,0,0,1,id,pemanis buatan protein,2026-05-13T14:39:48.515569,twitter,"idealnya, snack sehat adalah jenis camilan yang rendah kalori, tetapi banyak mengandung protein, serat, vitamin, dan mineral. selain itu, suatu camilan dapat dikatakan sehat apabila rendah lemak dan tidak banyak mengandung gula, termasuk pemanis buatan.","idealnya, snack sehat jenis camilan rendah kalori, tetapi banyak mengandung protein, serat, vitamin, mineral. selain itu, suatu camilan dapat dikatakan sehat apabila rendah lemak tidak banyak mengandung gula, termasuk pemanis buatan.",35
1488406800835952641,"@saekhanuri @AREAJULID Komentar2 gini miris kadang.
Emang harus yellowfit, gym, protein ?
Bahkan pola yg disarankan itu cook your own meal kok. Gym ? Emang ga bisa lari gitu, jalan pagi ?
Perlu ahli gizi buat lo tau keripiki micin banyak dan bobba atau pemanis buatan itu jelek ? 
Kebanyakan excuse",Tue Feb 01 07:00:09 +0000 2022,,,198,2,0,0,id,pemanis buatan protein,2026-05-13T14:39:48.515571,twitter,"komentar2 gini miris kadang. emang harus yellowfit, gym, protein ? bahkan pola yang disarankan itu cook your own meal kok. gym ? emang tidak bisa lari gitu, jalan pagi ? perlu ahli gizi buat lo tau keripiki micin banyak dan bobba atau pemanis buatan itu jelek ? kebanyakan excuse","komentar2 gini miris kadang. emang harus yellowfit, gym, protein ? bahkan pola disarankan cook own meal kok. gym ? emang tidak bisa lari gitu, jalan pagi ? perlu ahli gizi buat lo tau keripiki micin banyak bobba atau pemanis buatan jelek ? kebanyakan excuse",49
1473902291497279493,"“Kok kurusan?”

Cuma dibolehin makan nasi satu centong/5 sendok makan setiap makan.
Diet rendah protein dan jauhin kacang-kacangan. 
Ngurangin konsumsi garam dan pemanis buatan.
Ngehindari gluten.
Ngehindari teh, kopi, susu.
Air putih 2L sehari",Thu Dec 23 06:24:24 +0000 2021,,,380,1,0,1,id,pemanis buatan protein,2026-05-13T14:39:48.515573,twitter,"kok kurusan? cuma dibolehin makan nasi satu centong5 sendok makan setiap makan. diet rendah protein dan jauhin kacang-kacangan. ngurangin konsumsi garam dan pemanis buatan. ngehindari gluten. ngehindari teh, kopi, susu. air putih 2l sehari","kok kurusan? cuma dibolehin makan nasi satu centong5 sendok makan setiap makan. diet rendah protein jauhin kacang-kacangan. ngurangin konsumsi garam pemanis buatan. ngehindari gluten. ngehindari teh, kopi, susu. air putih 2l sehari",34
1463455319426625538,"1. Makan dan minum 
Kurangin makan minum manis kayak es teh atau boba dkk yang pake pemanis buatan atau gula pasir, coklat juga. Banyakin makan protein, buah sayur dan kurangin makan karbo, minum air putih yang banyak",Wed Nov 24 10:31:52 +0000 2021,,,31,0,0,1,id,pemanis buatan protein,2026-05-13T14:39:48.515575,twitter,"1. makan dan minum kurangin makan minum manis kayak es teh atau boba dkk yang pake pemanis buatan atau gula pasir, coklat juga. banyakin makan protein, buah sayur dan kurangin makan karbo, minum air putih yang banyak","1. makan minum kurangin makan minum manis kayak es teh atau boba dkk pake pemanis buatan atau gula pasir, coklat juga. banyakin makan protein, buah sayur kurangin makan karbo, minum air putih banyak",37
1438212925861158912,"@steeffyyyyyyy @Ngehaalluu @AREAJULID Bukan PMS tp menarche &amp; bukan krn micin ya, tapi krn anak2 skrg makan lebih bnyk protein hewani, turunan susu, pemanis buatan &amp; makanan mengandung steroid (cth: ayam negri yg disuntik). Jg dr faktor tontonan mengandung seksualitas yg menstimulasi otak anak n meningkatkan hormon.",Wed Sep 15 18:47:36 +0000 2021,,,5,48,3,2,id,pemanis buatan protein,2026-05-13T14:39:48.515577,twitter,"bukan pms tapi menarche amp bukan karena micin ya, tapi karena anak2 skrg makan lebih banyak protein hewani, turunan susu, pemanis buatan amp makanan mengandung steroid cth ayam negri yang disuntik. juga dari faktor tontonan mengandung seksualitas yang menstimulasi otak anak n meningkatkan hormon.","bukan pms tapi menarche amp bukan karena micin ya, tapi karena anak2 skrg makan lebih banyak protein hewani, turunan susu, pemanis buatan amp makanan mengandung steroid cth ayam negri disuntik. faktor tontonan mengandung seksualitas menstimulasi otak anak n meningkatkan hormon.",44
1429356329278185476,"1. Roti putih
2. Keju
3. Es krim
4. Protein whey
5. Pemanis buatan",Sun Aug 22 08:14:39 +0000 2021,,,1139,1,0,0,id,pemanis buatan protein,2026-05-13T14:39:48.515579,twitter,1. roti putih 2. keju 3. es krim 4. protein whey 5. pemanis buatan,1. roti putih 2. keju 3. es krim 4. protein whey 5. pemanis buatan,14
1423160916556738564,"@afrkml Kalo orang Medan bisa langganan Healty Food di @eatsykitchen.id (IG) 
.
Masakan rendah lemak dengan kandungan protein tinggi dan pastinya tanpa pemanis buatan ✌
.
Yok bisa yokkk 😁 https://t.co/dm0uAAUu1j",Thu Aug 05 05:56:18 +0000 2021,,,371,0,0,0,id,pemanis buatan protein,2026-05-13T14:39:48.515582,twitter,kalo orang medan bisa langganan healty food di .id ig . masakan rendah lemak dengan kandungan protein tinggi dan pastinya tanpa pemanis buatan . yok bisa yokkk,kalo orang medan bisa langganan healty food .id ig . masakan rendah lemak kandungan protein tinggi pastinya tanpa pemanis buatan . yok bisa yokkk,27
1411560920753475586,"Dan mengandung pemanis buatan. Protein bermanfaat untuk membangun dan memperbaiki jaringan tubuh.

Ini aku share beberapa testi dari pejuang (positif) Covid19 yg minum Nutrishake hingga sembuh (negatif) https://t.co/XdLlEjpuq7",Sun Jul 04 05:42:03 +0000 2021,,,4078,0,0,1,id,pemanis buatan protein,2026-05-13T14:39:48.515584,twitter,dan mengandung pemanis buatan. protein bermanfaat untuk membangun dan memperbaiki jaringan tubuh. ini aku share beberapa testi dari pejuang positif covid19 yang minum nutrishake hingga sembuh negatif,mengandung pemanis buatan. protein bermanfaat membangun memperbaiki jaringan tubuh. share beberapa testi pejuang positif covid19 minum nutrishake hingga sembuh negatif,27
1385758946082783236,"Saat sahur usahakan hindari pemanis buatan, konsumsi serat (sayuran), protein dan minum air putih yang cukup #Tips",Sat Apr 24 00:54:13 +0000 2021,,,951,0,0,0,id,pemanis buatan protein,2026-05-13T14:39:48.515587,twitter,"saat sahur usahakan hindari pemanis buatan, konsumsi serat sayuran, protein dan minum air putih yang cukup tips","saat sahur usahakan hindari pemanis buatan, konsumsi serat sayuran, protein minum air putih cukup tips",17
1354460833636605952,"@diethingy Perhatikan asupan makanan (karbo, protein, serat dan lemak baik) semuanya harus seimbang, jangan pernah comot2 makanan junk, hindari tepung2an, pemanis buatan dan gula berlebih, sama kontrol stress dan tidur yg cukup",Wed Jan 27 16:06:42 +0000 2021,,,1,1,0,0,id,pemanis buatan protein,2026-05-13T14:39:48.515590,twitter,"perhatikan asupan makanan karbo, protein, serat dan lemak baik semuanya harus seimbang, jangan pernah comot2 makanan junk, hindari tepung2an, pemanis buatan dan gula berlebih, sama kontrol stress dan tidur yang cukup","perhatikan asupan makanan karbo, protein, serat lemak baik semuanya harus seimbang, jangan pernah comot2 makanan junk, hindari tepung2an, pemanis buatan gula berlebih, sama kontrol stress tidur cukup",31
1309778536459190272,"@dangobulet pengen tweet liat reply2
dalam istilah per-pangan atau per-gizian kan ada tuh Angka Kecukupan Gizi (AKG) dan Acceptable Daily Intake (ADI). AKG itu based on makro dan mikronutrien (karbo,lemak,protein,mineral,vitamin). Kalo ADI lebih luas ke BTP lain termasuk pemanis buatan.",Sat Sep 26 08:55:12 +0000 2020,,,1222,68,17,1,id,pemanis buatan protein,2026-05-13T14:39:48.515591,twitter,"pengen tweet liat reply2 dalam istilah per-pangan atau per-gizian kan ada tuh angka kecukupan gizi akg dan acceptable daily intake adi. akg itu based on makro dan mikronutrien karbo,lemak,protein,mineral,vitamin. kalo adi lebih luas ke btp lain termasuk pemanis buatan.","pengen tweet liat reply2 istilah per-pangan atau per-gizian kan tuh angka kecukupan gizi akg acceptable daily intake adi. akg based makro mikronutrien karbo,lemak,protein,mineral,vitamin. kalo adi lebih luas btp lain termasuk pemanis buatan.",39
1295322870566903808,"@skincarefess beda2 tp kebanyakan makanan/minuman mengandung susu sapi, tinggi protein, pemanis buatan, pedas berminyak",Mon Aug 17 11:33:32 +0000 2020,,,10838,0,0,0,id,pemanis buatan protein,2026-05-13T14:39:48.515593,twitter,"beda2 tapi kebanyakan makananminuman mengandung susu sapi, tinggi protein, pemanis buatan, pedas berminyak","beda2 tapi kebanyakan makananminuman mengandung susu sapi, tinggi protein, pemanis buatan, pedas berminyak",13
1268466305809575936,"@BundaMilna • Bebas Gluten, Milna Nature Puffs Organic bebas dari protein susah larut

• Tinggi Kalsium untuk pembentukan tulang dan gigi

• Bebas bahan pengawet dan pemanis buatan #KuisMilna #MilnaPuffsOrganic cc. @yosi_septina @ayoesfa @wina_win15",Thu Jun 04 08:55:08 +0000 2020,,,1121,0,0,1,id,pemanis buatan protein,2026-05-13T14:39:48.515595,twitter,"bebas gluten, milna nature puffs organic bebas dari protein susah larut tinggi kalsium untuk pembentukan tulang dan gigi bebas bahan pengawet dan pemanis buatan kuismilna milnapuffsorganic cc.","bebas gluten, milna nature puffs organic bebas protein susah larut tinggi kalsium pembentukan tulang gigi bebas bahan pengawet pemanis buatan kuismilna milnapuffsorganic cc.",27
1238145773780385792,"@ninjabenar @womanfeeds Ga makan gorengan/bakar. Kurangin pemanis buatan, kalo bisa sih hindarin gula garam, ganti pake madu sama himsalt. Perbanyak buah sayur, protein jg harus tetep dijaga. Karbo jangan terlalu banyak kalo msh makan gula. Setauku sih itu.",Thu Mar 12 16:52:10 +0000 2020,,,1590,1,0,1,id,pemanis buatan protein,2026-05-13T14:39:48.515597,twitter,"tidak makan gorenganbakar. kurangin pemanis buatan, kalo bisa hindarin gula garam, ganti pake madu sama himsalt. perbanyak buah sayur, protein juga harus tetep dijaga. karbo jangan terlalu banyak kalo msh makan gula. setauku itu.","tidak makan gorenganbakar. kurangin pemanis buatan, kalo bisa hindarin gula garam, ganti pake madu sama himsalt. perbanyak buah sayur, protein harus tetep dijaga. karbo jangan terlalu banyak kalo msh makan gula. setauku itu.",34
1180324545078542336,"Udah nyobain BodyKey Drinks belum? Minuman tinggi serat dan protein, mengandung 25 vitamin dan mineral tanpa zat pengawet, pemanis dan pewarna buatan 😆👌🏻
.
Bikinnya gampang banget! Campurkan 1 sachet BodyKey rasa… https://t.co/MoVkjWi8R9",Sat Oct 05 03:31:15 +0000 2019,,,3,0,0,0,id,pemanis buatan protein,2026-05-13T14:39:53.208002,twitter,"sudah nyobain bodykey drinks belum? minuman tinggi serat dan protein, mengandung 25 vitamin dan mineral tanpa zat pengawet, pemanis dan pewarna buatan . bikinnya gampang banget! campurkan 1 sachet bodykey rasa","nyobain bodykey drinks belum? minuman tinggi serat protein, mengandung 25 vitamin mineral tanpa zat pengawet, pemanis pewarna buatan . bikinnya gampang banget! campurkan 1 sachet bodykey rasa",31
1129240900821929985,"4.    Tinggi protein, vitamin, mineral,serat.
5.    Kaya berbagai senyawa fitokimia bermanfaat bagi kesehatan.
6.    Bebas bahan tambahan pengawet, perasa, pewarna dan pemanis buatan.
7.    Aman dan Higienis.",Fri May 17 04:23:05 +0000 2019,,,513,0,0,0,id,pemanis buatan protein,2026-05-13T14:39:53.208016,twitter,"4. tinggi protein, vitamin, mineral,serat. 5. kayak berbagai senyawa fitokimia bermanfaat bagi kesehatan. 6. bebas bahan tambahan pengawet, perasa, pewarna dan pemanis buatan. 7. aman dan higienis.","4. tinggi protein, vitamin, mineral,serat. 5. kayak berbagai senyawa fitokimia bermanfaat bagi kesehatan. 6. bebas bahan tambahan pengawet, perasa, pewarna pemanis buatan. 7. aman higienis.",27
1126353450172739585,"3.    Indeks Glikemik rendah, baik bagi penderita Diabetes Melitus.
4.    Tinggi protein, vitamin, mineral,serat.
5.    Kaya berbagai senyawa fitokimia bermanfaat bagi kesehatan.
6.    Bebas bahan tambahan pengawet, perasa, pewarna dan pemanis buatan.
7.    Aman dan Higienis.",Thu May 09 05:09:23 +0000 2019,,,513,0,0,0,id,pemanis buatan protein,2026-05-13T14:39:53.208019,twitter,"3. indeks glikemik rendah, baik bagi penderita diabetes melitus. 4. tinggi protein, vitamin, mineral,serat. 5. kayak berbagai senyawa fitokimia bermanfaat bagi kesehatan. 6. bebas bahan tambahan pengawet, perasa, pewarna dan pemanis buatan. 7. aman dan higienis.","3. indeks glikemik rendah, baik bagi penderita diabetes melitus. 4. tinggi protein, vitamin, mineral,serat. 5. kayak berbagai senyawa fitokimia bermanfaat bagi kesehatan. 6. bebas bahan tambahan pengawet, perasa, pewarna pemanis buatan. 7. aman higienis.",36
1108918070582505473,"@yunifajriyah Banyakin protein, asupan nutrisi baik dr buah dan sayur, kalsium dari susu low fat atau CDR, kurangi asupan manis dr gula atau pemanis buatan, mulai lihat dan hitung kalori setiap makanan dan cemilan 😁",Fri Mar 22 02:27:25 +0000 2019,,,2120,0,0,1,id,pemanis buatan protein,2026-05-13T14:39:53.208021,twitter,"banyakin protein, asupan nutrisi baik dari buah dan sayur, kalsium dari susu low fat atau cdr, kurangi asupan manis dari gula atau pemanis buatan, mulai lihat dan hitung kalori setiap makanan dan cemilan","banyakin protein, asupan nutrisi baik buah sayur, kalsium susu low fat atau cdr, kurangi asupan manis gula atau pemanis buatan, mulai lihat hitung kalori setiap makanan cemilan",33
1106057733126545408,"4.    Tinggi protein, vitamin, mineral,serat.
5.    Kaya berbagai senyawa fitokimia bermanfaat bagi kesehatan.
6.    Bebas bahan tambahan pengawet, perasa, pewarna dan pemanis buatan.
7.    Aman dan Higienis.",Thu Mar 14 05:01:27 +0000 2019,,,513,0,0,0,id,pemanis buatan protein,2026-05-13T14:39:53.208022,twitter,"4. tinggi protein, vitamin, mineral,serat. 5. kayak berbagai senyawa fitokimia bermanfaat bagi kesehatan. 6. bebas bahan tambahan pengawet, perasa, pewarna dan pemanis buatan. 7. aman dan higienis.","4. tinggi protein, vitamin, mineral,serat. 5. kayak berbagai senyawa fitokimia bermanfaat bagi kesehatan. 6. bebas bahan tambahan pengawet, perasa, pewarna pemanis buatan. 7. aman higienis.",27
1093012157891936257,"4.    Tinggi protein, vitamin, mineral,serat.
5.    Kaya berbagai senyawa fitokimia bermanfaat bagi kesehatan.
6.    Bebas bahan tambahan pengawet, perasa, pewarna dan pemanis buatan.
7.    Aman dan Higienis.",Wed Feb 06 05:03:00 +0000 2019,,,513,0,0,0,id,pemanis buatan protein,2026-05-13T14:39:53.208025,twitter,"4. tinggi protein, vitamin, mineral,serat. 5. kayak berbagai senyawa fitokimia bermanfaat bagi kesehatan. 6. bebas bahan tambahan pengawet, perasa, pewarna dan pemanis buatan. 7. aman dan higienis.","4. tinggi protein, vitamin, mineral,serat. 5. kayak berbagai senyawa fitokimia bermanfaat bagi kesehatan. 6. bebas bahan tambahan pengawet, perasa, pewarna pemanis buatan. 7. aman higienis.",27
1033766907646636032,"@falla_adinda Since diet low-cal dr tahun lalu, selalu cek label kemasan, buat cari halal+kalori. Kadang kalo lg concern high calcium/protein dan low fat ya dibaca jg.
Terutama semenjak hamil selalu baca komposisi utk tau ada peringatan terkait pemanis buatan yg ga boleh buat preggo.",Sun Aug 26 17:23:31 +0000 2018,,,664,0,0,0,id,pemanis buatan protein,2026-05-13T14:39:53.208027,twitter,"since diet low-cal dari tahun lalu, selalu cek label kemasan, buat cari halalkalori. kadang kalo lagi concern high calciumprotein dan low fat ya dibaca jg. terutama semenjak hamil selalu baca komposisi untuk tau ada peringatan terkait pemanis buatan yang tidak boleh buat preggo.","since diet low-cal tahun lalu, selalu cek label kemasan, buat cari halalkalori. kadang kalo lagi concern high calciumprotein low fat ya dibaca jg. terutama semenjak hamil selalu baca komposisi tau peringatan terkait pemanis buatan tidak boleh buat preggo.",43
984655444185526277,"4.      Tinggi protein, vitamin, mineral,serat.
5.      Kaya berbagai senyawa fitokimia bermanfaat bagi kesehatan.
6.      Bebas bahan tambahan pengawet, perasa, pewarna dan pemanis buatan.
7.      Aman dan Higienis.",Fri Apr 13 04:52:06 +0000 2018,,,513,0,0,0,id,pemanis buatan protein,2026-05-13T14:39:53.208029,twitter,"4. tinggi protein, vitamin, mineral,serat. 5. kayak berbagai senyawa fitokimia bermanfaat bagi kesehatan. 6. bebas bahan tambahan pengawet, perasa, pewarna dan pemanis buatan. 7. aman dan higienis.","4. tinggi protein, vitamin, mineral,serat. 5. kayak berbagai senyawa fitokimia bermanfaat bagi kesehatan. 6. bebas bahan tambahan pengawet, perasa, pewarna pemanis buatan. 7. aman higienis.",27
800894860282707968,Banyaknya suplemen whey protein yang mengandung pemanis buatan membuat Anda enggan mengkonsumsi whey protein?... https://t.co/w6s9t4LO7H,Tue Nov 22 02:53:09 +0000 2016,,,373,0,0,0,id,pemanis buatan protein,2026-05-13T14:39:53.208031,twitter,banyaknya suplemen whey protein yang mengandung pemanis buatan membuat anda enggan mengkonsumsi whey protein?...,banyaknya suplemen whey protein mengandung pemanis buatan membuat anda enggan mengkonsumsi whey protein?...,14
786396414226096128,"Bila Anda ragu mengkonsumsi whey protein lantaran adanya kandungan pemanis buatan, Anda dapat menggantinya dengan... https://t.co/QHTTalbeWL",Thu Oct 13 02:41:30 +0000 2016,,,373,0,0,0,id,pemanis buatan protein,2026-05-13T14:39:53.208032,twitter,"bila anda ragu mengkonsumsi whey protein lantaran adanya kandungan pemanis buatan, anda dapat menggantinya dengan...","bila anda ragu mengkonsumsi whey protein lantaran adanya kandungan pemanis buatan, anda dapat menggantinya dengan...",15
776247710198460416,"Jika Anda merasa whey protein dalam kemasan tidak aman karena memakai pemanis buatan, Anda dapat menggantinya... https://t.co/VNAhgjqLpp",Thu Sep 15 02:34:10 +0000 2016,,,373,0,0,0,id,pemanis buatan protein,2026-05-13T14:39:53.208034,twitter,"jika anda merasa whey protein dalam kemasan tidak aman karena memakai pemanis buatan, anda dapat menggantinya...","jika anda merasa whey protein kemasan tidak aman karena memakai pemanis buatan, anda dapat menggantinya...",16
690724413386440704,Banyak merk populer dari whey protein yang dikemas dengan Aspartame (pemanis buatan) dan kebanyakan orang lebih... https://t.co/djQ9Awbdfi,Sat Jan 23 02:35:07 +0000 2016,,,373,0,0,0,id,pemanis buatan protein,2026-05-13T14:39:53.208036,twitter,banyak merk populer dari whey protein yang dikemas dengan aspartame pemanis buatan dan kebanyakan orang lebih...,banyak merk populer whey protein dikemas aspartame pemanis buatan kebanyakan orang lebih...,16
604206661377523714,"(3) Mengandung High protein,calcium&amp;phosphorus,High potassium,Vit.B2 dan rendah kolesterol dan lemak tanpa pemanis buatan&amp;bahan pengawet.",Fri May 29 08:44:28 +0000 2015,,,269,0,0,0,id,pemanis buatan protein,2026-05-13T14:39:53.208038,twitter,"3 mengandung high protein,calciumampphosphorus,high potassium,vit.b2 dan rendah kolesterol dan lemak tanpa pemanis buatanampbahan pengawet.","3 mengandung high protein,calciumampphosphorus,high potassium,vit.b2 rendah kolesterol lemak tanpa pemanis buatanampbahan pengawet.",14
472604898035388417,"@ComedyJKT48 rokoknya yg mengandung karbohidrat, protein, vitamin, dan tanpa pemanis buatan #MerokokSehat",Sat May 31 05:06:02 +0000 2014,,,288,0,0,0,id,pemanis buatan protein,2026-05-13T14:39:53.208040,twitter,"rokoknya yang mengandung karbohidrat, protein, vitamin, dan tanpa pemanis buatan merokoksehat","rokoknya mengandung karbohidrat, protein, vitamin, tanpa pemanis buatan merokoksehat",11
463206762737172480,@AgiSuci uji protein sama pemanis buatan hehe . Itu udah slalu diuji sama Allah :D,Mon May 05 06:41:12 +0000 2014,,,477,0,0,0,id,pemanis buatan protein,2026-05-13T14:39:53.208041,twitter,uji protein sama pemanis buatan . itu sudah slalu diuji sama allah d,uji protein sama pemanis buatan . slalu diuji sama allah d,13
446678111661211648,"@hstnvta rasanya pait,sakit,perih,nangis,gundah gulana,glukosamin,asam laktat,pemanis buatan,protein,mineral,kalsium,kalium,umi maksum:(",Thu Mar 20 16:02:15 +0000 2014,,,586,0,0,1,id,pemanis buatan protein,2026-05-13T14:39:53.208043,twitter,"rasanya pait,sakit,perih,nangis,gundah gulana,glukosamin,asam laktat,pemanis buatan,protein,mineral,kalsium,kalium,umi maksum","rasanya pait,sakit,perih,nangis,gundah gulana,glukosamin,asam laktat,pemanis buatan,protein,mineral,kalsium,kalium,umi maksum",6
436682719091646464,"new product best whey for you..
mengandung protein whey dan egg terbaik. NO ASPARTAME and GLUTEN (pemanis buatan).",Fri Feb 21 02:04:08 +0000 2014,,,139,0,0,0,en,pemanis buatan protein,2026-05-13T14:39:53.208045,twitter,new product best whey for you.. mengandung protein whey dan egg terbaik. no aspartame and gluten pemanis buatan.,new product best whey you.. mengandung protein whey egg terbaik. no aspartame and gluten pemanis buatan.,18
424388345221742592,@infosolsel 'sari kedele' mnuman kesehatan bnyak mngandung protein. Bbas pngawet dan pemanis buatan. Info pemesanan 0812 6764 5786 tomi,Sat Jan 18 03:50:40 +0000 2014,,,44,0,0,0,id,pemanis buatan protein,2026-05-13T14:39:53.208047,twitter,'sari kedele' mnuman kesehatan bnyak mngandung protein. bbas pngawet dan pemanis buatan. info pemesanan 0812 6764 5786 tomi,'sari kedele' mnuman kesehatan bnyak mngandung protein. bbas pngawet pemanis buatan. info pemesanan 0812 6764 5786 tomi,18
403515100931170304,"27. #SportDrink saat ini sudah byk yg ditambahkan protein, flavour, kafein, koenzim Q-10 n pemanis buatan @GiziKebugaran",Thu Nov 21 13:27:51 +0000 2013,,,524,0,1,0,id,pemanis buatan protein,2026-05-13T14:39:53.208049,twitter,"27. sportdrink saat ini sudah banyak yang ditambahkan protein, flavour, kafein, koenzim q-10 n pemanis buatan","27. sportdrink saat banyak ditambahkan protein, flavour, kafein, koenzim q-10 n pemanis buatan",16
355242869671473152,"SARIDELE  - Full Protein Nabati &amp; Free Kolesterol..... tanpa pengawet, tanpa pemanis buatan, dan dengan rasa... http://t.co/teS5gV1L6w",Thu Jul 11 08:31:14 +0000 2013,,,88,0,0,0,id,pemanis buatan protein,2026-05-13T14:39:53.208051,twitter,"saridele - full protein nabati amp free kolesterol..... tanpa pengawet, tanpa pemanis buatan, dan dengan rasa...","saridele - full protein nabati amp free kolesterol..... tanpa pengawet, tanpa pemanis buatan, rasa...",16
320376249098829824,"toluena sbg enzim yang mencerna protein #KimiaFtBiologi ""@AlamChuck Asam benzena sulfonat sbg pemanis buatan. Asam benzoat sbg pengawet.""",Sat Apr 06 03:23:44 +0000 2013,,,540,0,0,0,id,pemanis buatan protein,2026-05-13T14:39:56.497194,twitter,toluena sbg enzim yang mencerna protein kimiaftbiologi asam benzena sulfonat sbg pemanis buatan. asam benzoat sbg pengawet.,toluena sbg enzim mencerna protein kimiaftbiologi asam benzena sulfonat sbg pemanis buatan. asam benzoat sbg pengawet.,17
314728423597670400,"Ngaku high protein tpi nihil RT @DuniaFitnes: Minuman yg bnyk dijual di pasaran saat ini bnyk mengandung gula tinggi,pewarna,pemanis buatan",Thu Mar 21 13:21:18 +0000 2013,,,203,0,0,0,id,pemanis buatan protein,2026-05-13T14:39:56.497211,twitter,"ngaku high protein tapi nihil rt minuman yang banyak dijual di pasaran saat ini banyak mengandung gula tinggi,pewarna,pemanis buatan","ngaku high protein tapi nihil rt minuman banyak dijual pasaran saat banyak mengandung gula tinggi,pewarna,pemanis buatan",19
312193110832730112,"pemanis buatan,dan pengawet:   protein sayuran atau tanaman hydrolized, sodium dan      calsium casainate, minyak jagung, #bahayaMSG",Thu Mar 14 13:26:52 +0000 2013,,,1743,0,1,0,id,pemanis buatan protein,2026-05-13T14:39:56.497213,twitter,"pemanis buatan,dan pengawet protein sayuran atau tanaman hydrolized, sodium dan calsium casainate, minyak jagung, bahayamsg","pemanis buatan,dan pengawet protein sayuran atau tanaman hydrolized, sodium calsium casainate, minyak jagung, bahayamsg",15
303688721876803584,"Suka kali haha :D RT @Ayubeninggg: Uuuuuwwwweeek (¬_¬"") RT @ibenkbombyx: Kaya dengan Protein :D RT @Ayubeninggg: Tanpa pemanis buatan yah",Tue Feb 19 02:13:28 +0000 2013,,,712,0,0,0,id,pemanis buatan protein,2026-05-13T14:39:56.497215,twitter,suka kali d rt uuuuuwwwweeek rt kayak dengan protein d rt tanpa pemanis buatan yah,suka kali d rt uuuuuwwwweeek rt kayak protein d rt tanpa pemanis buatan yah,15
303674590004137984,Kaya dengan Protein :D RT @Ayubeninggg: Tanpa pemanis buatan yah bey :D RT @ibenkbombyx: Ngocor terus ingusnya. Buat yang pesen mayonaise,Tue Feb 19 01:17:18 +0000 2013,,,712,0,0,0,id,pemanis buatan protein,2026-05-13T14:39:56.497217,twitter,kayak dengan protein d rt tanpa pemanis buatan yah bey d rt ngocor terus ingusnya. buat yang pesen mayonaise,kayak protein d rt tanpa pemanis buatan yah bey d rt ngocor terus ingusnya. buat pesen mayonaise,19
295547552877645824,"KOMPOSISI:
Gula,Krimer(mengandung protein susu),Kopi Instan,Garam,Perisa Moka,Pemanis Buatan Asesulfam K (0,04%;... http://t.co/LQT9dvNv",Sun Jan 27 15:03:22 +0000 2013,,,176,0,0,0,id,pemanis buatan protein,2026-05-13T14:39:56.497219,twitter,"komposisi gula,krimermengandung protein susu,kopi instan,garam,perisa moka,pemanis buatan asesulfam k 0,04...","komposisi gula,krimermengandung protein susu,kopi instan,garam,perisa moka,pemanis buatan asesulfam k 0,04...",10
286657313429913600,"Susu almond. Susu ini mengandung 40 kalori, 1 gr protein, 45% kalsium, 25% vitamin D. Sayang, sedikit yang tidak menggunakan pemanis buatan.",Thu Jan 03 02:16:44 +0000 2013,,,395,0,0,0,id,pemanis buatan protein,2026-05-13T14:39:56.497221,twitter,"susu almond. susu ini mengandung 40 kalori, 1 gr protein, 45 kalsium, 25 vitamin d. sayang, sedikit yang tidak menggunakan pemanis buatan.","susu almond. susu mengandung 40 kalori, 1 gr protein, 45 kalsium, 25 vitamin d. sayang, sedikit tidak menggunakan pemanis buatan.",22
273436929335377922,"RT @dr_Phaidon: Pemanis buatan ini bnyk terdapat dlm prduk minuman diet,protein powder, minuman berenergi dlm kemasan,kue diet.#kontrolberat",Tue Nov 27 14:43:38 +0000 2012,,,178,0,0,0,id,pemanis buatan protein,2026-05-13T14:39:56.497223,twitter,"rt pemanis buatan ini banyak terdapat dlm prduk minuman diet,protein powder, minuman berenergi dlm kemasan,kue diet.kontrolberat","rt pemanis buatan banyak terdapat dlm prduk minuman diet,protein powder, minuman berenergi dlm kemasan,kue diet.kontrolberat",16
273407214427979780,"RT @dr_Phaidon: 19. Pemanis buatan ini banyak terdapat dlm produk minuman diet, protein powder, (cont) http://t.co/IMRhVqq",Tue Nov 27 12:45:34 +0000 2012,,,394,0,0,0,id,pemanis buatan protein,2026-05-13T14:39:56.497224,twitter,"rt 19. pemanis buatan ini banyak terdapat dlm produk minuman diet, protein powder, cont","rt 19. pemanis buatan banyak terdapat dlm produk minuman diet, protein powder, cont",14
273406617033248768,"19. Pemanis buatan ini banyak terdapat dlm produk minuman diet, protein powder, minuman berenergi dalam kemasan, kue diet. #kontrolberat",Tue Nov 27 12:43:11 +0000 2012,,,60684,7,10,0,id,pemanis buatan protein,2026-05-13T14:39:56.497226,twitter,"19. pemanis buatan ini banyak terdapat dlm produk minuman diet, protein powder, minuman berenergi dalam kemasan, kue diet. kontrolberat","19. pemanis buatan banyak terdapat dlm produk minuman diet, protein powder, minuman berenergi kemasan, kue diet. kontrolberat",19
218023150712135683,"Abis abis ""@wawahyuyu: Tanpa protein RT @eyinyaginting: Tanpa gizi RT @wawahyuyu: Tanpa pemanis buatan :):) RT @eyinyaginting:",Wed Jun 27 16:49:04 +0000 2012,,,165,0,0,0,id,pemanis buatan protein,2026-05-13T14:39:56.497228,twitter,abis abis tanpa protein rt tanpa gizi rt tanpa pemanis buatan rt,abis abis tanpa protein rt tanpa gizi rt tanpa pemanis buatan rt,12
215405745494175744,+pemanis buatan RT @ownyet +sakarin RT @Deny_ARF: +nikotin RT @masskoi +caffein RT @faktaseks Sperma sebagian besar terdiri dari protein,Wed Jun 20 11:28:26 +0000 2012,,,593,0,1,0,id,pemanis buatan protein,2026-05-13T14:39:56.497230,twitter,pemanis buatan rt sakarin rt nikotin rt caffein rt sperma sebagian besar terdiri dari protein,pemanis buatan rt sakarin rt nikotin rt caffein rt sperma sebagian besar terdiri protein,15
195504179698081794,"13. Autis, Hindari makanan yg mengandung protein gluten seperti gandum, makanan kasein pada susu, pancake, pemanis buatan #20TipsCegahSakit",Thu Apr 26 13:26:43 +0000 2012,,,2013,0,0,0,id,pemanis buatan protein,2026-05-13T14:39:56.497232,twitter,"13. autis, hindari makanan yang mengandung protein gluten seperti gandum, makanan kasein pada susu, pancake, pemanis buatan 20tipscegahsakit","13. autis, hindari makanan mengandung protein gluten seperti gandum, makanan kasein susu, pancake, pemanis buatan 20tipscegahsakit",18
137044235970019328,"Whey protein yg berkualitas sebaiknya mengandung sedikit filler,pewarna,pemanis buatan. Agar % protein jg lbh tinggi. #wheyprotein",Thu Nov 17 05:47:46 +0000 2011,,,1650,0,2,1,id,pemanis buatan protein,2026-05-13T14:39:56.497235,twitter,"whey protein yang berkualitas sebaiknya mengandung sedikit filler,pewarna,pemanis buatan. agar protein juga lbh tinggi. wheyprotein","whey protein berkualitas sebaiknya mengandung sedikit filler,pewarna,pemanis buatan. agar protein lbh tinggi. wheyprotein",15
84140470682394624,"12. Autis || Hindari makanan yang mengandung protein gluten seperti gandum, oat, barley, makanan kasein pada susu, pancake, pemanis buatan.",Fri Jun 24 06:07:06 +0000 2011,,,741,0,0,0,id,pemanis buatan protein,2026-05-13T14:39:56.497237,twitter,"12. autis hindari makanan yang mengandung protein gluten seperti gandum, oat, barley, makanan kasein pada susu, pancake, pemanis buatan.","12. autis hindari makanan mengandung protein gluten seperti gandum, oat, barley, makanan kasein susu, pancake, pemanis buatan.",19
41889367043612672,"@dennysantoso saya mau nanya nih, kalo produk whey protein yg tanpa pemanis buatan ada gak? soalnya kalo pemakaian yg rutin takut ada efek ?",Sun Feb 27 15:56:18 +0000 2011,,,94,0,0,0,id,pemanis buatan protein,2026-05-13T14:39:56.497239,twitter,"saya mau nanya nih, kalo produk whey protein yang tanpa pemanis buatan ada gak? soalnya kalo pemakaian yang rutin takut ada efek ?","mau nanya nih, kalo produk whey protein tanpa pemanis buatan gak? soalnya kalo pemakaian rutin takut efek ?",23
38115584155729920,"RT @sumargodenny: Brolahraga tiap hari,banyak air putih, kurangi/ganti pemanis buatan (gula dll), kurangin karbohidrat. tambah protein #diet",Thu Feb 17 06:00:38 +0000 2011,,,200,0,0,0,id,pemanis buatan protein,2026-05-13T14:39:56.497240,twitter,"rt brolahraga tiap hari,banyak air putih, kurangiganti pemanis buatan gula dll, kurangin karbohidrat. tambah protein diet","rt brolahraga tiap hari,banyak air putih, kurangiganti pemanis buatan gula dll, kurangin karbohidrat. tambah protein diet",16
38108622915375104,"Berolahraga tiap hari,kurangi soda banyak air putih, kurangi/ganti pemanis buatan (gula dll), kurangin karbohidrat.
tambah protein #diet",Thu Feb 17 05:32:58 +0000 2011,,,265,0,0,0,id,pemanis buatan protein,2026-05-13T14:39:56.497242,twitter,"berolahraga tiap hari,kurangi soda banyak air putih, kurangiganti pemanis buatan gula dll, kurangin karbohidrat. tambah protein diet","berolahraga tiap hari,kurangi soda banyak air putih, kurangiganti pemanis buatan gula dll, kurangin karbohidrat. tambah protein diet",17
38108026900721664,"Berolahraga tiap hari,kurangi soda banyak air putih, kurangi/ganti pemanis buatan (gula dll), kurangin karbohidrat.
tambah protein #diet",Thu Feb 17 05:30:36 +0000 2011,,,166091,6,14,0,id,pemanis buatan protein,2026-05-13T14:39:56.497244,twitter,"berolahraga tiap hari,kurangi soda banyak air putih, kurangiganti pemanis buatan gula dll, kurangin karbohidrat. tambah protein diet","berolahraga tiap hari,kurangi soda banyak air putih, kurangiganti pemanis buatan gula dll, kurangin karbohidrat. tambah protein diet",17
34912506338091008,"mbaknya softporn nih @farahwardani: @aparatmati dijamin low cholesterol, kaya protein, dan tanpa MSG serta pemanis buatan :)",Tue Feb 08 09:52:44 +0000 2011,,,3053,0,0,0,id,pemanis buatan protein,2026-05-13T14:39:56.497246,twitter,"mbaknya softporn dijamin low cholesterol, kayak protein, dan tanpa msg serta pemanis buatan","mbaknya softporn dijamin low cholesterol, kayak protein, tanpa msg serta pemanis buatan",13
1997900120721916118,"@hiratven •1 adet yumurta
•5 adet yumurta akı
•2 su bardağı vanilyalı protein sütü (400 ml)
•180 gr whey protein (vanilya veya sade)
•2 adet orta boy havuç (rendelenmiş + suyunu az sık)
•1–2 tatlı kaşığı stevia
•1 tatlı kaşığı tarçın
•1 çay kaşığı kabartma tozu
•Vanilin",Mon Dec 08 05:24:42 +0000 2025,,,5560,2,0,0,other,stevia protein bitter,2026-05-13T14:40:09.679593,twitter,1 adet yumurta 5 adet yumurta ak 2 su barda vanilyal protein st 400 ml 180 gr whey protein vanilya veya sade 2 adet orta boy havu rendelenmi suyunu az sk 12 tatl ka stevia 1 tatl ka tarn 1 ay ka kabartma tozu vanilin,1 adet yumurta 5 adet yumurta ak 2 su barda vanilyal protein st 400 ml 180 gr whey protein vanilya veya sade 2 adet orta boy havu rendelenmi suyunu az sk 12 tatl ka stevia 1 tatl ka tarn 1 ay ka kabartma tozu vanilin,45
1979999974164230641,"Great and informative thread by @BowTiedPhys

But when it comes to stevia vs. sugar, I’ll take sugar 10 out of 10 times. Stevia isn’t the perfect sweetener it’s made out to be; sugar is.

Stevia:

Gives you sweetness without glucose. Your body expects energy from the taste, but",Sun Oct 19 19:55:55 +0000 2025,,,20770,105,5,8,en,stevia protein bitter,2026-05-13T14:40:09.679624,twitter,"great and informative thread by but when it comes to stevia vs. sugar, ill take sugar 10 out of 10 times. stevia isnt the perfect sweetener its made out to be sugar is. stevia gives you sweetness without glucose. your body expects energy from the taste, but","great and informative thread when comes stevia vs. sugar, ill take sugar 10 out 10 times. stevia isnt perfect sweetener its made out sugar is. stevia gives sweetness without glucose. body expects energy taste,",47
1934737820742013226,"Cooked some protein peanut butter cookies this weekend.

They were very bitter.

Shouldn't have skipped on the stevia... 😅 https://t.co/58jNEujfX1",Mon Jun 16 22:20:16 +0000 2025,,,249,0,0,0,en,stevia protein bitter,2026-05-13T14:40:20.703877,twitter,cooked some protein peanut butter cookies this weekend. they were very bitter. shouldn't have skipped on the stevia...,cooked some protein peanut butter cookies weekend. bitter. shouldn't skipped stevia...,18
1928142632288387387,"The $12B protein market has a taste problem 
MonkSweet™ LS4 solution: → Monk fruit + advanced stevia blend → Blocks bitter receptors neurologically → 45-65% bitterness reduction → Game changer for RTD formulators. 
https://t.co/akkG1Lr8qw...",Thu May 29 17:33:21 +0000 2025,,,400,0,0,0,en,stevia protein bitter,2026-05-13T14:40:20.703880,twitter,the 12b protein market has a taste problem monksweet ls4 solution monk fruit advanced stevia blend blocks bitter receptors neurologically 45-65 bitterness reduction game changer for rtd formulators.,12b protein market taste problem monksweet ls4 solution monk fruit advanced stevia blend blocks bitter receptors neurologically 45-65 bitterness reduction game changer rtd formulators.,28
1924303877836587440,"🧵/3

inflammation/stress, and 10–15% improved neurological health, aligning with MAHA’s chronic disease prevention goals.

### 5. **Alignment with MAHA Objectives**
Using whole hemp plant nutrition for SD supports Kennedy’s “Make America Healthy Again” objectives:

- **Chronic",Mon May 19 03:19:30 +0000 2025,,,2000,1,0,1,en,stevia protein bitter,2026-05-13T14:40:09.679631,twitter,"3 inflammationstress, and 1015 improved neurological health, aligning with mahas chronic disease prevention goals. 5. alignment with maha objectives using whole hemp plant nutrition for sd supports kennedys make america healthy again objectives - chronic","3 inflammationstress, and 1015 improved neurological health, aligning mahas chronic disease prevention goals. 5. alignment maha objectives using whole hemp plant nutrition sd supports kennedys make america healthy again objectives - chronic",35
1924294292522385546,"🧵/4
  - **Economic Tie**: Low-cost production (using byproducts from $1,294,000/100-acre hemp rotation) makes infusions accessible, supporting MAHA’s affordability focus.

- **Food System Reform**:
  - **MAHA Goal**: Shift subsidies to healthy crops and reform dietary",Mon May 19 02:41:25 +0000 2025,,,2000,0,0,1,en,stevia protein bitter,2026-05-13T14:40:09.679634,twitter,"4 - economic tie low-cost production using byproducts from 1,294,000100-acre hemp rotation makes infusions accessible, supporting mahas affordability focus. - food system reform - maha goal shift subsidies to healthy crops and reform dietary","4 - economic tie low-cost production using byproducts 1,294,000100-acre hemp rotation makes infusions accessible, supporting mahas affordability focus. - food system reform - maha goal shift subsidies healthy crops and reform dietary",34
1912955203185156472,"guys . i can’t gatekeep this. THIS COFFEE !!!! 20g of protein for only 100cal and it has 175mg of caffeine!!! it’s sweetened w monkfruit + stevia. my brother said it’s a little bitter so this is def for coffee lovers, they have vanilla and mocha too w the same macros!! @ walmart https://t.co/wKU5GVZum7",Thu Apr 17 19:43:56 +0000 2025,,,882,12,0,3,en,stevia protein bitter,2026-05-13T14:40:20.703882,twitter,"guys . i cant gatekeep this. this coffee !!!! 20g of protein for only 100cal and it has 175mg of caffeine!!! its sweetened w monkfruit stevia. my brother said its a little bitter so this is def for coffee lovers, they have vanilla and mocha too w the same macros!! walmart","guys . cant gatekeep this. coffee !!!! 20g protein only 100cal and 175mg caffeine!!! its sweetened w monkfruit stevia. brother said its little bitter def coffee lovers, vanilla and mocha too w same macros!! walmart",51
1905206946837434588,"@kalapian_ @varnityadav I am having stevia for the past 20 years or so in coffee. Maybe Coffee is bitter I am never able to understand the taste problems that people mention.

I have used it in other beverages (milkshakes, protein shakes) and have never experienced any off taste.

Even my wife agrees.",Thu Mar 27 10:35:07 +0000 2025,,,11341,0,0,0,en,stevia protein bitter,2026-05-13T14:40:20.703885,twitter,"i am having stevia for the past 20 years or so in coffee. maybe coffee is bitter i am never able to understand the taste problems that people mention. i have used it in other beverages milkshakes, protein shakes and have never experienced any off taste. even my wife agrees.","am having stevia past 20 years coffee. maybe coffee bitter am never able understand taste problems people mention. used other beverages milkshakes, protein shakes and never experienced any off taste. even wife agrees.",50
1894182948464734360,"@Primal_Cowboy @PeterRahal @jasonfried We switched from stevia to sucralose in our bars to enhance the flavor without the bitter aftertaste some people experience with stevia. Sucralose provides a cleaner sweetness, similar to sugar but without the calories or blood sugar impact. This update helps us maintain our",Tue Feb 25 00:29:41 +0000 2025,,,5853,0,0,0,en,stevia protein bitter,2026-05-13T14:40:20.703890,twitter,"we switched from stevia to sucralose in our bars to enhance the flavor without the bitter aftertaste some people experience with stevia. sucralose provides a cleaner sweetness, similar to sugar but without the calories or blood sugar impact. this update helps us maintain our","switched stevia sucralose our bars enhance flavor without bitter aftertaste some people experience stevia. sucralose provides cleaner sweetness, similar sugar without calories blood sugar impact. update helps us maintain our",44
1883017060684337266,"Diet coke is far from healthy.
**Acesulfame Potassium (Acesulfame-K)** is an artificial sweetener commonly used in food and beverages as a sugar substitute. It is about 200 times sweeter than sugar and is often blended with other sweeteners to enhance sweetness and mask bitter https://t.co/T60quSMXkv",Sat Jan 25 05:00:26 +0000 2025,,,1335,0,0,0,en,stevia protein bitter,2026-05-13T14:40:09.679642,twitter,diet coke is far from healthy. acesulfame potassium acesulfame-k is an artificial sweetener commonly used in food and beverages as a sugar substitute. it is about 200 times sweeter than sugar and is often blended with other sweeteners to enhance sweetness and mask bitter,diet coke far healthy. acesulfame potassium acesulfame-k artificial sweetener commonly used food and beverages sugar substitute. about 200 times sweeter sugar and often blended other sweeteners enhance sweetness and mask bitter,44
1856181997972140305,"2/7

▶️ What can you have on a Low Carb diet? (Strict version)

👉 PROTEIN:

🔵 𝗨𝘀𝗲 𝗠𝗼𝘀𝘁𝗹𝘆: Eggs 🥚, Fish 🐟, Chicken 🍗, Red Meat 🥩, Paneer, Cheese 🧀, Yoghurt ✅✅

🔵 𝗨𝘀𝗲 𝗦𝗽𝗮𝗿𝗶𝗻𝗴𝗹𝘆: Sprouted Legumes like Moong 🌱, Nuts 🥜, Seeds, Tofu (for some) ✅

🔵 https://t.co/InbZhYAjNU",Tue Nov 12 03:47:29 +0000 2024,,,28781,5,1,1,en,stevia protein bitter,2026-05-13T14:40:09.679644,twitter,"27 what can you have on a low carb diet? strict version protein eggs , fish , chicken , red meat , paneer, cheese , yoghurt sprouted legumes like moong , nuts , seeds, tofu for some","27 what low carb diet? strict version protein eggs , fish , chicken , red meat , paneer, cheese , yoghurt sprouted legumes like moong , nuts , seeds, tofu some",37
1851265044270502113,"Ingredients Guide for Diabetes

▶️ PROTEIN:

🔵 𝗨𝘀𝗲 𝗠𝗼𝘀𝘁𝗹𝘆: Eggs 🥚, Fish 🐟, Chicken 🍗, Red Meat 🥩, Paneer, Cheese 🧀, Yoghurt ✅✅

🔵 𝗨𝘀𝗲 𝗦𝗽𝗮𝗿𝗶𝗻𝗴𝗹𝘆: Sprouted Legumes like Moong 🌱, Nuts 🥜, Seeds, Tofu (for some) ✅

🔵 𝗦𝘂𝗽𝗽𝗹𝗲𝗺𝗲𝗻𝘁: Whey Isolate https://t.co/gMFzCaHy6t",Tue Oct 29 14:09:16 +0000 2024,,,28781,112,27,4,en,stevia protein bitter,2026-05-13T14:40:09.679647,twitter,"ingredients guide for diabetes protein eggs , fish , chicken , red meat , paneer, cheese , yoghurt sprouted legumes like moong , nuts , seeds, tofu for some whey isolate","ingredients guide diabetes protein eggs , fish , chicken , red meat , paneer, cheese , yoghurt sprouted legumes like moong , nuts , seeds, tofu some whey isolate",31
1813485459844051218,"@imVinayyyyy @chiragbarjatya Try allulose.

Coming soon. 

0 calories 
K ratio 0.7 (sugar is baseline).
Commercialised in Japan, 'The Land that doesn't need Ozempic'.

Can easily halve sugar or more in any recipe. We can make a Mysore Pak into a superfood. 

Here is a sample output from our CUSTOM GPT",Wed Jul 17 08:06:41 +0000 2024,,,1693,0,0,0,en,stevia protein bitter,2026-05-13T14:40:09.679649,twitter,"try allulose. coming soon. 0 calories k ratio 0.7 sugar is baseline. commercialised in japan, 'the land that doesn't need ozempic'. can easily halve sugar or more in any recipe. we can make a mysore pak into a superfood. here is a sample output from our custom gpt","try allulose. coming soon. 0 calories k ratio 0.7 sugar baseline. commercialised japan, 'the land doesn't need ozempic'. easily halve sugar more any recipe. make mysore pak into superfood. here sample output our custom gpt",48
1796725518202802503,"Ternyata raw cacao powder itu rasanya kuat banget yak. Bitter fermented gitu. Memang harus pake stevia sih, nggak mungkin nyetok chocolatos drink mulu buat pemanis protein powder🤣",Sat Jun 01 02:08:39 +0000 2024,,,394,0,0,0,id,stevia protein bitter,2026-05-13T14:40:20.703893,twitter,"ternyata raw cacao powder itu rasanya kuat banget yak. bitter fermented gitu. memang harus pake stevia sih, tidak mungkin nyetok chocolatos drink mulu buat pemanis protein powder","ternyata raw cacao powder rasanya kuat banget yak. bitter fermented gitu. memang harus pake stevia sih, tidak mungkin nyetok chocolatos drink mulu buat pemanis protein powder",27
1784968188087648405,"Is dark chocolate good for weight loss?

It has caused some confusion that our satiety scoring results in low scores for chocolate, and even dark chocolate does not score very high.

Many swear they can only eat a few pieces of dark chocolate, so they find it satiating (hint, https://t.co/kvMtNSFcYY",Mon Apr 29 15:29:13 +0000 2024,,,64122,61,5,26,en,stevia protein bitter,2026-05-13T14:40:09.679653,twitter,"is dark chocolate good for weight loss? it has caused some confusion that our satiety scoring results in low scores for chocolate, and even dark chocolate does not score very high. many swear they can only eat a few pieces of dark chocolate, so they find it satiating hint,","dark chocolate good weight loss? caused some confusion our satiety scoring results low scores chocolate, and even dark chocolate score high. many swear only eat few pieces dark chocolate, find satiating hint,",49
1750161342852714944,"Formulation #cannabis beverages round three - inspired still by Jerry Griffin and my conversation with Harold Han

After the emulsion and bitter blocking, the next most important thing in my mind is mouthfeel - which is naturally intertwined with sweetness. When designing https://t.co/7aSkX12Dzo",Wed Jan 24 14:19:15 +0000 2024,,,130,0,0,0,en,stevia protein bitter,2026-05-13T14:40:09.679655,twitter,"formulation cannabis beverages round three - inspired still by jerry griffin and my conversation with harold han after the emulsion and bitter blocking, the next most important thing in my mind is mouthfeel - which is naturally intertwined with sweetness. when designing","formulation cannabis beverages round three - inspired still jerry griffin and conversation harold han after emulsion and bitter blocking, next most important thing mind mouthfeel - which naturally intertwined sweetness. when designing",42
1706377778948379118,"@texasrunnerDFW @Austen Just checked and it has stevia &amp; sucralose, both of which have a super bitter aftertaste to me. I just had surgery and the Doc recommended protein supplement is simultaneously super sweet with a yuck aftertaste. I’d love to find one that doesn’t use artificial sweeteners",Mon Sep 25 18:39:00 +0000 2023,,,104,1,0,0,en,stevia protein bitter,2026-05-13T14:40:20.703898,twitter,"just checked and it has stevia amp sucralose, both of which have a super bitter aftertaste to me. i just had surgery and the doc recommended protein supplement is simultaneously super sweet with a yuck aftertaste. id love to find one that doesnt use artificial sweeteners","checked and stevia amp sucralose, both which super bitter aftertaste me. surgery and doc recommended protein supplement simultaneously super sweet yuck aftertaste. id love find one doesnt use artificial sweeteners",46
1665132729497710593,"How I keep my blood sugar in healthy ranges without *any* medication as a type 2 diabetic!

1. Net carbs
My net carbs per meal are less than 10g net carbs. How do I do it? High protein and high fat foods. I have a fasting glucose of between 80 and 100 mm/dl every single day.

2. https://t.co/LOZBVG32Ij",Sat Jun 03 23:05:54 +0000 2023,,,141,0,0,0,en,stevia protein bitter,2026-05-13T14:40:09.679659,twitter,how i keep my blood sugar in healthy ranges without any medication as a type 2 diabetic! 1. net carbs my net carbs per meal are less than 10g net carbs. how do i do it? high protein and high fat foods. i have a fasting glucose of between 80 and 100 mmdl every single day. 2.,how keep blood sugar healthy ranges without any medication type 2 diabetic! 1. net carbs net carbs per meal less 10g net carbs. how it? high protein and high fat foods. fasting glucose between 80 and 100 mmdl every single day. 2.,57
1641857846114410506,"@missing_clue Here are three tips: 

1. Use an isolated protein powder (no sugar no flavor nothing else added)

2. Use coffee to make it more bitter instead of water. 

3. Don't add the stevia as well. 

4. Cut the vanilla amount in half. 

I hope you make the recipe that's best for you 🤗",Fri Mar 31 17:39:49 +0000 2023,,,6341,1,0,1,en,stevia protein bitter,2026-05-13T14:40:20.703902,twitter,here are three tips 1. use an isolated protein powder no sugar no flavor nothing else added 2. use coffee to make it more bitter instead of water. 3. don't add the stevia as well. 4. cut the vanilla amount in half. i hope you make the recipe that's best for you,here three tips 1. use isolated protein powder no sugar no flavor nothing else added 2. use coffee make more bitter instead water. 3. don't add stevia well. 4. cut vanilla amount half. hope make recipe that's best,52
1968032058296656000,"You asked, we listened

Stevia is a bit like cilantro: some love it, others think it tastes bitter

We created new blends that are still real food based - sweetened with monk fruit and some coconut sugar

Same grass-fed beef protein, same clean real food ingredients 💪 https://t.co/NCXCXlDsON",Tue Sep 16 19:19:41 +0000 2025,,,7455,3,0,1,en,stevia protein bitter,2026-05-13T14:40:20.703834,twitter,"you asked, we listened stevia is a bit like cilantro some love it, others think it tastes bitter we created new blends that are still real food based - sweetened with monk fruit and some coconut sugar same grass-fed beef protein, same clean real food ingredients","asked, listened stevia bit like cilantro some love it, others think tastes bitter created new blends still real food based - sweetened monk fruit and some coconut sugar same grass-fed beef protein, same clean real food ingredients",46
1610397055373152257,"built: double chocolate 🍫🤎

130 cals for 17g of protein! (40g bar) 

thought this would be quite similar to chocolate deluxe but it's a lil weird 😥

i sprinkled a bit of stevia to help w/ the flavor &amp; it rly needed it. this bar is quite bitter! 

7/10! (5/5 macros, 2/5 taste) https://t.co/pp6qLunU4Q",Tue Jan 03 22:05:52 +0000 2023,,,50746,26,0,1,en,stevia protein bitter,2026-05-13T14:40:20.703904,twitter,"built double chocolate 130 cals for 17g of protein! 40g bar thought this would be quite similar to chocolate deluxe but it's a lil weird i sprinkled a bit of stevia to help w the flavor amp it rly needed it. this bar is quite bitter! 710! 55 macros, 25 taste","built double chocolate 130 cals 17g protein! 40g bar thought quite similar chocolate deluxe it's lil weird sprinkled bit stevia help w flavor amp rly needed it. bar quite bitter! 710! 55 macros, 25 taste",51
1450796057164718085,i bought whey protein and omg the amount of stevia in it. it's SO bitter,Wed Oct 20 12:08:29 +0000 2021,,,228,0,0,0,en,stevia protein bitter,2026-05-13T14:40:20.703909,twitter,i bought whey protein and omg the amount of stevia in it. it's so bitter,bought whey protein and omg amount stevia it. it's bitter,15
1443959306647396352,"@kidtheseventh At work when I press my fresh ground beans, Ive started use stevia drops &amp; a scoop of vanilla whey protein (24g protein, 1 g of carbs).

You don't have to learn to ""like it straight"". Chocolate is horribly bitter, but even 85% pure (a little sugar) is pretty palatable",Fri Oct 01 15:21:40 +0000 2021,,,1492,1,0,1,en,stevia protein bitter,2026-05-13T14:40:20.703912,twitter,"at work when i press my fresh ground beans, ive started use stevia drops amp a scoop of vanilla whey protein 24g protein, 1 tidak of carbs. you don't have to learn to like it straight. chocolate is horribly bitter, but even 85 pure a little sugar is pretty palatable","work when press fresh ground beans, ive started use stevia drops amp scoop vanilla whey protein 24g protein, 1 tidak carbs. don't learn like straight. chocolate horribly bitter, even 85 pure little sugar pretty palatable",50
1284765360076599297,"Started my day with such a cozy breakfast🤩🙏 
✅Protein flourless pancakes (200ml eggwhites, 1 small banana, 1 tbsp bitter cacao, stevia, 50g oats)
✅2 tbsp low fat greek yoghurt
✅1 tbsp homemade apricot jam with… https://t.co/Id1ppdTr4a",Sun Jul 19 08:21:46 +0000 2020,,,58,0,0,0,en,stevia protein bitter,2026-05-13T14:40:20.703916,twitter,"started my day with such a cozy breakfast protein flourless pancakes 200ml eggwhites, 1 small banana, 1 tbsp bitter cacao, stevia, 50g oats 2 tbsp low fat greek yoghurt 1 tbsp homemade apricot jam with","started day such cozy breakfast protein flourless pancakes 200ml eggwhites, 1 small banana, 1 tbsp bitter cacao, stevia, 50g oats 2 tbsp low fat greek yoghurt 1 tbsp homemade apricot jam",35
1283438752946368514,"‼💡CHOCO PROTEIN BOMB WITHOUT WHEY💡‼
✅250g eggwhites
✅1 tbsp bitter cacao powder
✅1 tbsp honey or stevia 
✅ ice
➡️100kcal, 28.5g protein
✔low carb, low fat
✔refreshing and yummy
.
.
.
#protein #smoothie… https://t.co/ivgDDsxmPc",Wed Jul 15 16:30:18 +0000 2020,,,58,0,0,0,en,stevia protein bitter,2026-05-13T14:40:20.703918,twitter,"choco protein bomb without whey 250g eggwhites 1 tbsp bitter cacao powder 1 tbsp honey or stevia ice 100kcal, 28.5g protein low carb, low fat refreshing and yummy . . . protein smoothie","choco protein bomb without whey 250g eggwhites 1 tbsp bitter cacao powder 1 tbsp honey stevia ice 100kcal, 28.5g protein low carb, low fat refreshing and yummy . . . protein smoothie",33
1249767735309012993,"@MelindaHoward4 Hmmmm I’m on an eating plan with lots of greens,finally dropping some excess weight.  I mix kale with spinach, turmeric (also bitter), whey protein, and organic cinnamon. I blunt the bitterness with Stevia.  And I do seem to recover better.  But my wife says I can drink anything",Mon Apr 13 18:33:42 +0000 2020,,,381,1,0,1,en,stevia protein bitter,2026-05-13T14:40:20.703920,twitter,"hmmmm im on an eating plan with lots of greens,finally dropping some excess weight. i mix kale with spinach, turmeric also bitter, whey protein, and organic cinnamon. i blunt the bitterness with stevia. and i do seem to recover better. but my wife says i can drink anything","hmmmm im eating plan lots greens,finally dropping some excess weight. mix kale spinach, turmeric bitter, whey protein, and organic cinnamon. blunt bitterness stevia. and seem recover better. wife says drink anything",48
1147409872599863296,"@joannejacobs Yuck stevia. So bitter. I prefer xylitol as a sugar substitute.

So are those flours protein rather than carbohydrate? How are they flours if they aren't carbohydrate? I don't know enough chemistry...
Coconut flour is delicious. Haven't tried almond flour.",Sat Jul 06 07:40:06 +0000 2019,,,1484,0,0,0,en,stevia protein bitter,2026-05-13T14:40:13.593176,twitter,yuck stevia. so bitter. i prefer xylitol as a sugar substitute. so are those flours protein rather than carbohydrate? how are they flours if they aren't carbohydrate? i don't know enough chemistry... coconut flour is delicious. haven't tried almond flour.,yuck stevia. bitter. prefer xylitol sugar substitute. flours protein rather carbohydrate? how flours aren't carbohydrate? don't know enough chemistry... coconut flour delicious. haven't tried almond flour.,40
1025676820266381312,How do you fancy using a patented protein supported by the Dutch Olympic Committee? Check out PeptoPro!!! It is the standard for elite athletes. Beware though – it has a bitter taste so you may want to sweeten it with something like stevia! https://t.co/HVCvFtl7gw,Sat Aug 04 09:36:24 +0000 2018,,,427,0,0,0,en,stevia protein bitter,2026-05-13T14:40:13.593178,twitter,how do you fancy using a patented protein supported by the dutch olympic committee? check out peptopro!!! it is the standard for elite athletes. beware though it has a bitter taste so you may want to sweeten it with something like stevia!,how fancy using patented protein supported dutch olympic committee? check out peptopro!!! standard elite athletes. beware though bitter taste want sweeten something like stevia!,42
1007776879418359808,@SpaceJordan if you drink coffee learn to like it bitter or get fake sweeteners (preferably stevia) and use almond/soy milk over regular since regular milk is very high in sugar and fat despite the protein,Sat Jun 16 00:08:26 +0000 2018,,,417,0,0,2,en,stevia protein bitter,2026-05-13T14:40:13.593180,twitter,if you drink coffee learn to like it bitter or get fake sweeteners preferably stevia and use almondsoy milk over regular since regular milk is very high in sugar and fat despite the protein,drink coffee learn like bitter get fake sweeteners preferably stevia and use almondsoy milk over regular since regular milk high sugar and fat despite protein,34
994058731758411776,"I just bought #PurelyInspired vanilla protein powder and in my opinion, it tastes awful. Does anyone have any #gastritis, #esophagitis friendly shake recipes that mask the malty bitter powder with saccharine tasting stevia? Almond butter &amp; banana didn't work
@PIsupplements",Wed May 09 03:37:25 +0000 2018,,,44,1,0,1,en,stevia protein bitter,2026-05-13T14:40:13.593182,twitter,"i just bought purelyinspired vanilla protein powder and in my opinion, it tastes awful. does anyone have any gastritis, esophagitis friendly shake recipes that mask the malty bitter powder with saccharine tasting stevia? almond butter amp banana didn't work","bought purelyinspired vanilla protein powder and opinion, tastes awful. anyone any gastritis, esophagitis friendly shake recipes mask malty bitter powder saccharine tasting stevia? almond butter amp banana didn't work",39
591126271914029056,@JakeShakeEU Stevia does have a bitter aftertaste though along with the bitterness of Pea Protein that would probably make it more bitter..,Thu Apr 23 06:27:40 +0000 2015,,,117,0,0,0,en,stevia protein bitter,2026-05-13T14:40:13.593184,twitter,stevia does have a bitter aftertaste though along with the bitterness of pea protein that would probably make it more bitter..,stevia bitter aftertaste though along bitterness pea protein probably make more bitter..,21
495189306982412288,"@ScottVann What? No they’re just SUPER bitter. I had to put more protein, some honey, and even some stevia and ice in to hork it down.",Fri Aug 01 12:48:25 +0000 2014,,,2879,0,0,1,en,stevia protein bitter,2026-05-13T14:40:13.593185,twitter,"what? no theyre just super bitter. i had to put more protein, some honey, and even some stevia and ice in to hork it down.","what? no theyre super bitter. put more protein, some honey, and even some stevia and ice hork down.",25
279043092395474945,"@SaschaFitness Estoy de cumple hice mi torta light con claras de huevos,stevia,whey protein y gotas de chocolate bitter http://t.co/TFuWvQg",Thu Dec 13 02:00:33 +0000 2012,,,94,0,0,0,other,stevia protein bitter,2026-05-13T14:40:13.593187,twitter,"estoy de cumple hice mi torta light con claras de huevos,stevia,whey protein y gotas de chocolate bitter","estoy de cumple hice mi torta light con claras de huevos,stevia,whey protein y gotas de chocolate bitter",17
211562598225813504,@OneTwoThree8 I hate liquid stevia. Bitter tasting to me.  I never tasted the bitterness in the protein powder.  Now I use raw honey/fruit.,Sat Jun 09 20:57:08 +0000 2012,,,2363,0,0,0,en,stevia protein bitter,2026-05-13T14:40:13.593189,twitter,i hate liquid stevia. bitter tasting to me. i never tasted the bitterness in the protein powder. now i use raw honeyfruit.,hate liquid stevia. bitter tasting me. never tasted bitterness protein powder. now use raw honeyfruit.,22
1660752646540517378,Check out this review of our PowerLunch Whey Shake by Sandy. Thanks so much! https://t.co/5wfmCtvM5N via @yotpo,Mon May 22 21:01:00 +0000 2023,,,20,0,0,0,en,stevia protein bitter,2026-05-13T14:40:20.703900,twitter,check out this review of our powerlunch whey shake by sandy. thanks so much! via,check out review our powerlunch whey shake sandy. thanks much! via,15
1302360609254641665,@kurteichenwald This stuff tastes great and is sweetened with Stevia.  No bitter taste.  https://t.co/0TXA2Whm4p,Sat Sep 05 21:39:00 +0000 2020,,,634,0,0,0,en,stevia protein bitter,2026-05-13T14:40:20.703914,twitter,this stuff tastes great and is sweetened with stevia. no bitter taste.,stuff tastes great and sweetened stevia. no bitter taste.,12
2036773634962862227,"you've been lied to about sugar your entire life.

and it's the biggest nutritional scam of the last 50 years.

they told you sugar makes you fat.

sugar gives you diabetes.
sugar rots your teeth.
sugar is ""toxic”.

so you cut it.

and replaced it with:

artificial sweeteners. https://t.co/Z7qTgYM9DV",Wed Mar 25 11:54:10 +0000 2026,,,6308,165,16,15,en,sucralose protein taste,2026-05-13T14:41:42.460323,twitter,you've been lied to about sugar your entire life. and it's the biggest nutritional scam of the last 50 years. they told you sugar makes you fat. sugar gives you diabetes. sugar rots your teeth. sugar is toxic. so you cut it. and replaced it with artificial sweeteners.,you've lied about sugar entire life. and it's biggest nutritional scam last 50 years. told sugar makes fat. sugar gives diabetes. sugar rots teeth. sugar toxic. cut it. and replaced artificial sweeteners.,48
2032477580050264429,@MurrayHillGuy1 They can go to the gym 5days a week and still gain fat if they are consuming more calories than they are burning. There are alot of trash 'protein bars' &amp; powders.  Red flag number 1 for me is if i see maltodextrin or sucralose in the list. Why sucralose? it's made from tweaking,Fri Mar 13 15:23:11 +0000 2026,,,29,0,0,0,en,sucralose protein taste,2026-05-13T14:41:42.460326,twitter,they can go to the gym 5days a week and still gain fat if they are consuming more calories than they are burning. there are alot of trash 'protein bars' amp powders. red flag number 1 for me is if i see maltodextrin or sucralose in the list. why sucralose? it's made from tweaking,go gym 5days week and still gain fat consuming more calories burning. there alot trash 'protein bars' amp powders. red flag number 1 see maltodextrin sucralose list. why sucralose? it's made tweaking,54
2029727013578363021,"@camjenglish @simonmaechling Many people call them ""fake"" because they mimic natural qualities (e.g., bright colors without real fruit, buttery taste without butter) but come from lab-synthesized compounds. While regulatory bodies like the FDA consider most safe in limited amounts, growing research",Fri Mar 06 01:13:25 +0000 2026,,,3036,0,0,1,en,sucralose protein taste,2026-05-13T14:41:42.460328,twitter,"many people call them fake because they mimic natural qualities e.g., bright colors without real fruit, buttery taste without butter but come from lab-synthesized compounds. while regulatory bodies like the fda consider most safe in limited amounts, growing research","many people call them fake because mimic natural qualities e.g., bright colors without real fruit, buttery taste without butter come lab-synthesized compounds. while regulatory bodies like fda consider most safe limited amounts, growing research",39
2028997709659623451,"@DeanTTraining If you use fair life milk to make a protein shake, make it up with 4 cups, which will give you around 50 g of protein. Then use 70 g of the Splenda product &amp; 25 drops of the sucralose concentrate with a pinch of salt &amp; vanilla extract. Taste just like a vanilla shake.",Wed Mar 04 00:55:25 +0000 2026,,,207,0,0,0,en,sucralose protein taste,2026-05-13T14:41:42.460330,twitter,"if you use fair life milk to make a protein shake, make it up with 4 cups, which will give you around 50 tidak of protein. then use 70 tidak of the splenda product amp 25 drops of the sucralose concentrate with a pinch of salt amp vanilla extract. taste just like a vanilla shake.","use fair life milk make protein shake, make up 4 cups, which give around 50 tidak protein. use 70 tidak splenda product amp 25 drops sucralose concentrate pinch salt amp vanilla extract. taste like vanilla shake.",55
2025775745516097822,"Things to Know Before Choosing a Sugar Alternative

Rising health concerns, especially around diabetes, obesity, and heart diseases, have led many to seek old-school sugar alternatives offering the same taste and cooking properties, but not at the cost of health.

Today’s market https://t.co/IrPOUj2bdH",Mon Feb 23 03:32:29 +0000 2026,,,14,0,0,0,en,sucralose protein taste,2026-05-13T14:41:42.460332,twitter,"things to know before choosing a sugar alternative rising health concerns, especially around diabetes, obesity, and heart diseases, have led many to seek old-school sugar alternatives offering the same taste and cooking properties, but not at the cost of health. todays market","things know before choosing sugar alternative rising health concerns, especially around diabetes, obesity, and heart diseases, led many seek old-school sugar alternatives offering same taste and cooking properties, cost health. todays market",42
2025775735055519891,"Things to Know Before Choosing a Sugar Alternative

Rising health concerns, especially around diabetes, obesity, and heart diseases, have led many to seek old-school sugar alternatives offering the same taste and cooking properties, but not at the cost of health.

Today’s market https://t.co/Of01AHf3Rp",Mon Feb 23 03:32:26 +0000 2026,,,16,0,0,0,en,sucralose protein taste,2026-05-13T14:41:42.460333,twitter,"things to know before choosing a sugar alternative rising health concerns, especially around diabetes, obesity, and heart diseases, have led many to seek old-school sugar alternatives offering the same taste and cooking properties, but not at the cost of health. todays market","things know before choosing sugar alternative rising health concerns, especially around diabetes, obesity, and heart diseases, led many seek old-school sugar alternatives offering same taste and cooking properties, cost health. todays market",42
2023793213501514085,"Goddamn

Just look at the ingredients and how they fool the customers

1. They stack hydrolyzed collagen, calcium caseinate, whey isolate and whey concentrate. On paper it says 15 g protein. But collagen is a low-quality protein for muscle building, very low in leucine and https://t.co/OnPng0PzY6",Tue Feb 17 16:14:37 +0000 2026,,,469,6,3,0,en,sucralose protein taste,2026-05-13T14:41:42.460335,twitter,"goddamn just look at the ingredients and how they fool the customers 1. they stack hydrolyzed collagen, calcium caseinate, whey isolate and whey concentrate. on paper it says 15 tidak protein. but collagen is a low-quality protein for muscle building, very low in leucine and","goddamn look ingredients and how fool customers 1. stack hydrolyzed collagen, calcium caseinate, whey isolate and whey concentrate. paper says 15 tidak protein. collagen low-quality protein muscle building, low leucine and",45
2022279971754906033,"@WonderWomaNinja I take 5mg of pure creatine monohydrate. I usually mix with my protein shake. In water, it has a gritty texture so I would find something you like to mix it with. There are plenty of brands that are pre-mixed and taste great but now you're consuming more sucralose/sugar etc.",Fri Feb 13 12:01:32 +0000 2026,,,1403,1,0,1,en,sucralose protein taste,2026-05-13T14:41:42.460337,twitter,"i take 5mg of pure creatine monohydrate. i usually mix with my protein shake. in water, it has a gritty texture so i would find something you like to mix it with. there are plenty of brands that are pre-mixed and taste great but now you're consuming more sucralosesugar etc.","take 5mg pure creatine monohydrate. usually mix protein shake. water, gritty texture find something like mix with. there plenty brands pre-mixed and taste great now you're consuming more sucralosesugar etc.",50
2020609436641865794,"@jasmine007a Honestly sack off the flavoured protein it has Artificial sweeteners like sucralose or acesulfame K it also has thickeners. Unflavoured is cleaner,  to make it taste better use coffee, peanut butter etc.",Sun Feb 08 21:23:25 +0000 2026,,,79,0,0,0,en,sucralose protein taste,2026-05-13T14:41:42.460339,twitter,"honestly sack off the flavoured protein it has artificial sweeteners like sucralose or acesulfame k it also has thickeners. unflavoured is cleaner, to make it taste better use coffee, peanut butter etc.","honestly sack off flavoured protein artificial sweeteners like sucralose acesulfame k thickeners. unflavoured cleaner, make taste better use coffee, peanut butter etc.",32
2018702557556953267,"@morellifit I see your point, but they still have a place in the market. The ingredients aren’t ideal, especially with aspartame and sucralose. but they taste better than most protein bars out there. Their real strength isn’t ingredient quality — it’s taste and protein density per calorie.",Tue Feb 03 15:06:10 +0000 2026,,,156,4,0,2,en,sucralose protein taste,2026-05-13T14:41:42.460341,twitter,"i see your point, but they still have a place in the market. the ingredients arent ideal, especially with aspartame and sucralose. but they taste better than most protein bars out there. their real strength isnt ingredient quality its taste and protein density per calorie.","see point, still place market. ingredients arent ideal, especially aspartame and sucralose. taste better most protein bars out there. their real strength isnt ingredient quality its taste and protein density per calorie.",45
2016291040542470531,i got these protein shakes and they taste good but you can just Taste the sucralose,Tue Jan 27 23:23:39 +0000 2026,,,327,0,0,0,en,sucralose protein taste,2026-05-13T14:41:42.460342,twitter,i got these protein shakes and they taste good but you can just taste the sucralose,got protein shakes and taste good taste sucralose,16
2014534086124306537,"Is the optimal protein cottage cheese? 
(Followed by lots of disposable plastic bottles and whey)
Parameters: convenience, g per calorie, stock ability, taste, cleanliness (no carrageenan, sucralose, etc)
Discuss.",Fri Jan 23 03:02:09 +0000 2026,,,23551,13,0,7,en,sucralose protein taste,2026-05-13T14:41:42.460346,twitter,"is the optimal protein cottage cheese? followed by lots of disposable plastic bottles and whey parameters convenience, tidak per calorie, stock ability, taste, cleanliness no carrageenan, sucralose, etc discuss.","optimal protein cottage cheese? followed lots disposable plastic bottles and whey parameters convenience, tidak per calorie, stock ability, taste, cleanliness no carrageenan, sucralose, etc discuss.",29
2010733464556024113,@bullet_proofdad It's got that protein taste but really not bad. Sweetened with sucralose like Ghost and other really yummy energy drinks so that helps with the flavor.,Mon Jan 12 15:19:50 +0000 2026,,,22454,1,0,0,en,sucralose protein taste,2026-05-13T14:41:42.460350,twitter,it's got that protein taste but really not bad. sweetened with sucralose like ghost and other really yummy energy drinks so that helps with the flavor.,it's got protein taste bad. sweetened sucralose like ghost and other yummy energy drinks helps flavor.,26
2010642152993460498,"@Timm_rma @escapefrommelos Yeah neither is sucralose. The entire post is dumb, the entire ingedient list is very transparent and easy to find and the protein is literally milk powder and some chocolate powder and sucralose added for taste. ""Ultra processed slop"" shut up.",Mon Jan 12 09:16:59 +0000 2026,,,180,1,0,0,en,sucralose protein taste,2026-05-13T14:41:42.460351,twitter,"yeah neither is sucralose. the entire post is dumb, the entire ingedient list is very transparent and easy to find and the protein is literally milk powder and some chocolate powder and sucralose added for taste. ultra processed slop shut up.","yeah neither sucralose. entire post dumb, entire ingedient list transparent and easy find and protein literally milk powder and some chocolate powder and sucralose added taste. ultra processed slop shut up.",41
2010631943428440433,"“No added sugar” often means worse substitutes, not a better product. 

Here's Why!

Take most no added sugar protein bars. Sugar is taken out, but the bar still has to taste sweet, feel indulgent, and survive months on a shelf. So brands don’t remove sugar’s role, they replace https://t.co/g8fxUfyWJI",Mon Jan 12 08:36:25 +0000 2026,,,4403,25,2,4,en,sucralose protein taste,2026-05-13T14:41:42.460353,twitter,"no added sugar often means worse substitutes, not a better product. here's why! take most no added sugar protein bars. sugar is taken out, but the bar still has to taste sweet, feel indulgent, and survive months on a shelf. so brands dont remove sugars role, they replace","no added sugar often means worse substitutes, better product. here's why! take most no added sugar protein bars. sugar taken out, bar still taste sweet, feel indulgent, and survive months shelf. brands dont remove sugars role, replace",48
2008738792346378240,"@david_protein Garbage!!! Cons:
•Taste: Often described as artificial due to sweeteners (sucralose, Ace-K) and ""protein powder"" flavor. 
•Ingredients: Contains sugar alcohols and artificial flavors, lacking fiber, which some health-conscious users dislike. 
🤮🤮🤮🤮",Wed Jan 07 03:13:43 +0000 2026,,,217,3,0,1,en,sucralose protein taste,2026-05-13T14:41:42.460357,twitter,"garbage!!! cons taste often described as artificial due to sweeteners sucralose, ace-k and protein powder flavor. ingredients contains sugar alcohols and artificial flavors, lacking fiber, which some health-conscious users dislike.","garbage!!! cons taste often described artificial due sweeteners sucralose, ace-k and protein powder flavor. ingredients contains sugar alcohols and artificial flavors, lacking fiber, which some health-conscious users dislike.",30
1992741715028160852,"@jacob_posel Everything in bar form is a highly processed food. Virtually all ""bars"" have ingredients that will cause GI issues. They've been engineered to have certain nutritional claims ""X grams of protein"" ""no sugar"" ""Y grams of fiber"".

Many use sugar alcohols or artificial sweeteners to",Sun Nov 23 23:47:02 +0000 2025,,,378,0,0,0,en,sucralose protein taste,2026-05-13T14:41:46.449382,twitter,everything in bar form is a highly processed food. virtually all bars have ingredients that will cause gi issues. they've been engineered to have certain nutritional claims x grams of protein no sugar y grams of fiber. many use sugar alcohols or artificial sweeteners to,everything bar form highly processed food. virtually all bars ingredients cause gi issues. they've engineered certain nutritional claims x grams protein no sugar y grams fiber. many use sugar alcohols artificial sweeteners,45
1989841047472456034,SEEQ removes sucralose from its signature clear protein but promises the same juicy taste https://t.co/FezGmMcjzV,Sat Nov 15 23:40:49 +0000 2025,,,7881,0,0,0,en,sucralose protein taste,2026-05-13T14:41:46.449384,twitter,seeq removes sucralose from its signature clear protein but promises the same juicy taste,seeq removes sucralose its signature clear protein promises same juicy taste,14
1987060557229289978,"- Raw milk, derived directly from pasture-raised cows without pasteurization or homogenization, retains its natural enzymes, probiotics, and nutrients, embodying the wholesome provision of creation as a complete food that nourishes the body in its unadulterated form",Sat Nov 08 07:32:09 +0000 2025,,,1473,17,6,0,en,sucralose protein taste,2026-05-13T14:41:46.449386,twitter,"- raw milk, derived directly from pasture-raised cows without pasteurization or homogenization, retains its natural enzymes, probiotics, and nutrients, embodying the wholesome provision of creation as a complete food that nourishes the body in its unadulterated form","- raw milk, derived directly pasture-raised cows without pasteurization homogenization, retains its natural enzymes, probiotics, and nutrients, embodying wholesome provision creation complete food nourishes body its unadulterated form",37
1987060514984268083,"@newstart_2024 - Raw milk, derived directly from pasture-raised cows without pasteurization or homogenization, retains its natural enzymes, probiotics, and nutrients, embodying the wholesome provision of creation as a complete food that nourishes the body in its unadulterated form",Sat Nov 08 07:31:59 +0000 2025,,,1473,23,4,1,en,sucralose protein taste,2026-05-13T14:41:46.449388,twitter,"- raw milk, derived directly from pasture-raised cows without pasteurization or homogenization, retains its natural enzymes, probiotics, and nutrients, embodying the wholesome provision of creation as a complete food that nourishes the body in its unadulterated form","- raw milk, derived directly pasture-raised cows without pasteurization homogenization, retains its natural enzymes, probiotics, and nutrients, embodying wholesome provision creation complete food nourishes body its unadulterated form",37
1971693654969667876,"@pepper220331 @RobertKennedyJc What about sucralose? 
These protein bars are the bomb!
Taste like candy bars. 
With zero downside. https://t.co/jqKOPyzJjk",Fri Sep 26 21:49:34 +0000 2025,,,14977,0,0,0,en,sucralose protein taste,2026-05-13T14:41:46.449390,twitter,what about sucralose? these protein bars are the bomb! taste like candy bars. with zero downside.,what about sucralose? protein bars bomb! taste like candy bars. zero downside.,16
1965738561497715104,"@DCDMK @ZKForTre It's the same reason why usually most vegan protein bars have noticably less protein than whey bars: because vegan protein tastes worse then whey. In bars you can manouver that with sucralose though, but still worse taste.",Wed Sep 10 11:26:09 +0000 2025,,,26,0,0,0,en,sucralose protein taste,2026-05-13T14:41:46.449392,twitter,"it's the same reason why usually most vegan protein bars have noticably less protein than whey bars because vegan protein tastes worse then whey. in bars you can manouver that with sucralose though, but still worse taste.","it's same reason why usually most vegan protein bars noticably less protein whey bars because vegan protein tastes worse whey. bars manouver sucralose though, still worse taste.",37
1955025622184468822,"@1CentSandy @Meyekindenver @VicMawmah @grok @gork Nope, there's nothing bizarre in there—what gives this drink 30 grams of protein per can is ultra-filtered whey protein isolate and collagen peptides, not anything wild or unexpected.

It gets its sweetness from sucralose and has a light, soda-like texture thanks to carbonation,",Mon Aug 11 21:56:45 +0000 2025,,,393435,0,0,0,en,sucralose protein taste,2026-05-13T14:41:46.449394,twitter,"nope, there's nothing bizarre in therewhat gives this drink 30 grams of protein per can is ultra-filtered whey protein isolate and collagen peptides, not anything wild or unexpected. it gets its sweetness from sucralose and has a light, soda-like texture thanks to carbonation,","nope, there's nothing bizarre therewhat gives drink 30 grams protein per ultra-filtered whey protein isolate and collagen peptides, anything wild unexpected. gets its sweetness sucralose and light, soda-like texture thanks carbonation,",43
1951062435596738724,"@DeanTTraining **PUTS ON THICK LENS GLASSES 🤓, CRACKS KNUCKLES (""Ouch, my feeble hands""), OPENS GROK TO GET AI RESPONSE (That I did not read)**

While I must commend the simplicity and macro-friendliness of your proposed pre-workout meal—clocking in at roughly 400-500 calories with a solid",Thu Jul 31 23:28:28 +0000 2025,,,640,1,0,1,en,sucralose protein taste,2026-05-13T14:41:46.449396,twitter,"puts on thick lens glasses , cracks knuckles ouch, my feeble hands, opens grok to get ai response that i did not read while i must commend the simplicity and macro-friendliness of your proposed pre-workout mealclocking in at roughly 400-500 calories with a solid","puts thick lens glasses , cracks knuckles ouch, feeble hands, opens grok get ai response read while must commend simplicity and macro-friendliness proposed pre-workout mealclocking roughly 400-500 calories solid",44
1945971114175541518,Guys don’t get the Pure Protein shakes unless you really love the taste of sucralose,Thu Jul 17 22:17:22 +0000 2025,,,650,7,0,2,en,sucralose protein taste,2026-05-13T14:41:46.449398,twitter,guys dont get the pure protein shakes unless you really love the taste of sucralose,guys dont get pure protein shakes unless love taste sucralose,15
1944874479152136276,"@KesterPettitt @crark44 @darrenrovell Sucralose is one of the most extensively studied sweeteners in modern food science, with decades of data from toxicology, human trials, and metabolic research. It’s approved by the EFSA, Health Canada, the FDA, and regulatory bodies in over 90 countries based on this robust",Mon Jul 14 21:39:44 +0000 2025,,,5853,0,0,0,en,sucralose protein taste,2026-05-13T14:41:46.449400,twitter,"sucralose is one of the most extensively studied sweeteners in modern food science, with decades of data from toxicology, human trials, and metabolic research. its approved by the efsa, health canada, the fda, and regulatory bodies in over 90 countries based on this robust","sucralose one most extensively studied sweeteners modern food science, decades data toxicology, human trials, and metabolic research. its approved efsa, health canada, fda, and regulatory bodies over 90 countries based robust",44
1944822622845370432,"@crark44 @darrenrovell Sucralose is part of what makes our bars great.

It’s a high-intensity sweetener derived from sucrose, delivering 600x the sweetness with virtually no calories and no blood sugar impact. It’s thermally stable, meaning it doesn’t break down during production—unlike some natural",Mon Jul 14 18:13:41 +0000 2025,,,5853,0,0,1,en,sucralose protein taste,2026-05-13T14:41:46.449402,twitter,"sucralose is part of what makes our bars great. its a high-intensity sweetener derived from sucrose, delivering 600x the sweetness with virtually no calories and no blood sugar impact. its thermally stable, meaning it doesnt break down during productionunlike some natural","sucralose part what makes our bars great. its high-intensity sweetener derived sucrose, delivering 600x sweetness virtually no calories and no blood sugar impact. its thermally stable, meaning doesnt break down during productionunlike some natural",41
1943264308730749279,"🍬🚫 Sweet Tooth Savior? Discover Genius Ways to Use Zero-Calorie Sweeteners!

✅Read full article: https://t.co/Pyp5owuWUc

Tired of sugar crashes but still crave sweetness? 🌱 You’re not alone! Zero-calorie sweeteners can be game-changers for weight management, diabetes",Thu Jul 10 11:01:29 +0000 2025,,,1056,0,0,0,en,sucralose protein taste,2026-05-13T14:41:46.449404,twitter,"sweet tooth savior? discover genius ways to use zero-calorie sweeteners! read full article tired of sugar crashes but still crave sweetness? youre not alone! zero-calorie sweeteners can be game-changers for weight management, diabetes","sweet tooth savior? discover genius ways use zero-calorie sweeteners! read full article tired sugar crashes still crave sweetness? youre alone! zero-calorie sweeteners game-changers weight management, diabetes",33
1942074048625951059,"@Sadie_NC All I recall is sugar and orange flavour 
So I asked Grok and it’s worse than I thought although it did have the daily requirement of Vitamin C 👀

The ingredients and quantities for Tang Orange Drink Mix, based on available information for a standard serving, are as follows.",Mon Jul 07 04:11:49 +0000 2025,,,260,3,0,0,en,sucralose protein taste,2026-05-13T14:41:46.449406,twitter,"all i recall is sugar and orange flavour so i asked grok and its worse than i thought although it did have the daily requirement of vitamin c the ingredients and quantities for tang orange drink mix, based on available information for a standard serving, are as follows.","all recall sugar and orange flavour asked grok and its worse thought although daily requirement vitamin c ingredients and quantities tang orange drink mix, based available information standard serving, follows.",48
1939286079355674809,"Sucralose intake linked to infertility: study | Taipei Times

The consumption of sugar substitute sucralose has been linked to male infertility, a study released by Taipei Medical University (TMU) said yesterday.

TMU School of Nutrition and Health Sciences head Hsia Shih-min https://t.co/CIxhw2ExjB",Sun Jun 29 11:33:26 +0000 2025,,,162455,14,4,2,en,sucralose protein taste,2026-05-13T14:41:46.449408,twitter,"sucralose intake linked to infertility study taipei times the consumption of sugar substitute sucralose has been linked to male infertility, a study released by taipei medical university tmu said yesterday. tmu school of nutrition and health sciences head hsia shih-min","sucralose intake linked infertility study taipei times consumption sugar substitute sucralose linked male infertility, study released taipei medical university tmu said yesterday. tmu school nutrition and health sciences head hsia shih-min",40
1937537484348326160,"I bought a neutral vegan protein powder bc every flavored one out there is sweetened with sucralose and I can't eat that, and I'm usually not picky when it comes to taste, I can handle a lot, but this one is so disgusting I genuinely feel like throwing up lmao",Tue Jun 24 15:45:08 +0000 2025,,,293,1,0,3,en,sucralose protein taste,2026-05-13T14:41:46.449410,twitter,"i bought a neutral vegan protein powder bc every flavored one out there is sweetened with sucralose and i can't eat that, and i'm usually not picky when it comes to taste, i can handle a lot, but this one is so disgusting i genuinely feel like throwing up lmao","bought neutral vegan protein powder bc every flavored one out there sweetened sucralose and can't eat that, and i'm usually picky when comes taste, handle lot, one disgusting genuinely feel like throwing up lmao",50
1930858955644772665,"🍈 Monk Fruit Magic: Nature’s Sweet Answer to Diabetes! 🌿

In the vast world of healing herbs and natural sweeteners, Monk Fruit (also known as Luo Han Guo) has emerged as a game-changer in managing diabetes naturally. Originating from the mountains of southern China and https://t.co/MgrYFGQjes",Fri Jun 06 05:27:03 +0000 2025,,,3589,2,1,0,en,sucralose protein taste,2026-05-13T14:41:46.449411,twitter,"monk fruit magic natures sweet answer to diabetes! in the vast world of healing herbs and natural sweeteners, monk fruit also known as luo han guo has emerged as a game-changer in managing diabetes naturally. originating from the mountains of southern china and","monk fruit magic natures sweet answer diabetes! vast world healing herbs and natural sweeteners, monk fruit known luo han guo emerged game-changer managing diabetes naturally. originating mountains southern china and",43
1928176493093360056,"@ReviewsPossum Seriously, you can switch to high protein, low fat milk, use sweeteners (Monk Fruit Sweetener and Sucralose are VERY close to sugar) and even supplement it with more whey/casein protein to give it a creamier texture and probably have a similar taste anyhow. It’d be insane how",Thu May 29 19:47:54 +0000 2025,,,1616,0,0,1,en,sucralose protein taste,2026-05-13T14:41:46.449415,twitter,"seriously, you can switch to high protein, low fat milk, use sweeteners monk fruit sweetener and sucralose are very close to sugar and even supplement it with more wheycasein protein to give it a creamier texture and probably have a similar taste anyhow. itd be insane how","seriously, switch high protein, low fat milk, use sweeteners monk fruit sweetener and sucralose close sugar and even supplement more wheycasein protein give creamier texture and probably similar taste anyhow. itd insane how",47
1921993442755805473,"@DooByte @cpgwire Because nutrition is not black and white—it’s not a dichotomy of ‘good’ and ‘bad’ ingredients. Our update wasn’t about cutting costs or cornerstones; it was about optimizing taste, stability, and consistency while maintaining the same elite macros: 28g protein, 150 calories, 0g",Mon May 12 18:18:40 +0000 2025,,,5853,1,0,1,en,sucralose protein taste,2026-05-13T14:41:46.449417,twitter,"because nutrition is not black and whiteits not a dichotomy of good and bad ingredients. our update wasnt about cutting costs or cornerstones it was about optimizing taste, stability, and consistency while maintaining the same elite macros 28g protein, 150 calories, 0g","because nutrition black and whiteits dichotomy good and bad ingredients. our update wasnt about cutting costs cornerstones about optimizing taste, stability, and consistency while maintaining same elite macros 28g protein, 150 calories, 0g",42
1920547620449047012,"How we taste sweetness: long-sought structure of human receptor mapped at last
Highlights
•
Two GPCR subunits assemble to recognize sweet ligands
•
The TAS1R2 subunit binds the ligands and couples to the G protein
•
A common binding pocket recognizes sucralose and aspartame
•",Thu May 08 18:33:29 +0000 2025,,,8991,6,0,3,en,sucralose protein taste,2026-05-13T14:41:48.950838,twitter,how we taste sweetness long-sought structure of human receptor mapped at last highlights two gpcr subunits assemble to recognize sweet ligands the tas1r2 subunit binds the ligands and couples to the tidak protein a common binding pocket recognizes sucralose and aspartame,how taste sweetness long-sought structure human receptor mapped last highlights two gpcr subunits assemble recognize sweet ligands tas1r2 subunit binds ligands and couples tidak protein common binding pocket recognizes sucralose and aspartame,41
1917545821169475923,"Disappointed as had great expectations from the brand 

Everyday sweet - 3/10. It’s just like sucralose. 

I expected it to be more sugar like in taste 

Everyday protein - 3/10. Terrible.  

Tried it with coffee. Hated it. https://t.co/10eWSjtr8o",Wed Apr 30 11:45:24 +0000 2025,,,5825,5,0,2,en,sucralose protein taste,2026-05-13T14:41:48.950854,twitter,disappointed as had great expectations from the brand everyday sweet - 310. its just like sucralose. i expected it to be more sugar like in taste everyday protein - 310. terrible. tried it with coffee. hated it.,disappointed great expectations brand everyday sweet - 310. its like sucralose. expected more sugar like taste everyday protein - 310. terrible. tried coffee. hated it.,37
1903159126412365879,"@KeshaD573725 Insulin can be released for many reasons. A CGM of course only shows glucose. 

According to Grok

Based on the context of the X post and the related web results, here are some potential causes for a decrease in ketone levels, particularly relevant to someone following a",Fri Mar 21 18:57:49 +0000 2025,,,151,1,0,0,en,sucralose protein taste,2026-05-13T14:41:48.950857,twitter,"insulin can be released for many reasons. a cgm of course only shows glucose. according to grok based on the context of the x post and the related web results, here are some potential causes for a decrease in ketone levels, particularly relevant to someone following a","insulin released many reasons. cgm course only shows glucose. according grok based context x post and related web results, here some potential causes decrease ketone levels, particularly relevant someone following",47
1901674306465140826,"@pkc19998 @trdessai Protein bars are sweet because manufacturers know your taste buds are still stuck in the candy aisle. They use low-calorie sweeteners like stevia or sucralose to dodge sugar overload while keeping that dessert vibe alive—because apparently, ""healthy"" snacks still need to taste",Mon Mar 17 16:37:40 +0000 2025,,,393435,0,1,0,en,sucralose protein taste,2026-05-13T14:41:48.950859,twitter,"protein bars are sweet because manufacturers know your taste buds are still stuck in the candy aisle. they use low-calorie sweeteners like stevia or sucralose to dodge sugar overload while keeping that dessert vibe alivebecause apparently, healthy snacks still need to taste","protein bars sweet because manufacturers know taste buds still stuck candy aisle. use low-calorie sweeteners like stevia sucralose dodge sugar overload while keeping dessert vibe alivebecause apparently, healthy snacks still need taste",42
1900607795113979982,"A coworker of mine is an ambassador to @buckedup. He promised to get me a sugar free energy/protein drink or two and some protein powder to try. 

Looking at all the ingredients, other than the sucralose, these look like fairly clean energy and protein drinks. Yeah, I'd rather https://t.co/Tc326wR5Md",Fri Mar 14 17:59:44 +0000 2025,,,2237,2,0,0,en,sucralose protein taste,2026-05-13T14:41:48.950861,twitter,"a coworker of mine is an ambassador to . he promised to get me a sugar free energyprotein drink or two and some protein powder to try. looking at all the ingredients, other than the sucralose, these look like fairly clean energy and protein drinks. yeah, i'd rather","coworker mine ambassador . promised get sugar free energyprotein drink two and some protein powder try. looking all ingredients, other sucralose, look like fairly clean energy and protein drinks. yeah, i'd rather",48
1899882897223327814,"@SolumEgoSum Our sweetener update was made to optimize stability, texture, and consistency—all these while maintaining the same elite macros. The transition from allulose, monk fruit, and stevia to sucralose and Ace-K wasn’t about cutting costs, but about ensuring every bar delivers the best",Wed Mar 12 17:59:15 +0000 2025,,,5853,0,0,0,en,sucralose protein taste,2026-05-13T14:41:48.950863,twitter,"our sweetener update was made to optimize stability, texture, and consistencyall these while maintaining the same elite macros. the transition from allulose, monk fruit, and stevia to sucralose and ace-k wasnt about cutting costs, but about ensuring every bar delivers the best","our sweetener update made optimize stability, texture, and consistencyall while maintaining same elite macros. transition allulose, monk fruit, and stevia sucralose and ace-k wasnt about cutting costs, about ensuring every bar delivers best",42
1898414095390412938,@sourhoestarter Yoghurt with protein powder is genuinely the worst thing I’ve ever seen. Do you know how good yoghurt is ? Then you’ve gone and added sucralose/stevia flavoured vanilla to it and made it taste atrocious.,Sat Mar 08 16:42:45 +0000 2025,,,767,1,0,0,en,sucralose protein taste,2026-05-13T14:41:48.950865,twitter,yoghurt with protein powder is genuinely the worst thing ive ever seen. do you know how good yoghurt is ? then youve gone and added sucralosestevia flavoured vanilla to it and made it taste atrocious.,yoghurt protein powder genuinely worst thing ive ever seen. know how good yoghurt ? youve gone and added sucralosestevia flavoured vanilla and made taste atrocious.,35
1883876536195182733,"skinny doesn’t feel good; but all desserts taste bad and artificial - savoury meals are boring after a few times and the only good thing is energy drinks tea and coffee (unsweetened/sucralose) 

halo top is fine and protein low cal stuff is fine if done right 

idk. no reason for",Mon Jan 27 13:55:41 +0000 2025,,,2168,1,0,1,en,sucralose protein taste,2026-05-13T14:41:48.950867,twitter,skinny doesnt feel good but all desserts taste bad and artificial - savoury meals are boring after a few times and the only good thing is energy drinks tea and coffee unsweetenedsucralose halo top is fine and protein low cal stuff is fine if done right idk. no reason for,skinny doesnt feel good all desserts taste bad and artificial - savoury meals boring after few times and only good thing energy drinks tea and coffee unsweetenedsucralose halo top fine and protein low cal stuff fine done right idk. no reason,50
1882577086159679831,"Did You Know?

Artificial sweeteners, like aspartame and sucralose, were designed to mimic sugar without the calories, but studies show they can disrupt your body’s systems. Research links them to altered gut microbiomes, increased fat storage, and even higher risks of heart",Thu Jan 23 23:52:08 +0000 2025,,,295,0,0,0,en,sucralose protein taste,2026-05-13T14:41:48.950868,twitter,"did you know? artificial sweeteners, like aspartame and sucralose, were designed to mimic sugar without the calories, but studies show they can disrupt your bodys systems. research links them to altered gut microbiomes, increased fat storage, and even higher risks of heart","know? artificial sweeteners, like aspartame and sucralose, designed mimic sugar without calories, studies show disrupt bodys systems. research links them altered gut microbiomes, increased fat storage, and even higher risks heart",42
1869087008951521336,"@_Anastasia_Rose I take it before and after. If I only do once, before but for me it's because I mix it with a tart pre workout that better masks the taste of it and BCAAs than mixing it with water or a protein shake. I've done it post with electrolyte drinks in the past but I havent found an",Tue Dec 17 18:27:23 +0000 2024,,,10951,6,0,2,en,sucralose protein taste,2026-05-13T14:41:48.950870,twitter,"i take it before and after. if i only do once, before but for me it's because i mix it with a tart pre workout that better masks the taste of it and bcaas than mixing it with water or a protein shake. i've done it post with electrolyte drinks in the past but i havent found an","take before and after. only once, before it's because mix tart pre workout better masks taste and bcaas mixing water protein shake. i've done post electrolyte drinks past havent found",58
1863615824000376994,"Please please please, for the love of God, make them low sucralose/whatever non calorific sweetener. 

All manufacturers are dumping these sweeteners just the way cola has real sugar. It ain't helping. The taste is incredibly overwhelming and I DON'T want to get used to it.

I",Mon Dec 02 16:06:51 +0000 2024,,,113,0,0,0,en,sucralose protein taste,2026-05-13T14:41:48.950872,twitter,"please please please, for the love of god, make them low sucralosewhatever non calorific sweetener. all manufacturers are dumping these sweeteners just the way cola has real sugar. it ain't helping. the taste is incredibly overwhelming and i don't want to get used to it. i","please please please, love god, make them low sucralosewhatever non calorific sweetener. all manufacturers dumping sweeteners way cola real sugar. ain't helping. taste incredibly overwhelming and don't want get used it.",46
1855931518058668189,"@aukuuee is this protein powder worth it? is it unflavored or not? im thinking of ordering but i hate very chemical and too sweet taste, i also dont like the aftertaste of sweeteners, especially sucralose and stevia",Mon Nov 11 11:12:10 +0000 2024,,,176,0,0,1,en,sucralose protein taste,2026-05-13T14:41:48.950874,twitter,"is this protein powder worth it? is it unflavored or not? im thinking of ordering but i hate very chemical and too sweet taste, i also dont like the aftertaste of sweeteners, especially sucralose and stevia","protein powder worth it? unflavored not? im thinking ordering hate chemical and too sweet taste, dont like aftertaste sweeteners, especially sucralose and stevia",36
1852475105764692194,"Why “Protein Snacks” are Holding You Back in Your Health and Performance 

Lenny and Larry’s cookie this, legendary pastry that… have you tried just eating some real food goddamnit

All of these “protein snacks” are some of the absolute worst foods you can eat in terms of",Fri Nov 01 22:17:37 +0000 2024,,,6874,68,8,10,en,sucralose protein taste,2026-05-13T14:41:48.950876,twitter,"why protein snacks are holding you back in your health and performance lenny and larrys cookie this, legendary pastry that have you tried just eating some real food goddamnit all of these protein snacks are some of the absolute worst foods you can eat in terms of","why protein snacks holding back health and performance lenny and larrys cookie this, legendary pastry tried eating some real food goddamnit all protein snacks some absolute worst foods eat terms",47
1851127770765799470,"For those with diabetes, Diwali brings its own challenges. It is difficult for even the most disciplined among us to resist the temptation of indulging in mouth-watering sweets, which are all around us. Whatever strategy you may use, there is no avoiding the fact that consuming",Tue Oct 29 05:03:47 +0000 2024,,,51318,31,3,0,en,sucralose protein taste,2026-05-13T14:41:48.950878,twitter,"for those with diabetes, diwali brings its own challenges. it is difficult for even the most disciplined among us to resist the temptation of indulging in mouth-watering sweets, which are all around us. whatever strategy you may use, there is no avoiding the fact that consuming","diabetes, diwali brings its own challenges. difficult even most disciplined among us resist temptation indulging mouth-watering sweets, which all around us. whatever strategy use, there no avoiding fact consuming",46
1849079324902924609,"For those with #diabetes, #Diwali brings its own challenges. It is difficult for even the most disciplined among us to resist the temptation of indulging in mouth-watering sweets, which are all around us. Whatever strategy you may use, there is no avoiding the fact that consuming",Wed Oct 23 13:23:59 +0000 2024,,,51318,25,4,5,en,sucralose protein taste,2026-05-13T14:41:48.950880,twitter,"for those with diabetes, diwali brings its own challenges. it is difficult for even the most disciplined among us to resist the temptation of indulging in mouth-watering sweets, which are all around us. whatever strategy you may use, there is no avoiding the fact that consuming","diabetes, diwali brings its own challenges. difficult even most disciplined among us resist temptation indulging mouth-watering sweets, which all around us. whatever strategy use, there no avoiding fact consuming",46
1835680843517309096,"22g of protein isn’t enough FOR ME and based off the directions I’d have to drink 32oz to get 44g 

I mean it’s cool I can taste the sucralose 🤷🏽‍♀️",Mon Sep 16 14:03:13 +0000 2024,,,9782,1,0,0,en,sucralose protein taste,2026-05-13T14:41:48.950884,twitter,22g of protein isnt enough for me and based off the directions id have to drink 32oz to get 44g i mean its cool i can taste the sucralose,22g protein isnt enough and based off directions id drink 32oz get 44g mean its cool taste sucralose,29
1831686640844083517,"@TriathlonRobH With you on the stevia (near gag-reflex just thinking about the taste), but I have found some pretty tasty whey isolate protein powders that use sucralose as a sweetener. Suppose I could go without and choke the chalk down, but it is a nice treat after the gym. 👊",Thu Sep 05 13:31:40 +0000 2024,,,864,0,0,1,en,sucralose protein taste,2026-05-13T14:41:48.950886,twitter,"with you on the stevia near gag-reflex just thinking about the taste, but i have found some pretty tasty whey isolate protein powders that use sucralose as a sweetener. suppose i could go without and choke the chalk down, but it is a nice treat after the gym.","stevia near gag-reflex thinking about taste, found some pretty tasty whey isolate protein powders use sucralose sweetener. suppose go without and choke chalk down, nice treat after gym.",48
1819026722991255704,"Sugar reduction was one of the 3 key themes at this year’s @IFT’s #IFTFIRST alongside brain health and indulgent proteins.

Growing numbers of Americans are actively seeking to reduce sugar consumption, with 𝟕𝟔% 𝐬𝐭𝐚𝐭𝐢𝐧𝐠 𝐭𝐡𝐚𝐭 𝐭𝐡𝐞𝐲 𝐚𝐫𝐞 𝐭𝐫𝐲𝐢𝐧𝐠 𝐭𝐨 https://t.co/rvV7Ce9Be6",Thu Aug 01 15:05:41 +0000 2024,,,2804,3,0,1,en,sucralose protein taste,2026-05-13T14:41:48.950887,twitter,"sugar reduction was one of the 3 key themes at this years s iftfirst alongside brain health and indulgent proteins. growing numbers of americans are actively seeking to reduce sugar consumption, with","sugar reduction one 3 key themes years s iftfirst alongside brain health and indulgent proteins. growing numbers americans actively seeking reduce sugar consumption,",32
1813435642405326976,@Vexciee I've been buying this pea based protein powder that doesn't taste terrible off amazon for a while. Took me forever to find because whey kills my stomach especially when they put sucralose in it 🤮,Wed Jul 17 04:48:43 +0000 2024,,,53,1,0,1,en,sucralose protein taste,2026-05-13T14:41:48.950889,twitter,i've been buying this pea based protein powder that doesn't taste terrible off amazon for a while. took me forever to find because whey kills my stomach especially when they put sucralose in it,i've buying pea based protein powder doesn't taste terrible off amazon while. took forever find because whey kills stomach especially when put sucralose,34
1800624236102566178,@noiqspecimen i like protein bars too but these have the Chalk Texture and taste like sucralose,Tue Jun 11 20:20:46 +0000 2024,,,204,1,0,1,en,sucralose protein taste,2026-05-13T14:41:52.335181,twitter,i like protein bars too but these have the chalk texture and taste like sucralose,like protein bars too chalk texture and taste like sucralose,15
1798783297008619762,"Down 21 lbs today. Currently looking for affordable vegan protein shake as I have nearly exhausted my backstock of Ka'Chava. Problem is none of the ones I have tried taste as good. They are either loaded with stevia or sucralose(kills off good bacteria), or taste chalky. (10/n)",Thu Jun 06 18:25:32 +0000 2024,,,164,0,0,1,en,sucralose protein taste,2026-05-13T14:41:52.335198,twitter,"down 21 lbs today. currently looking for affordable vegan protein shake as i have nearly exhausted my backstock of ka'chava. problem is none of the ones i have tried taste as good. they are either loaded with stevia or sucralosekills off good bacteria, or taste chalky. 10n","down 21 lbs today. currently looking affordable vegan protein shake nearly exhausted backstock ka'chava. problem none ones tried taste good. either loaded stevia sucralosekills off good bacteria, taste chalky. 10n",47
1793089197018112492,"@CaryKelly11 @doej2924 @BenBikmanPhD I still use sucralose &amp; like it in coffee.  I bake w Monkfruit.  Both do not noticeably affect my BG &amp; helps w sweet craves which due to my very low carb, high protein diet are minimal. I do t fear sweet cravings anymore.
I tried a box of RX brand allulose a few months ago &amp; it",Wed May 22 01:19:13 +0000 2024,,,430,0,0,1,en,sucralose protein taste,2026-05-13T14:41:52.335200,twitter,"i still use sucralose amp like it in coffee. i bake w monkfruit. both do not noticeably affect my bg amp helps w sweet craves which due to my very low carb, high protein diet are minimal. i do t fear sweet cravings anymore. i tried a box of rx brand allulose a few months ago amp it","still use sucralose amp like coffee. bake w monkfruit. both noticeably affect bg amp helps w sweet craves which due low carb, high protein diet minimal. t fear sweet cravings anymore. tried box rx brand allulose few months ago amp",58
1784903364171710651,"10 foods you should avoid or reduce to stay healthy and in high vibration💚🌿

4. Artificial Sweeteners

What are the 2 main artificial sweeteners that you should get as far away as you can? It is Aspartame which is called Neutra Sweet and Sucralose.

Why you should avoid it? https://t.co/kapEx2HoCk",Mon Apr 29 11:11:38 +0000 2024,,,1851,14,3,0,en,sucralose protein taste,2026-05-13T14:41:52.335202,twitter,10 foods you should avoid or reduce to stay healthy and in high vibration 4. artificial sweeteners what are the 2 main artificial sweeteners that you should get as far away as you can? it is aspartame which is called neutra sweet and sucralose. why you should avoid it?,10 foods avoid reduce stay healthy and high vibration 4. artificial sweeteners what 2 main artificial sweeteners get far away can? aspartame which called neutra sweet and sucralose. why avoid it?,49
1783599791949136092,i can taste the sucralose in my new protein powder. might gotta go back to the expensive stuff :(,Thu Apr 25 20:51:42 +0000 2024,,,108,0,0,0,en,sucralose protein taste,2026-05-13T14:41:52.335205,twitter,i can taste the sucralose in my new protein powder. might gotta go back to the expensive stuff,taste sucralose new protein powder. gotta go back expensive stuff,18
1782809566536724533,OWYN shakes taste so awful but I’m trying to steer off Premier Protein cause of the Sucralose and other sweeteners,Tue Apr 23 16:31:38 +0000 2024,,,693,0,0,0,en,sucralose protein taste,2026-05-13T14:41:52.335207,twitter,owyn shakes taste so awful but im trying to steer off premier protein cause of the sucralose and other sweeteners,owyn shakes taste awful im trying steer off premier protein cause sucralose and other sweeteners,20
1771508311378022776,"Can someone please make a clear protein that doesn’t taste like candy? I’m begging for a sun tea or lemonade flavor without artificial sweeteners, sucralose, stevia, etc. 

A pro-tea powder (you can even have that marketing idea for free!).",Sat Mar 23 12:04:29 +0000 2024,,,641,3,0,0,en,sucralose protein taste,2026-05-13T14:41:52.335209,twitter,"can someone please make a clear protein that doesnt taste like candy? im begging for a sun tea or lemonade flavor without artificial sweeteners, sucralose, stevia, etc. a pro-tea powder you can even have that marketing idea for free!.","someone please make clear protein doesnt taste like candy? im begging sun tea lemonade flavor without artificial sweeteners, sucralose, stevia, etc. pro-tea powder even marketing idea free!.",39
1751075521855951173,@grassje11y i’m also really obsessed w no cow bars the ingredients are good (no sucralose yay!!) they taste like pea protein playdough and sand but i Loove them for some reason and no weird gross plasticky sweetener protein aftertaste somehow,Sat Jan 27 02:51:52 +0000 2024,,,1067,1,0,0,en,sucralose protein taste,2026-05-13T14:41:52.335213,twitter,im also really obsessed w no cow bars the ingredients are good no sucralose yay!! they taste like pea protein playdough and sand but i loove them for some reason and no weird gross plasticky sweetener protein aftertaste somehow,im obsessed w no cow bars ingredients good no sucralose yay!! taste like pea protein playdough and sand loove them some reason and no weird gross plasticky sweetener protein aftertaste somehow,39
1748442972213981378,"What is in Glowberry PRIME Hydration Drinks?

Well, here is the REAL list. 

PRIME adds sugar derivatives and chemicals that taste sweet so they can market as ""0 added sugar"". 

PRIME Hydration is 10% Coconut Water and made from Coconut Water Concentration. 

Ingredients in PRIME https://t.co/dgi59URIsO",Fri Jan 19 20:31:03 +0000 2024,,,4761,4,0,0,en,sucralose protein taste,2026-05-13T14:41:52.335215,twitter,"what is in glowberry prime hydration drinks? well, here is the real list. prime adds sugar derivatives and chemicals that taste sweet so they can market as 0 added sugar. prime hydration is 10 coconut water and made from coconut water concentration. ingredients in prime","what glowberry prime hydration drinks? well, here real list. prime adds sugar derivatives and chemicals taste sweet market 0 added sugar. prime hydration 10 coconut water and made coconut water concentration. ingredients prime",45
1746295795564048546,"all these ""health foods"" like using grain fiber and sucralose as fillers in protein powder are AWFUL for my stomach, not to mention they taste like shit. but the issue is mainly that they feel like shit and I'm looking for better options",Sat Jan 13 22:18:56 +0000 2024,,,709,0,0,1,en,sucralose protein taste,2026-05-13T14:41:52.335216,twitter,"all these health foods like using grain fiber and sucralose as fillers in protein powder are awful for my stomach, not to mention they taste like shit. but the issue is mainly that they feel like shit and i'm looking for better options","all health foods like using grain fiber and sucralose fillers protein powder awful stomach, mention taste like shit. issue mainly feel like shit and i'm looking better options",43
1744757566289162388,@doggo_logic Sucralose based Greek yog or quark was definitely an acquired taste but I quite enjoy it now esp if you get a plain high protein one and add your own flavours,Tue Jan 09 16:26:34 +0000 2024,,,3672,1,0,1,en,sucralose protein taste,2026-05-13T14:41:52.335218,twitter,sucralose based greek yog or quark was definitely an acquired taste but i quite enjoy it now esp if you get a plain high protein one and add your own flavours,sucralose based greek yog quark definitely acquired taste quite enjoy now esp get plain high protein one and add own flavours,31
1730287546993639649,"just had a fruity cereal protein shake and i’m pilled: delicious &amp; taste like a childhood i never had. (my asian household didn’t eat cereal growing up — [slight joke] we have rice at home)

no artificial sweeteners or flavors; sucralose; or carrageenans

new drink obsession. LFG",Thu Nov 30 18:07:53 +0000 2023,,,12709,10,0,2,en,sucralose protein taste,2026-05-13T14:41:52.335220,twitter,just had a fruity cereal protein shake and im pilled delicious amp taste like a childhood i never had. my asian household didnt eat cereal growing up slight joke we have rice at home no artificial sweeteners or flavors sucralose or carrageenans new drink obsession. lfg,fruity cereal protein shake and im pilled delicious amp taste like childhood never had. asian household didnt eat cereal growing up slight joke rice home no artificial sweeteners flavors sucralose carrageenans new drink obsession. lfg,46
1724680043132240381,"Epigamia protein shake 

Has the usual stabilisers &amp; emulsifiers that you’ll find in all packaged goods 
Not a concern if consumed once in a while 

These ingredients are known to cause dizziness, headache &amp; nausea to some people 
So those people should obvious avoid it 

Macros https://t.co/XeWnK50iwP",Wed Nov 15 06:45:39 +0000 2023,,,8360,19,1,9,en,sucralose protein taste,2026-05-13T14:41:52.335222,twitter,"epigamia protein shake has the usual stabilisers amp emulsifiers that youll find in all packaged goods not a concern if consumed once in a while these ingredients are known to cause dizziness, headache amp nausea to some people so those people should obvious avoid it macros","epigamia protein shake usual stabilisers amp emulsifiers youll find all packaged goods concern consumed once while ingredients known cause dizziness, headache amp nausea some people people obvious avoid macros",46
1723021047618773032,"What is in PRIME Hydration Drinks?

Well, here is the REAL list. 

PRIME adds sugar derivatives and chemicals that taste sweet so they can market as ""0 added sugar"". 

PRIME Hydration is 10% Coconut Water and made from Coconut Water Concentration. 

Ingredients in PRIME https://t.co/nbE0QjupBo",Fri Nov 10 16:53:24 +0000 2023,,,4761,8,1,1,en,sucralose protein taste,2026-05-13T14:41:52.335224,twitter,"what is in prime hydration drinks? well, here is the real list. prime adds sugar derivatives and chemicals that taste sweet so they can market as 0 added sugar. prime hydration is 10 coconut water and made from coconut water concentration. ingredients in prime","what prime hydration drinks? well, here real list. prime adds sugar derivatives and chemicals taste sweet market 0 added sugar. prime hydration 10 coconut water and made coconut water concentration. ingredients prime",44
1722618467273392243,"Made two variants 

Greek yogurt + sugar = 202 cal + 17g protein 

Normal dahi + no sugar = 157 cal + 14g protein 

Verdict : 
Normal dahi frosts in the deep freezer &amp; doesn’t give a rich flavour 
Also sugar’s sweetness makes it taste like a palatable dessert 
One can rather use https://t.co/z6IUzWsyVG",Thu Nov 09 14:13:41 +0000 2023,,,8360,16,2,2,en,sucralose protein taste,2026-05-13T14:41:52.335225,twitter,made two variants greek yogurt sugar 202 cal 17g protein normal dahi no sugar 157 cal 14g protein verdict normal dahi frosts in the deep freezer amp doesnt give a rich flavour also sugars sweetness makes it taste like a palatable dessert one can rather use,made two variants greek yogurt sugar 202 cal 17g protein normal dahi no sugar 157 cal 14g protein verdict normal dahi frosts deep freezer amp doesnt give rich flavour sugars sweetness makes taste like palatable dessert one rather use,46
1719042090443612350,"I've been using Organic Hemp protein for a while now and have been seeing great results.

The only thing I dislike about it is the taste.

Organic Hemp protein Benefits:
-Great source of plant-based omega-3
-Anti-inflammatory
-No aspartame, sucralose, or acesulfame K

1/2",Mon Oct 30 17:22:27 +0000 2023,,,12,0,0,1,en,sucralose protein taste,2026-05-13T14:41:52.335227,twitter,"i've been using organic hemp protein for a while now and have been seeing great results. the only thing i dislike about it is the taste. organic hemp protein benefits -great source of plant-based omega-3 -anti-inflammatory -no aspartame, sucralose, or acesulfame k 12","i've using organic hemp protein while now and seeing great results. only thing dislike about taste. organic hemp protein benefits -great source plant-based omega-3 -anti-inflammatory -no aspartame, sucralose, acesulfame k 12",43
1702375621589168445,"Have completely left added sugar since March. No desserts, no ice creams, no sugar in tea/ milk etc. 

Purchased this flavoured Whey protein and apparently it has  sucralose in it.

And now it tastes so fkn sweet to me  my taste buds are getting high.",Thu Sep 14 17:35:51 +0000 2023,,,21063,49,0,11,en,sucralose protein taste,2026-05-13T14:41:52.335229,twitter,"have completely left added sugar since march. no desserts, no ice creams, no sugar in tea milk etc. purchased this flavoured whey protein and apparently it has sucralose in it. and now it tastes so fkn sweet to me my taste buds are getting high.","completely left added sugar since march. no desserts, no ice creams, no sugar tea milk etc. purchased flavoured whey protein and apparently sucralose it. and now tastes fkn sweet taste buds getting high.",45
1697389592754700436,"@MissP_MaizedOut I can’t do any “zero sugar”-usually means sucralose or stevia and I can’t stand the taste!! And yes I need fat and protein, too!",Thu Aug 31 23:23:09 +0000 2023,,,112,1,0,0,en,sucralose protein taste,2026-05-13T14:41:52.335231,twitter,"i cant do any zero sugar-usually means sucralose or stevia and i cant stand the taste!! and yes i need fat and protein, too!","cant any zero sugar-usually means sucralose stevia and cant stand taste!! and yes need fat and protein, too!",24
1693261988531413061,"I hate the taste of pea protein so fuck plant-based, I’m really just going to have to suck it up and drink shit with stevia/sucralose .  🤢 just thinking about it makes me nauseous",Sun Aug 20 14:01:32 +0000 2023,,,111,0,0,0,en,sucralose protein taste,2026-05-13T14:41:52.335233,twitter,"i hate the taste of pea protein so fuck plant-based, im really just going to have to suck it up and drink shit with steviasucralose . just thinking about it makes me nauseous","hate taste pea protein fuck plant-based, im going suck up and drink shit steviasucralose . thinking about makes nauseous",33
1690190175165440002,"@elonmusk @owensparks Reddiwip heavy cream cures milk cravings (Althea X uses it and I see why) and Jocko Molk appears to be the best protein powder because no sucralose (same thing as sugar for me inflammation wise), low 100 calories per 22 protein, taste is amazing. So I crave like 5$ of milk every https://t.co/rOgfoD4S5Y",Sat Aug 12 02:35:14 +0000 2023,,,198,0,0,0,en,sucralose protein taste,2026-05-13T14:41:56.890187,twitter,"reddiwip heavy cream cures milk cravings althea x uses it and i see why and jocko molk appears to be the best protein powder because no sucralose same thing as sugar for me inflammation wise, low 100 calories per 22 protein, taste is amazing. so i crave like 5 of milk every","reddiwip heavy cream cures milk cravings althea x uses and see why and jocko molk appears best protein powder because no sucralose same thing sugar inflammation wise, low 100 calories per 22 protein, taste amazing. crave like 5 milk every",52
1681894411926671360,"Is there any whey protein in the market that is completely devoid of sugar &amp; its substitutes (xylitol, glucose etc)/alternatives (sucralose/stevia/aspartame) ?

Unflavoured, neutral taste would be a bonus.",Thu Jul 20 05:10:50 +0000 2023,,,1832,7,1,15,en,sucralose protein taste,2026-05-13T14:41:56.890205,twitter,"is there any whey protein in the market that is completely devoid of sugar amp its substitutes xylitol, glucose etcalternatives sucralosesteviaaspartame ? unflavoured, neutral taste would be a bonus.","there any whey protein market completely devoid sugar amp its substitutes xylitol, glucose etcalternatives sucralosesteviaaspartame ? unflavoured, neutral taste bonus.",29
1669328524568678401,"You might have noticed that most whey protein tastes pretty damn good.
But they also have very little sugar.

Companies add the artificial sweetener 'Sucralose' to make Whey taste good.

A recent study came out this week OFFICIALLY linking sucralose to DNA damage and cancer.",Thu Jun 15 12:58:29 +0000 2023,,,1266,37,0,2,en,sucralose protein taste,2026-05-13T14:41:56.890207,twitter,you might have noticed that most whey protein tastes pretty damn good. but they also have very little sugar. companies add the artificial sweetener 'sucralose' to make whey taste good. a recent study came out this week officially linking sucralose to dna damage and cancer.,noticed most whey protein tastes pretty damn good. little sugar. companies add artificial sweetener 'sucralose' make whey taste good. recent study came out week officially linking sucralose dna damage and cancer.,45
1662106888266485760,"Randomly bought a protein powder with vanilla flavor. Wasn't aware that it had sucralose. And, I tried incorporating it into mango milk shake. It was wonderful. No bitter after taste. Checked the label and it was imported from US.
Why do desi sweeteners don't  taste this good?",Fri May 26 14:42:17 +0000 2023,,,605,3,0,1,en,sucralose protein taste,2026-05-13T14:41:56.890209,twitter,"randomly bought a protein powder with vanilla flavor. wasn't aware that it had sucralose. and, i tried incorporating it into mango milk shake. it was wonderful. no bitter after taste. checked the label and it was imported from us. why do desi sweeteners don't taste this good?","randomly bought protein powder vanilla flavor. wasn't aware sucralose. and, tried incorporating into mango milk shake. wonderful. no bitter after taste. checked label and imported us. why desi sweeteners don't taste good?",47
1658514225239556113,Love eating healthier and cutting out artificial dyes preservatives &amp; sweeteners but gah dayum protein shakes with no sucralose taste like 🍑,Tue May 16 16:46:19 +0000 2023,,,257,0,0,0,en,sucralose protein taste,2026-05-13T14:41:56.890211,twitter,love eating healthier and cutting out artificial dyes preservatives amp sweeteners but gah dayum protein shakes with no sucralose taste like,love eating healthier and cutting out artificial dyes preservatives amp sweeteners gah dayum protein shakes no sucralose taste like,21
1655362983109840898,trying to prevent incidental hunger strikes by getting into protein shakes and i think i found one thats not nasty but i can still taste the sucralose,Mon May 08 00:04:24 +0000 2023,,,292,2,0,1,en,sucralose protein taste,2026-05-13T14:41:56.890213,twitter,trying to prevent incidental hunger strikes by getting into protein shakes and i think i found one thats not nasty but i can still taste the sucralose,trying prevent incidental hunger strikes getting into protein shakes and think found one thats nasty still taste sucralose,27
1631428532743323648,"@Damon_SMB Love the taste of Fairlife protein shakes, but still don't know how I feel about all of these sugar alternatives (sucralose, erythritol, etc.)",Thu Mar 02 22:57:27 +0000 2023,,,532,0,0,1,en,sucralose protein taste,2026-05-13T14:41:56.890215,twitter,"love the taste of fairlife protein shakes, but still don't know how i feel about all of these sugar alternatives sucralose, erythritol, etc.","love taste fairlife protein shakes, still don't know how feel about all sugar alternatives sucralose, erythritol, etc.",23
1620742263184949251,@Stalltt What's even worse is trying to find protein powder without that shit in it.  Sucralose makes me nauseous and it has an awful taste.,Wed Feb 01 11:14:02 +0000 2023,,,293,1,0,0,en,sucralose protein taste,2026-05-13T14:41:56.890217,twitter,what's even worse is trying to find protein powder without that shit in it. sucralose makes me nauseous and it has an awful taste.,what's even worse trying find protein powder without shit it. sucralose makes nauseous and awful taste.,24
1604629869328945152,"@Deanna_Gowland I think the one I screenshot has sucralose, but the brand’s whole thing is “protein powder that doesn’t taste like ass,” so if they have one with Stevia hell yeah!!",Mon Dec 19 00:09:08 +0000 2022,,,566,0,0,0,en,sucralose protein taste,2026-05-13T14:41:56.890219,twitter,"i think the one i screenshot has sucralose, but the brands whole thing is protein powder that doesnt taste like ass, so if they have one with stevia hell yeah!!","think one screenshot sucralose, brands whole thing protein powder doesnt taste like ass, one stevia hell yeah!!",30
1562236336647639040,"@theonetonhammer The most ideal dietary food fits a few different rules for me:
1) No soy.
2) No fake sugars. And yes, stevia and monk fruit extract are fake sugars and they taste even worse than sucralose.
3) (Grams protein + grams fiber)*10 &gt; calories per serving.",Wed Aug 24 00:32:22 +0000 2022,,,343,1,0,2,en,sucralose protein taste,2026-05-13T14:41:56.890221,twitter,"the most ideal dietary food fits a few different rules for me 1 no soy. 2 no fake sugars. and yes, stevia and monk fruit extract are fake sugars and they taste even worse than sucralose. 3 grams protein grams fiber10 gt calories per serving.","most ideal dietary food fits few different rules 1 no soy. 2 no fake sugars. and yes, stevia and monk fruit extract fake sugars and taste even worse sucralose. 3 grams protein grams fiber10 gt calories per serving.",45
1555251159849385984,"This protein drink (chocolate) is dissapointing. the sucralose almost tastes like saccharides, the chocolate meh, the consitancy meh, but I used a liquidizer and it´s slightly foamy and tolerable with more milk...I guess it´s more a base and you add to your own taste.",Thu Aug 04 17:55:46 +0000 2022,,,524,1,0,0,en,sucralose protein taste,2026-05-13T14:41:56.890222,twitter,"this protein drink chocolate is dissapointing. the sucralose almost tastes like saccharides, the chocolate meh, the consitancy meh, but i used a liquidizer and its slightly foamy and tolerable with more milk...i guess its more a base and you add to your own taste.","protein drink chocolate dissapointing. sucralose almost tastes like saccharides, chocolate meh, consitancy meh, used liquidizer and its slightly foamy and tolerable more milk...i guess its more base and add own taste.",44
1540169561135321088,i woke up 3 hours ago ive just been born and im hearing about the taste im just looking for something with around 20g of protein and everything i've seen has fucking sucralose in it,Fri Jun 24 03:06:52 +0000 2022,,,488,0,0,0,en,sucralose protein taste,2026-05-13T14:41:56.890224,twitter,i woke up 3 hours ago ive just been born and im hearing about the taste im just looking for something with around 20g of protein and everything i've seen has fucking sucralose in it,woke up 3 hours ago ive born and im hearing about taste im looking something around 20g protein and everything i've seen fucking sucralose,35
1537796547764789250,"Hueligans be like “i love the taste of Pea Protein, Tapioca Flour, Gluten-Free Oat Flour, Canola Oil, Ground
Flaxseed, Medium-Chain Triglyceride Powder, Chicory Root Fiber, Beetroot and Carrot Extract,Brown Rice Flour, Sunflower Lecithin, Gellan Gum, Sucralose, Potassium Citrate,",Fri Jun 17 13:57:22 +0000 2022,,,48,0,0,0,en,sucralose protein taste,2026-05-13T14:41:56.890226,twitter,"hueligans be like i love the taste of pea protein, tapioca flour, gluten-free oat flour, canola oil, ground flaxseed, medium-chain triglyceride powder, chicory root fiber, beetroot and carrot extract,brown rice flour, sunflower lecithin, gellan gum, sucralose, potassium citrate,","hueligans like love taste pea protein, tapioca flour, gluten-free oat flour, canola oil, ground flaxseed, medium-chain triglyceride powder, chicory root fiber, beetroot and carrot extract,brown rice flour, sunflower lecithin, gellan gum, sucralose, potassium citrate,",38
1521912954408808448,@bvnnyclub I mean I imagine they taste like a protein bar with sucralose icing but I’m not crazy about normal poptarts to begin with heheh,Wed May 04 18:01:38 +0000 2022,,,592,1,0,0,en,sucralose protein taste,2026-05-13T14:41:56.890229,twitter,i mean i imagine they taste like a protein bar with sucralose icing but im not crazy about normal poptarts to begin with heheh,mean imagine taste like protein bar sucralose icing im crazy about normal poptarts begin heheh,24
1513682686396698630,"Artificial sweeteners: A new study examined two sugar substitutes – acesulfame potassium and sucralose – also known as non-nutritive sweeteners, and provide a sweet taste with few or no calories, disrupt the function of a protein t…https://t.co/XeXTxrUTvi https://t.co/637oOaYDC9",Tue Apr 12 00:57:29 +0000 2022,,,345,0,0,0,en,sucralose protein taste,2026-05-13T14:41:56.890231,twitter,"artificial sweeteners a new study examined two sugar substitutes acesulfame potassium and sucralose also known as non-nutritive sweeteners, and provide a sweet taste with few or no calories, disrupt the function of a protein t","artificial sweeteners new study examined two sugar substitutes acesulfame potassium and sucralose known non-nutritive sweeteners, and provide sweet taste few no calories, disrupt function protein t",35
1513280858395971584,"Due to unavoidable reasons, ended up drinking half a can of Premier Protein shake. Boy does that thing taste sweet and watery. It claims to have just 1g of sugar (none added), but too much sucralose.
https://t.co/BoaDDPUdr8",Sun Apr 10 22:20:46 +0000 2022,,,500,0,0,0,en,sucralose protein taste,2026-05-13T14:41:56.890232,twitter,"due to unavoidable reasons, ended up drinking half a can of premier protein shake. boy does that thing taste sweet and watery. it claims to have just 1g of sugar none added, but too much sucralose.","due unavoidable reasons, ended up drinking half premier protein shake. boy thing taste sweet and watery. claims 1g sugar none added, too much sucralose.",36
1505989617312538633,like i tried this protein shake and all i can taste is the sucralose. i’m so irritated,Mon Mar 21 19:27:59 +0000 2022,,,258,0,0,0,en,sucralose protein taste,2026-05-13T14:41:56.890234,twitter,like i tried this protein shake and all i can taste is the sucralose. im so irritated,like tried protein shake and all taste sucralose. im irritated,17
1484107948733628419,"if nak minum whey protein powder, sila check ingredient list. memang some brands ada gula sucrose (gula), some guna artificial sweeteners (sucralose, aspartame, etc).

hydrolysed &amp; isolated protein ada bitter taste, so sweeteners adalah almost wajib utk mask the unpleasant taste",Thu Jan 20 10:18:03 +0000 2022,,,2125,2,0,1,en,sucralose protein taste,2026-05-13T14:41:56.890236,twitter,"if nak minum whey protein powder, sila check ingredient list. memang some brands ada gula sucrose gula, some guna artificial sweeteners sucralose, aspartame, etc. hydrolysed amp isolated protein ada bitter taste, so sweeteners adalah almost wajib untuk mask the unpleasant taste","nak minum whey protein powder, sila check ingredient list. memang some brands gula sucrose gula, some guna artificial sweeteners sucralose, aspartame, etc. hydrolysed amp isolated protein bitter taste, sweeteners almost wajib mask unpleasant taste",41
1483655676396126212,"@KeikoGoblyn If you're looking specifically for a shake, I use Premiere Protein powder, and it uses sucralose which is derived from sugar. I'm actively allergic to other sugar substitutes, but not to sucralose (Splenda). Also, Premiere doesn't taste horrid which is a bonus.",Wed Jan 19 04:20:52 +0000 2022,,,2458,1,0,1,en,sucralose protein taste,2026-05-13T14:41:56.890238,twitter,"if you're looking specifically for a shake, i use premiere protein powder, and it uses sucralose which is derived from sugar. i'm actively allergic to other sugar substitutes, but not to sucralose splenda. also, premiere doesn't taste horrid which is a bonus.","you're looking specifically shake, use premiere protein powder, and uses sucralose which derived sugar. i'm actively allergic other sugar substitutes, sucralose splenda. also, premiere doesn't taste horrid which bonus.",42
1450141129488355334,what would you guys describe the taste im just looking for something with around 20g of protein and everything i've seen has fucking sucralose in it,Mon Oct 18 16:46:02 +0000 2021,,,488,0,0,0,en,sucralose protein taste,2026-05-13T14:41:56.890240,twitter,what would you guys describe the taste im just looking for something with around 20g of protein and everything i've seen has fucking sucralose in it,what guys describe taste im looking something around 20g protein and everything i've seen fucking sucralose,26
2054158067974156324,"Aku doyan dua duanyahhhh
Cuma greek yogurt enak bgt buat chia pudding dan protein shake wkwkw
Tapi kl lagi males dan on budget. Ke pasar beli tape 5ribu🥳",Tue May 12 11:13:42 +0000 2026,,,4134,0,0,0,id,protein shake enak,2026-05-13T14:42:06.680689,twitter,aku doyan dua duanyahhhh cuma greek yogurt enak banget buat chia pudding dan protein shake wkwkw tapi kl lagi males dan on budget. ke pasar beli tape 5ribu,doyan dua duanyahhhh cuma greek yogurt enak banget buat chia pudding protein shake wkwkw tapi kl lagi males budget. pasar beli tape 5ribu,28
2049642866742607917,Gue harus sungkem berapa kali ya ke orang yang bikin one% protein shake coklat &amp; stroberi? ASLI ENAK BGT ANJIRRRRRR,Thu Apr 30 00:11:54 +0000 2026,,,569,0,0,0,id,protein shake enak,2026-05-13T14:42:06.680704,twitter,gue harus sungkem berapa kali ya ke orang yang bikin one protein shake coklat amp stroberi? asli enak banget anjirrrrrr,gue harus sungkem berapa kali ya orang bikin one protein shake coklat amp stroberi? asli enak banget anjirrrrrr,20
2049450198234275896,"@L0vehe4ls Asli. Ke jepang kemarin hal ini yang aku iri in. Ke sevel ngesot dikit dada ayam enak berbagai macam varian, omelette simple murah dan berbagai macam, daging sapi babi juga banyak varian, protein bar, protein shake, dll. ASLI IRI BANGET REAL FOODNYA BERLIMPAH OPSI",Wed Apr 29 11:26:18 +0000 2026,,,213,69,2,1,id,protein shake enak,2026-05-13T14:42:06.680707,twitter,"asli. ke jepang kemarin hal ini yang aku iri in. ke sevel ngesot dikit dada ayam enak berbagai macam varian, omelette simple murah dan berbagai macam, daging sapi babi juga banyak varian, protein bar, protein shake, dll. asli iri banget real foodnya berlimpah opsi","asli. jepang kemarin hal iri in. sevel ngesot dikit dada ayam enak berbagai macam varian, omelette simple murah berbagai macam, daging sapi babi banyak varian, protein bar, protein shake, dll. asli iri banget real foodnya berlimpah opsi",44
2048783193365762292,"one% protein shake yang ada di kulkas celfit dan beberapa minimarket, rasanya kaga enak, eneg, nyangkut di tenggorokan kek intisari, jauh mending mending mending mendingan mimik expose.",Mon Apr 27 15:15:52 +0000 2026,,,10123,1,0,0,id,protein shake enak,2026-05-13T14:42:06.680709,twitter,"one protein shake yang ada di kulkas celfit dan beberapa minimarket, rasanya kaga enak, eneg, nyangkut di tenggorokan kek intisari, jauh mending mending mending mendingan mimik expose.","one protein shake kulkas celfit beberapa minimarket, rasanya kaga enak, eneg, nyangkut tenggorokan kek intisari, jauh mending mending mending mendingan mimik expose.",27
2047994006488137749,@munvess Protein shake.. (sedang malas makan apa-apa.. jangan dicontoh ya.. kamu mam yang enak-enak aja. 🥺),Sat Apr 25 10:59:55 +0000 2026,,,42,0,0,0,id,protein shake enak,2026-05-13T14:42:06.680711,twitter,protein shake.. sedang malas makan apa-apa.. jangan dicontoh ya.. kamu mam yang enak-enak aja.,protein shake.. sedang malas makan apa-apa.. jangan dicontoh ya.. mam enak-enak aja.,14
2043479000924946599,"Cek L-Men Platinum Refill Choco Latte 800 gram - Kemasan Refill Suplemen Fitness Tinggi Protein dengan harga Rp363.100. Dapatkan di Shopee sekarang! https://t.co/j7e2EMFdf5

ini rasanya enak, kalo di shake pun buihnya sedikit😍",Sun Apr 12 23:58:54 +0000 2026,,,2058,0,0,0,id,protein shake enak,2026-05-13T14:42:06.680713,twitter,"cek l-men platinum refill choco latte 800 gram - kemasan refill suplemen fitness tinggi protein dengan harga rp363.100. dapatkan di shopee sekarang! ini rasanya enak, kalo di shake pun buihnya sedikit","cek l-men platinum refill choco latte 800 gram - kemasan refill suplemen fitness tinggi protein harga rp363.100. dapatkan shopee sekarang! rasanya enak, kalo shake pun buihnya sedikit",31
2039874919992090826,protein shake enak jg ternyata,Fri Apr 03 01:17:34 +0000 2026,,,167,0,0,0,id,protein shake enak,2026-05-13T14:42:06.680715,twitter,protein shake enak juga ternyata,protein shake enak ternyata,5
2039479957978820866,"Protein shake puro rasa es teler enak banget!! Smooth, rasanya sedikit seger bikin gak enek. Baru tau ternyata ada loh ya shake yg teksturnya smooth gampang pecah👏",Wed Apr 01 23:08:08 +0000 2026,,,213,0,0,0,id,protein shake enak,2026-05-13T14:42:06.680717,twitter,"protein shake puro rasa es teler enak banget!! smooth, rasanya sedikit seger bikin tidak enek. baru tau ternyata ada loh ya shake yang teksturnya smooth gampang pecah","protein shake puro rasa es teler enak banget!! smooth, rasanya sedikit seger bikin tidak enek. baru tau ternyata loh ya shake teksturnya smooth gampang pecah",27
2038090750949466147,wow gue iseng buat protein shake enak bgt 😭,Sun Mar 29 03:07:55 +0000 2026,,,35,0,0,0,other,protein shake enak,2026-05-13T14:42:06.680719,twitter,wow gue iseng buat protein shake enak banget,wow gue iseng buat protein shake enak banget,8
2036038659351462174,ternyata protein shake puro yg strawberry enak bgt😭,Mon Mar 23 11:13:38 +0000 2026,,,22,0,0,0,id,protein shake enak,2026-05-13T14:42:06.680720,twitter,ternyata protein shake puro yang strawberry enak banget,ternyata protein shake puro strawberry enak banget,8
2029339903050563961,Sereal gini protein 42g. Kalo bisa nyata (gak mungkin soalnya inherently molekul protein itu rasanya GAK ENAK) nih protein shake pasti dah gak laku. Orgil yang bikin nutrition factsnya.,Wed Mar 04 23:35:10 +0000 2026,,,190,0,0,0,id,protein shake enak,2026-05-13T14:42:06.680724,twitter,sereal gini protein 42g. kalo bisa nyata gak mungkin soalnya inherently molekul protein itu rasanya tidak enak protein shake pasti dah tidak laku. orgil yang bikin nutrition factsnya.,sereal gini protein 42g. kalo bisa nyata gak mungkin soalnya inherently molekul protein rasanya tidak enak protein shake pasti dah tidak laku. orgil bikin nutrition factsnya.,28
2027005165413572859,"Enak juga kalau sahur cuman protein shake sama ubi, jadi buka puasa masih ada 1000+ kalori 🏄‍♀️",Thu Feb 26 12:57:46 +0000 2026,,,44,0,0,0,id,protein shake enak,2026-05-13T14:42:06.680727,twitter,"enak juga kalau sahur cuman protein shake sama ubi, jadi buka puasa masih ada 1000 kalori","enak kalau sahur cuman protein shake sama ubi, jadi buka puasa masih 1000 kalori",16
2024600183561216157,Walaupun gak puasa tetep bangun pas sahur bikinin protein shake buat ortu. Jujur ni yang pagi ini enak pol tapi gw bikinnya ngepas haha 😭 https://t.co/Ohs9thWfbY,Thu Feb 19 21:41:13 +0000 2026,,,72,0,0,0,id,protein shake enak,2026-05-13T14:42:06.680729,twitter,walaupun tidak puasa tetep bangun pas sahur bikinin protein shake buat ortu. jujur ni yang pagi ini enak pol tapi gw bikinnya ngepas,walaupun tidak puasa tetep bangun pas sahur bikinin protein shake buat ortu. jujur ni pagi enak pol tapi gw bikinnya ngepas,23
2021609971969114406,"@_Resplendentl_b Makan sushi, sandwich dan protein shake??
Kenapa dirimu makan makanan negara lain? Terutama makan makanan negara yang pernah menjajah mu, apakah negara mu tidak memiliki makanan yang enak? Dasar warga dari negara Jepang Barat (Korea Selatan)",Wed Feb 11 15:39:11 +0000 2026,,,9,0,0,6,id,protein shake enak,2026-05-13T14:42:06.680732,twitter,"makan sushi, sandwich dan protein shake?? kenapa dirimu makan makanan negara lain? terutama makan makanan negara yang pernah menjajah mu, apakah negara mu tidak memiliki makanan yang enak? dasar warga dari negara jepang barat korea selatan","makan sushi, sandwich protein shake?? kenapa dirimu makan makanan negara lain? terutama makan makanan negara pernah menjajah mu, apakah negara mu tidak memiliki makanan enak? dasar warga negara jepang barat korea selatan",36
2020786529551949920,"ini juga, tapi jadi share masalah kesehatan + tips buat mengurangi sakit,
share link merk protein shake yg enak,
share link yt home exercise yg gampang,
share foto hari ini masak apa + ntar kalo ketemu mau makan apa,
share lagi kerjain project apa + capeknya apa serunya apa,",Mon Feb 09 09:07:07 +0000 2026,,,7076,1,0,1,id,protein shake enak,2026-05-13T14:42:06.680735,twitter,"ini juga, tapi jadi share masalah kesehatan tips buat mengurangi sakit, share link merk protein shake yang enak, share link yt home exercise yang gampang, share foto hari ini masak apa ntar kalo ketemu mau makan apa, share lagi kerjain project apa capeknya apa serunya apa,","juga, tapi jadi share masalah kesehatan tips buat mengurangi sakit, share link merk protein shake enak, share link yt home exercise gampang, share foto hari masak apa ntar kalo ketemu mau makan apa, share lagi kerjain project apa capeknya apa serunya apa,",46
2016285761457553475,Enak juga protein shake ini,Tue Jan 27 23:02:40 +0000 2026,,,124,0,0,0,other,protein shake enak,2026-05-13T14:42:06.680738,twitter,enak juga protein shake ini,enak protein shake,5
2009103017027801260,"kan gue rutin minum protein shake ya (karena enak aja), harganya tuh buletin deh $10 isi 4. trs gue yang kayak HM WORTH IT MURAH trs gue pas mikir convert ke rupiah anjeng 170rb cuma buat 4 biji gK LOGIS",Thu Jan 08 03:21:01 +0000 2026,,,45,0,0,1,id,protein shake enak,2026-05-13T14:42:06.680741,twitter,"kan gue rutin minum protein shake ya karena enak aja, harganya tuh buletin 10 isi 4. trs gue yang kayak hm worth it murah trs gue pas mikir convert ke rupiah anjeng 170rb cuma buat 4 biji tidak logis","kan gue rutin minum protein shake ya karena enak aja, harganya tuh buletin 10 isi 4. trs gue kayak hm worth murah trs gue pas mikir convert rupiah anjeng 170rb cuma buat 4 biji tidak logis",39
2008199908365602971,"@douttxe ️️ ️️
️️
️️ ️️
Aku minum protein shake.. terus makan salad aja seharian ini. Enak sekali makan nasi padangg, mauuuuu.
️️ ️️
️️
️️ ️️",Mon Jan 05 15:32:23 +0000 2026,,,241,0,0,1,id,protein shake enak,2026-05-13T14:42:06.680745,twitter,"aku minum protein shake.. terus makan salad aja seharian ini. enak sekali makan nasi padangg, mauuuuu.","minum protein shake.. terus makan salad aja seharian ini. enak sekali makan nasi padangg, mauuuuu.",16
2005995818420150378,eh ini protein shake enak anjirs,Tue Dec 30 13:34:07 +0000 2025,,,34,0,0,0,other,protein shake enak,2026-05-13T14:42:06.680750,twitter,eh ini protein shake enak anjirs,eh protein shake enak anjirs,6
2004373296402641162,protein shake tetaplah protein... gak nemu yang enak,Fri Dec 26 02:06:47 +0000 2025,,,8,0,0,0,id,protein shake enak,2026-05-13T14:42:06.680753,twitter,protein shake tetaplah protein... tidak nemu yang enak,protein shake tetaplah protein... tidak nemu enak,8
1999042426225492459,"buat yg gym dan kebutuhan protein masih kurang please coba protein shake yang rasa ini, enak bgt tolong 😭
https://t.co/Dua6En5f9q",Thu Dec 11 09:03:49 +0000 2025,,,469,0,0,0,id,protein shake enak,2026-05-13T14:42:09.871873,twitter,"buat yang gym dan kebutuhan protein masih kurang please coba protein shake yang rasa ini, enak banget tolong","buat gym kebutuhan protein masih kurang please coba protein shake rasa ini, enak banget tolong",18
1997564786033504292,"🐶Rekap Live Janry BNK48 – 06 Des 2025 🐹
#Rekap48TH #JanryBNK48 #BNK48 

Orig: https://t.co/pOc7KZ02Ci
#iAM48Application 

- Janry makan dengan gaya lesehan katanya biar kerasa homey karena sedang tidak didorm
- Komplain soal ayam goreng yang ternyata lebih banyak tepungnya https://t.co/gttL5JyQDw",Sun Dec 07 07:12:12 +0000 2025,,,1347,9,3,0,id,protein shake enak,2026-05-13T14:42:09.871905,twitter,rekap live janry bnk48 06 des 2025 rekap48th janrybnk48 bnk48 orig iam48application - janry makan dengan gaya lesehan katanya biar kerasa homey karena sedang tidak didorm - komplain soal ayam goreng yang ternyata lebih banyak tepungnya,rekap live janry bnk48 06 des 2025 rekap48th janrybnk48 bnk48 orig iam48application - janry makan gaya lesehan katanya biar kerasa homey karena sedang tidak didorm - komplain soal ayam goreng ternyata lebih banyak tepungnya,36
1996966891160826186,@spellicng @trustmee_ Cookies sama yg kyk protein shake nya enak. Tp yg kyk protein shake nya itu kemanisan kt aku. Tp kan emg buat sumber energi,Fri Dec 05 15:36:23 +0000 2025,,,694,0,0,0,id,protein shake enak,2026-05-13T14:42:09.871907,twitter,cookies sama yang kayak protein shake nya enak. tapi yang kayak protein shake nya itu kemanisan kt aku. tapi kan emg buat sumber energi,cookies sama kayak protein shake nya enak. tapi kayak protein shake nya kemanisan kt aku. tapi kan emg buat sumber energi,24
1990338848174592336,"pengganti protein shake, ini enak bgtt

dancow pisang putih telur 🤤 https://t.co/nd5KLmXL7W",Mon Nov 17 08:38:54 +0000 2025,,,3913,0,0,0,id,protein shake enak,2026-05-13T14:42:09.871912,twitter,"pengganti protein shake, ini enak bgtt dancow pisang putih telur","pengganti protein shake, enak bgtt dancow pisang putih telur",10
1989328643630518752,"🐈Ini susu Indonesia
🍙 Oatmeal banyak dikomsumsi orang"" yg berolahraga, cocok untuk sarapan. Bahkan orang yang ga berolahraga pun bisa memakannya. Ini sehat
🐈 umm enak, kan?
🍙 bisa ditambahkan sesendok protein shake dan pisang, lalu blender-

ahk limit
 https://t.co/0SDLsfypxv",Fri Nov 14 13:44:43 +0000 2025,,,923,0,0,0,id,protein shake enak,2026-05-13T14:42:09.871915,twitter,"ini susu indonesia oatmeal banyak dikomsumsi orang yang berolahraga, cocok untuk sarapan. bahkan orang yang tidak berolahraga pun bisa memakannya. ini sehat umm enak, kan? bisa ditambahkan sesendok protein shake dan pisang, lalu blender- ahk limit","susu indonesia oatmeal banyak dikomsumsi orang berolahraga, cocok sarapan. bahkan orang tidak berolahraga pun bisa memakannya. sehat umm enak, kan? bisa ditambahkan sesendok protein shake pisang, lalu blender- ahk limit",36
1985940915949879785,"Wkwkwkwkw bener feeling ku, mei ga doyan protein shake. Padahal pas aku cobain enak bgt manis gurih creamy ga amis sama sekali. Nanti sore aku kasih coba lagi.",Wed Nov 05 05:23:06 +0000 2025,,,52,0,0,1,id,protein shake enak,2026-05-13T14:42:09.871918,twitter,"wkwkwkwkw bener feeling ku, mei tidak doyan protein shake. padahal pas aku cobain enak banget manis gurih creamy tidak amis sama sekali. nanti sore aku kasih coba lagi.","wkwkwkwkw bener feeling ku, mei tidak doyan protein shake. padahal pas cobain enak banget manis gurih creamy tidak amis sama sekali. nanti sore kasih coba lagi.",28
1983198232223404410,biarin aja deh dia makan enak ketimbang liat dia minum 2 SENDOK GENTONG protein shake kematian ini 😭😭😭😭 https://t.co/sd7gHPNh8D,Tue Oct 28 15:44:39 +0000 2025,,,201,0,0,0,id,protein shake enak,2026-05-13T14:42:09.871920,twitter,biarin aja dia makan enak ketimbang liat dia minum 2 sendok gentong protein shake kematian ini,biarin aja makan enak ketimbang liat minum 2 sendok gentong protein shake kematian,16
1973515771298062351,"Goodnight anon, sbb ya kemarin aku udah bobo. Aku tadi makan jelly ama protein shake. Lumayan enak n mengenyangkan heheheh. Moga pagimu menyenangkan yaaaaa ✨ https://t.co/HBJ5ghv7by",Wed Oct 01 22:30:00 +0000 2025,,,6950,0,0,0,id,protein shake enak,2026-05-13T14:42:09.871924,twitter,"goodnight anon, sbb ya kemarin aku sudah bobo. aku tadi makan jelly ama protein shake. lumayan enak n mengenyangkan heheheh. moga pagimu menyenangkan yaaaaa","goodnight anon, sbb ya kemarin bobo. tadi makan jelly ama protein shake. lumayan enak n mengenyangkan heheheh. moga pagimu menyenangkan yaaaaa",24
1965077449718571153,"baru nyobain WPI Puro yg varian Strawberry 😭 ENAK BGT

gak kyk minum protein shake, seger kayak minum jasjus stroberi, warnanya juga clear, gak butek",Mon Sep 08 15:39:08 +0000 2025,,,29899,4,0,0,id,protein shake enak,2026-05-13T14:42:09.871926,twitter,"baru nyobain wpi puro yang varian strawberry enak banget tidak kayak minum protein shake, seger kayak minum jasjus stroberi, warnanya juga clear, tidak butek","baru nyobain wpi puro varian strawberry enak banget tidak kayak minum protein shake, seger kayak minum jasjus stroberi, warnanya clear, tidak butek",24
1953302406764097917,"@afrkml Aku lg diet dan sudah turun sekitar 3 kg dalam 5-6 minggu ners.
Kuncinya IF jam 6-12 siang, dr jam 12 makan berat sekali aku bebasin apa aja mau geprek atau apa yang enak, ngopi latte no sugar, buah, sayur, cake buatan sendiri, protein shake dll.
Lapor yg jujur ke GPT haha.",Thu Aug 07 03:49:19 +0000 2025,,,837,0,0,1,id,protein shake enak,2026-05-13T14:42:09.871928,twitter,"aku lagi diet dan sudah turun sekitar 3 kg dalam 5-6 minggu ners. kuncinya if jam 6-12 siang, dari jam 12 makan berat sekali aku bebasin apa aja mau geprek atau apa yang enak, ngopi latte no sugar, buah, sayur, cake buatan sendiri, protein shake dll. lapor yang jujur ke gpt haha.","lagi diet turun sekitar 3 kg 5-6 minggu ners. kuncinya jam 6-12 siang, jam 12 makan berat sekali bebasin apa aja mau geprek atau apa enak, ngopi latte no sugar, buah, sayur, cake buatan sendiri, protein shake dll. lapor jujur gpt haha.",52
1953008570989252660,@lucksmithwitz Protein shake + espresso enak loh. Double combo,Wed Aug 06 08:21:43 +0000 2025,,,2558,0,0,1,en,protein shake enak,2026-05-13T14:42:09.871931,twitter,protein shake espresso enak loh. double combo,protein shake espresso enak loh. double combo,7
1938296204145926646,"Punya resep baru buat protein shake (dada ayam + putih telor) biar ga bau amis... 

Pake susu ultra + nescafe yang bisa larut di air dingin. 

Asli enak banget! https://t.co/lWWEGSkDGk",Thu Jun 26 18:00:01 +0000 2025,,,6749,5,0,0,id,protein shake enak,2026-05-13T14:42:09.871934,twitter,punya resep baru buat protein shake dada ayam putih telor biar tidak bau amis... pake susu ultra nescafe yang bisa larut di air dingin. asli enak banget!,punya resep baru buat protein shake dada ayam putih telor biar tidak bau amis... pake susu ultra nescafe bisa larut air dingin. asli enak banget!,27
1935925093278138709,dimana ada protein shake se enak ituya disini 😖,Fri Jun 20 04:58:04 +0000 2025,,,2178,0,0,0,id,protein shake enak,2026-05-13T14:42:09.871936,twitter,dimana ada protein shake se enak ituya disini,dimana protein shake se enak ituya disini,8
1935876298158817785,"Dengan rutin mengkonsumsi F1 Shake Nutrisi dari Herbalife sebagai pengganti sarapan dan makan malam, untuk makan siang tetap bisa makan enak seperti biasa dengan porsi sedikit karbohidrat, banyak protein dan serat secukupnya.",Fri Jun 20 01:44:10 +0000 2025,,,49,0,0,1,id,protein shake enak,2026-05-13T14:42:09.871939,twitter,"dengan rutin mengkonsumsi f1 shake nutrisi dari herbalife sebagai pengganti sarapan dan makan malam, untuk makan siang tetap bisa makan enak seperti biasa dengan porsi sedikit karbohidrat, banyak protein dan serat secukupnya.","rutin mengkonsumsi f1 shake nutrisi herbalife sebagai pengganti sarapan makan malam, makan siang tetap bisa makan enak seperti biasa porsi sedikit karbohidrat, banyak protein serat secukupnya.",32
1933433277744099455,Knp g ada yg bilang kalo protein shake + espresso enak bgt??????,Fri Jun 13 07:56:29 +0000 2025,,,56,0,0,2,other,protein shake enak,2026-05-13T14:42:09.871941,twitter,knp tidak ada yang bilang kalo protein shake espresso enak bgt??????,knp tidak bilang kalo protein shake espresso enak bgt??????,11
1930104956914414027,"🫧 1+1 proteeone protein pouch #peekyourcart_snack

protein shake merk ini ada rasa matchanya dan enak! cocok buat yg lagi pengen matcha tapi mau minumannya lebih berprotein dan bs ganjel lapar😋🍵

IDR 120.000 (get 2 pcs‼️)

biasa kalau gak event, harga segini cm dapet 1pcs🥲 https://t.co/4IotIbXLRb",Wed Jun 04 03:30:56 +0000 2025,,,1370,0,0,0,id,protein shake enak,2026-05-13T14:42:09.871944,twitter,"11 proteeone protein pouch peekyourcartsnack protein shake merk ini ada rasa matchanya dan enak! cocok buat yang lagi pengen matcha tapi mau minumannya lebih berprotein dan bisa ganjel lapar idr 120.000 get 2 pcs biasa kalau tidak event, harga segini cm dapet 1pcs","11 proteeone protein pouch peekyourcartsnack protein shake merk rasa matchanya enak! cocok buat lagi pengen matcha tapi mau minumannya lebih berprotein bisa ganjel lapar idr 120.000 get 2 pcs biasa kalau tidak event, harga segini cm dapet 1pcs",43
1929566966261403849,rekomendasi protein shake buat cutting yg enak and worth the price plzzzz,Mon Jun 02 15:53:09 +0000 2025,,,41,0,0,0,en,protein shake enak,2026-05-13T14:42:09.871948,twitter,rekomendasi protein shake buat cutting yang enak and worth the price plzzzz,rekomendasi protein shake buat cutting enak and worth price plzzzz,12
1929126144634413140,"Beli protein shake, tp muanis banget, akhirnya gak keminum. Terus aku curhat ke chatgpt, dia bilang coba campurin ke kopi aja((karena dia tau aku sering bikin kopi sendiri)) 

DAN…. Enak woy….. dicari cowo spek chatgpt buat menjadi suamiku",Sun Jun 01 10:41:28 +0000 2025,,,2716,7,1,2,id,protein shake enak,2026-05-13T14:42:09.871950,twitter,"beli protein shake, tapi muanis banget, akhirnya tidak keminum. terus aku curhat ke chatgpt, dia bilang coba campurin ke kopi ajakarena dia tau aku sering bikin kopi sendiri dan. enak woy.. dicari cowo spek chatgpt buat menjadi suamiku","beli protein shake, tapi muanis banget, akhirnya tidak keminum. terus curhat chatgpt, bilang coba campurin kopi ajakarena tau sering bikin kopi sendiri dan. enak woy.. dicari cowo spek chatgpt buat menjadi suamiku",38
1927610628895838355,"@Hvlnnn_Sou Bingung mau diem disini sampe jam 3 or pindah kafe wkwkwk. Minumannya aja ga enak, namanya ice coklat tp kek protein shake pls berat banget.",Wed May 28 06:19:21 +0000 2025,,,246,0,0,0,id,protein shake enak,2026-05-13T14:42:09.871953,twitter,"bingung mau diem disini sampe jam 3 or pindah kafe wkwkwk. minumannya aja tidak enak, namanya ice coklat tapi kek protein shake pls berat banget.","bingung mau diem disini sampe jam 3 pindah kafe wkwkwk. minumannya aja tidak enak, namanya ice coklat tapi kek protein shake pls berat banget.",25
1926281651081871769,"Manisnya protein shake tu ga enak ya, eneg. Makanya saya males minum. Enakan kopi, atau wedang-wedangan anget di pagi hari.",Sat May 24 14:18:28 +0000 2025,,,203,1,0,0,id,protein shake enak,2026-05-13T14:42:09.871955,twitter,"manisnya protein shake tu tidak enak ya, eneg. makanya saya males minum. enakan kopi, atau wedang-wedangan anget di pagi hari.","manisnya protein shake tu tidak enak ya, eneg. makanya males minum. enakan kopi, atau wedang-wedangan anget pagi hari.",20
1925943870883340300,"enak bgt, tpi sorry bgt I can make myself at home (emg sehari2 ngejus + dipakein protein shake) yummy bingits",Fri May 23 15:56:15 +0000 2025,,,62,0,0,0,id,protein shake enak,2026-05-13T14:42:13.668226,twitter,"enak bgt, tapi sorry banget i can make myself at home emg sehari2 ngejus dipakein protein shake yummy bingits","enak bgt, tapi sorry banget make myself home emg sehari2 ngejus dipakein protein shake yummy bingits",19
1925714010994851963,"@_masakosasa I told u, protein shake ga enak 😭🙌🏻",Fri May 23 00:42:52 +0000 2025,,,1898,0,0,1,other,protein shake enak,2026-05-13T14:42:13.668269,twitter,"i told u, protein shake tidak enak","told u, protein shake tidak enak",7
1924491764297261110,PROTEIN SHAKE TAMBAH KOPI ENAK KALI COKKKKK,Mon May 19 15:46:06 +0000 2025,,,172,0,0,0,en,protein shake enak,2026-05-13T14:42:13.668274,twitter,protein shake tambah kopi enak kali cokkkkk,protein shake tambah kopi enak kali cokkkkk,7
1918661159907127367,"terus skrg bikin protein shake ditambah pisang dan stoberi frozen, enak banget huaaaa",Sat May 03 13:37:22 +0000 2025,,,679,0,0,0,id,protein shake enak,2026-05-13T14:42:13.668279,twitter,"terus skrg bikin protein shake ditambah pisang dan stoberi frozen, enak banget huaaaa","terus skrg bikin protein shake ditambah pisang stoberi frozen, enak banget huaaaa",13
1917850040862925233,"@convomf 1. gak disarankan kalo turun 4 kg dalam 6 hari
2. protein shake yang menurut gue enak dan terjangkau dari brand natlab",Thu May 01 07:54:16 +0000 2025,,,209,0,0,0,id,protein shake enak,2026-05-13T14:42:13.668282,twitter,1. tidak disarankan kalo turun 4 kg dalam 6 hari 2. protein shake yang menurut gue enak dan terjangkau dari brand natlab,1. tidak disarankan kalo turun 4 kg 6 hari 2. protein shake menurut gue enak terjangkau brand natlab,22
1917831758118281591,"@convomf Protein shake terjangkau Puro, rasanya enak, murce. Cuma ga cocok di aku krn memporak poranda hormonku yg udh imbalance.
Kl mau ganti diet, tlg bgt jan termakan iklan cara instan ya. Riset yg betul nder. Konsul sm yg berpengalaman.",Thu May 01 06:41:37 +0000 2025,,,287,13,0,1,id,protein shake enak,2026-05-13T14:42:13.668286,twitter,"protein shake terjangkau puro, rasanya enak, murce. cuma tidak cocok di aku karena memporak poranda hormonku yang sudah imbalance. kl mau ganti diet, tlg banget jan termakan iklan cara instan ya. riset yang betul nder. konsul sama yang berpengalaman.","protein shake terjangkau puro, rasanya enak, murce. cuma tidak cocok karena memporak poranda hormonku imbalance. kl mau ganti diet, tlg banget jan termakan iklan cara instan ya. riset betul nder. konsul sama berpengalaman.",39
1915689570198519874,"Protein shake yg enak apa sihh, gue mau coba minum kan buat sarapan, pas banget dikasih sama bos gue. Anjir rasanya kayak dedek, dedek makanan ayam 😭😭",Fri Apr 25 08:49:19 +0000 2025,,,392,0,0,0,id,protein shake enak,2026-05-13T14:42:13.668290,twitter,"protein shake yang enak apa sihh, gue mau coba minum kan buat sarapan, pas banget dikasih sama bos gue. anjir rasanya kayak dedek, dedek makanan ayam","protein shake enak apa sihh, gue mau coba minum kan buat sarapan, pas banget dikasih sama bos gue. anjir rasanya kayak dedek, dedek makanan ayam",26
1914680863310406045,Eh protein shake yang enak tapi ga terlalu mahal apa ya?,Tue Apr 22 14:01:05 +0000 2025,,,28,0,0,0,id,protein shake enak,2026-05-13T14:42:13.668294,twitter,eh protein shake yang enak tapi tidak terlalu mahal apa ya?,eh protein shake enak tapi tidak terlalu mahal apa ya?,11
1914338795329372388,@doxbby rekomendasiin protein shake yang rasa enak dong kaa,Mon Apr 21 15:21:50 +0000 2025,,,209,0,0,1,id,protein shake enak,2026-05-13T14:42:13.668298,twitter,rekomendasiin protein shake yang rasa enak kaa,rekomendasiin protein shake rasa enak kaa,7
1912559016015982680,guyss kalian ada saran merk protein shake yang enak untuk diet nggaa.. drop yaa tiaa,Wed Apr 16 17:29:37 +0000 2025,,,166,0,0,0,id,protein shake enak,2026-05-13T14:42:13.668301,twitter,guyss kalian ada saran merk protein shake yang enak untuk diet nggaa.. drop yaa tiaa,guyss kalian saran merk protein shake enak diet nggaa.. drop yaa tiaa,15
1911355409006510176,"Thinking about getting a protein shake to help hit my protein intake… hmm, yang enak apa ya? 🤔",Sun Apr 13 09:46:55 +0000 2025,,,92,0,0,0,en,protein shake enak,2026-05-13T14:42:13.668304,twitter,"thinking about getting a protein shake to help hit my protein intake hmm, yang enak apa ya?","thinking about getting protein shake help hit protein intake hmm, enak apa ya?",17
1908717727533109639,Protein shake ga enak anjir,Sun Apr 06 03:05:43 +0000 2025,,,1898,0,0,2,other,protein shake enak,2026-05-13T14:42:13.668306,twitter,protein shake tidak enak anjir,protein shake tidak enak anjir,5
1908600184990556375,"Keren bgttt caan sbg yg pernah gk mimi kopi hampir 3 bulan tuh rasanya emg enak si dibadan diganti protein shake,sekarang ramadhan kemarin  aja tetep ngopi walaupun segelas gk abis pas sahur yg abis segelas klo lg weekend aja😩.",Sat Apr 05 19:18:38 +0000 2025,,,150,0,0,0,id,protein shake enak,2026-05-13T14:42:13.668309,twitter,"keren bgttt caan sbg yang pernah tidak mimi kopi hampir 3 bulan tuh rasanya emg enak si dibadan diganti protein shake,sekarang ramadhan kemarin aja tetep ngopi walaupun segelas tidak abis pas sahur yang abis segelas klo lagi weekend aja.","keren bgttt caan sbg pernah tidak mimi kopi hampir 3 bulan tuh rasanya emg enak si dibadan diganti protein shake,sekarang ramadhan kemarin aja tetep ngopi walaupun segelas tidak abis pas sahur abis segelas klo lagi weekend aja.",39
1905230416430481414,"@witchershit padahal ayam enak wkwk, tapi sejak kuliah makan ayam udah muak
minum protein shake boleh tuh by tapi olahraga juga",Thu Mar 27 12:08:23 +0000 2025,,,391,0,0,0,id,protein shake enak,2026-05-13T14:42:13.668316,twitter,"padahal ayam enak wkwk, tapi sejak kuliah makan ayam sudah muak minum protein shake boleh tuh by tapi olahraga juga","padahal ayam enak wkwk, tapi sejak kuliah makan ayam muak minum protein shake boleh tuh tapi olahraga",20
1904755154374844636,"@schlaxu ㅤ
Siomay di kantin enak banget, protein shake nya rasa apa?

ㅤㅤ",Wed Mar 26 04:39:52 +0000 2025,,,234,0,0,1,id,protein shake enak,2026-05-13T14:42:13.668320,twitter,"siomay di kantin enak banget, protein shake nya rasa apa?","siomay kantin enak banget, protein shake nya rasa apa?",10
1888931681060683914,protein shake apaya yg enak dan ga mahal,Mon Feb 10 12:43:02 +0000 2025,,,323,0,0,0,id,protein shake enak,2026-05-13T14:42:13.668325,twitter,protein shake apaya yang enak dan tidak mahal,protein shake apaya enak tidak mahal,8
1888146611299377181,@noaiiism Dan kenapa harus jus dada ayam gitu loh? Kan bisa diganti ke protein shake atau alternatif lain yg lebih enak ya wkwkwk 😭 atau kita req aja nay supaya ga minum jus dada ayam terus tiap hari 🤣,Sat Feb 08 08:43:26 +0000 2025,,,239,0,0,1,id,protein shake enak,2026-05-13T14:42:13.668328,twitter,dan kenapa harus jus dada ayam gitu loh? kan bisa diganti ke protein shake atau alternatif lain yang lebih enak ya atau kita req aja nay supaya tidak minum jus dada ayam terus tiap hari,kenapa harus jus dada ayam gitu loh? kan bisa diganti protein shake atau alternatif lain lebih enak ya atau req aja nay supaya tidak minum jus dada ayam terus tiap hari,35
1886257532324450652,"honest review: dari bbrp protein shake korea, paling suka sm delight project krn beneran enak bgt 🥹

apalagi rasa nutty chocolate beneran ada kacangnya, jd nambah kenyang dan seru aja minum sambil ngunyah😆

biasa minum utk pengganti sarapan, udah cukup kenyang minum ini pun 🤏🏻 https://t.co/tz1RYoWr7Q",Mon Feb 03 03:36:55 +0000 2025,,,1370,1,0,0,id,protein shake enak,2026-05-13T14:42:13.668331,twitter,"honest review dari bbrp protein shake korea, paling suka sama delight project karena beneran enak banget apalagi rasa nutty chocolate beneran ada kacangnya, jd nambah kenyang dan seru aja minum sambil ngunyah biasa minum untuk pengganti sarapan, sudah cukup kenyang minum ini pun","honest review bbrp protein shake korea, paling suka sama delight project karena beneran enak banget apalagi rasa nutty chocolate beneran kacangnya, jd nambah kenyang seru aja minum sambil ngunyah biasa minum pengganti sarapan, cukup kenyang minum pun",43
1885861150056923564,"Utas bagus ttg protein supplement. 💪

Aku udah lama minum whey isolate, brand lokal, support UMKM. 😋

Selain jadi shake, campur pisang (hasil kebun sendiri) jadi smoothie. Enak.

Some say WPI is also good for hormonal imbalance. Try it! https://t.co/QfSDArORni",Sun Feb 02 01:21:50 +0000 2025,,,1000,8,2,1,en,protein shake enak,2026-05-13T14:42:13.668334,twitter,"utas bagus ttg protein supplement. aku sudah lama minum whey isolate, brand lokal, support umkm. selain jadi shake, campur pisang hasil kebun sendiri jadi smoothie. enak. some say wpi is also good for hormonal imbalance. try it!","utas bagus ttg protein supplement. lama minum whey isolate, brand lokal, support umkm. selain jadi shake, campur pisang hasil kebun sendiri jadi smoothie. enak. some say wpi good hormonal imbalance. try it!",37
1883307919225278703,"@luckysidc ⠀
Protein shake nggak enak 😔 Terlalu manis.. terlalu kentel gitu.. gue mau beli smoothies aja, deh, nanti. Cepet banget udah siap?! WAITᅳsiap-siap dulu sedetik!
⠀",Sun Jan 26 00:16:12 +0000 2025,,,77,0,0,1,id,protein shake enak,2026-05-13T14:42:18.521492,twitter,"protein shake tidak enak terlalu manis.. terlalu kentel gitu.. gue mau beli smoothies aja, deh, nanti. cepet banget sudah siap?! waitsiap-siap dulu sedetik!","protein shake tidak enak terlalu manis.. terlalu kentel gitu.. gue mau beli smoothies aja, deh, nanti. cepet banget siap?! waitsiap-siap dulu sedetik!",23
1883125413834277176,"@RuA_HoneyBadger Btw gue resell herbalyfe, klo mau pesen bisa ke gw wkwk

mayan cuy protein shake nya dia paling enak buat ganjel laper (soalnya kenyang bgt dibanding merk yg lain), tapi percaya deh itu brand dia ga bikin kurus, malah gue berasa seret kurang minum air putih 🤣🤣",Sat Jan 25 12:11:00 +0000 2025,,,1540,0,0,1,id,protein shake enak,2026-05-13T14:42:18.521507,twitter,"btw gue resell herbalyfe, klo mau pesen bisa ke gw mayan cuy protein shake nya dia paling enak buat ganjel laper soalnya kenyang banget dibanding merk yang lain, tapi percaya itu brand dia tidak bikin kurus, malah gue berasa seret kurang minum air putih","btw gue resell herbalyfe, klo mau pesen bisa gw mayan cuy protein shake nya paling enak buat ganjel laper soalnya kenyang banget dibanding merk lain, tapi percaya brand tidak bikin kurus, malah gue berasa seret kurang minum air putih",44
1881311325525344373,#VelMeal puasa senin 👌🏻makan kacang ijo pake protein shake trus dapat nasi kotak 🥰🥰 &amp; ide bingbing campur sate sm sambal kerak minyak di salad jadinya enak bingitzz &amp; wangi bangetttt unchhh 🤩🤩 https://t.co/1R9GigujUY,Mon Jan 20 12:02:27 +0000 2025,,,1230,0,0,1,id,protein shake enak,2026-05-13T14:42:18.521510,twitter,velmeal puasa senin makan kacang ijo pake protein shake trus dapat nasi kotak amp ide bingbing campur sate sama sambal kerak minyak di salad jadinya enak bingitzz amp wangi bangetttt unchhh,velmeal puasa senin makan kacang ijo pake protein shake trus dapat nasi kotak amp ide bingbing campur sate sama sambal kerak minyak salad jadinya enak bingitzz amp wangi bangetttt unchhh,31
1880689045938094248,"Udh seneng nemu protein shake yg enak, simpel, taunya tinggi gula😭🫵",Sat Jan 18 18:49:44 +0000 2025,,,195,0,0,0,id,protein shake enak,2026-05-13T14:42:18.521512,twitter,"sudah seneng nemu protein shake yang enak, simpel, taunya tinggi gula","seneng nemu protein shake enak, simpel, taunya tinggi gula",11
1879521569317470481,"@calebiru HAHAHA IYA COK…. kalo protein shake baiknya perhatiin aja le sblm beli tiap brand gulanya beda”, tp setau gua so far paling rendah tuh puro sih le enak jugak",Wed Jan 15 13:30:36 +0000 2025,,,127,0,0,0,id,protein shake enak,2026-05-13T14:42:18.521514,twitter,"hahaha iya cok. kalo protein shake baiknya perhatiin aja le sblm beli tiap brand gulanya beda, tapi setau gua so far paling rendah tuh puro le enak jugak","hahaha iya cok. kalo protein shake baiknya perhatiin aja le sblm beli tiap brand gulanya beda, tapi setau gua far paling rendah tuh puro le enak jugak",28
1876562546930638908,"@wahkerensih easier lg kalo telornya diganti ke protein shake, gw pake vegan, 128g calories 25g protein udah sama serat dll. sisanya gw bisa makan enak 1 meal sehari",Tue Jan 07 09:32:30 +0000 2025,,,78,0,0,0,id,protein shake enak,2026-05-13T14:42:18.521516,twitter,"easier lagi kalo telornya diganti ke protein shake, gw pake vegan, 128g calories 25g protein sudah sama serat dll. sisanya gw bisa makan enak 1 meal sehari","easier lagi kalo telornya diganti protein shake, gw pake vegan, 128g calories 25g protein sama serat dll. sisanya gw bisa makan enak 1 meal sehari",27
1870486687232688255,"@incitu Aku ada merk protein shake yg enak. Aku bisa bilang gini karena udah pernah konsumsi. Namanya Trim Shake, ada rasa coklat, vanilla, dan mocha. Meskipun rasanya enak, dia very high in protein. Dan rendah gula. Silahkan dicoba dulu and thank me later 😄",Sat Dec 21 15:09:12 +0000 2024,,,911,1,0,0,id,protein shake enak,2026-05-13T14:42:18.521517,twitter,"aku ada merk protein shake yang enak. aku bisa bilang gini karena sudah pernah konsumsi. namanya trim shake, ada rasa coklat, vanilla, dan mocha. meskipun rasanya enak, dia very high in protein. dan rendah gula. silahkan dicoba dulu and thank me later","merk protein shake enak. bisa bilang gini karena pernah konsumsi. namanya trim shake, rasa coklat, vanilla, mocha. meskipun rasanya enak, high protein. rendah gula. silahkan dicoba dulu and thank later",42
1870134290438308216,"itu si bikin kaki buntung. mending kalo kepingin yg serupa bikin aja herbalife/protein shake, dikasih topping buah+roti gandum. enak. https://t.co/X2fJMUQAmg",Fri Dec 20 15:48:54 +0000 2024,,,618,0,0,0,id,protein shake enak,2026-05-13T14:42:18.521519,twitter,"itu si bikin kaki buntung. mending kalo kepingin yang serupa bikin aja herbalifeprotein shake, dikasih topping buahroti gandum. enak.","si bikin kaki buntung. mending kalo kepingin serupa bikin aja herbalifeprotein shake, dikasih topping buahroti gandum. enak.",19
1865737557201523192,@boorondong mau ngga mau gasi kak protein shake soalnya dia kan nge gym tp jaga makan jg… eh tp katanya protein shake di korea rasanya enak kak wkwkw,Sun Dec 08 12:37:52 +0000 2024,,,83,0,0,0,id,protein shake enak,2026-05-13T14:42:18.521521,twitter,mau tidak mau gasi kak protein shake soalnya dia kan nge gym tapi jaga makan jg eh tapi katanya protein shake di korea rasanya enak kak wkwkw,mau tidak mau gasi kak protein shake soalnya kan nge gym tapi jaga makan jg eh tapi katanya protein shake korea rasanya enak kak wkwkw,27
1863240275239567371,"@shrlooji Pergi ke gym, nyenengin istrinya, nyenengin keluarganya+keluarga istrinya, beli buku2 baru, nabung, makan enak, protein shake, ikut kelas professional skill apapun pake duit sendiri, beli rumah, beli mobil. Apalagi ya… suami gw gitu soalnya",Sun Dec 01 15:14:33 +0000 2024,,,8,0,0,0,id,protein shake enak,2026-05-13T14:42:18.521523,twitter,"pergi ke gym, nyenengin istrinya, nyenengin keluarganyakeluarga istrinya, beli buku2 baru, nabung, makan enak, protein shake, ikut kelas professional skill apapun pake duit sendiri, beli rumah, beli mobil. apalagi ya suami gw gitu soalnya","pergi gym, nyenengin istrinya, nyenengin keluarganyakeluarga istrinya, beli buku2 baru, nabung, makan enak, protein shake, ikut kelas professional skill apapun pake duit sendiri, beli rumah, beli mobil. apalagi ya suami gw gitu soalnya",34
1861656686102188369,"#NgabaRine emang enak ya makan nasi tim sama es cendol? Kok menurutku agak aneh ya? Wkwk. Anyways, krn aku lagi cutting.. Aku tadi makan semangka, sosis, sama minum protein shake aja sih.. Kamu ga drop kan? Jangan kebanyakan minum vitamin ya sehari cukup sekali aja @CErine_JKT48",Wed Nov 27 06:21:56 +0000 2024,,,250,1,0,0,id,protein shake enak,2026-05-13T14:42:18.521524,twitter,"ngabarine emang enak ya makan nasi tim sama es cendol? kok menurutku agak aneh ya? wkwk. anyways, karena aku lagi cutting.. aku tadi makan semangka, sosis, sama minum protein shake aja sih.. kamu tidak drop kan? jangan kebanyakan minum vitamin ya sehari cukup sekali aja","ngabarine emang enak ya makan nasi tim sama es cendol? kok menurutku agak aneh ya? wkwk. anyways, karena lagi cutting.. tadi makan semangka, sosis, sama minum protein shake aja sih.. tidak drop kan? jangan kebanyakan minum vitamin ya sehari cukup sekali aja",45
1860625213446365347,"@nie_hotaru dikasih protein shake dia muntah ya ja, jd harus rajin masak yang enak 😂",Sun Nov 24 10:03:14 +0000 2024,,,43220,0,0,1,id,protein shake enak,2026-05-13T14:42:18.521526,twitter,"dikasih protein shake dia muntah ya ja, jd harus rajin masak yang enak","dikasih protein shake muntah ya ja, jd harus rajin masak enak",13
1860513934429814851,"13. GROWELL Grocer and Bistro Smoothies

Daripada penasaran sama smoothiesnya Erewhon yg jauh di LA dan se cup harganya bisa 300rban, di Jaksel sudah ada mirip! Memang bukan store pertama yg mencoba bikin kyk erewhon, gak cuma cakep tampilannya tapi juga enaakk..

- Majik Moment https://t.co/2zz0Ii3Lu3",Sun Nov 24 02:41:03 +0000 2024,,,602,3,0,1,id,protein shake enak,2026-05-13T14:42:18.521528,twitter,"13. growell grocer and bistro smoothies daripada penasaran sama smoothiesnya erewhon yang jauh di la dan se cup harganya bisa 300rban, di jaksel sudah ada mirip! memang bukan store pertama yang mencoba bikin kayak erewhon, tidak cuma cakep tampilannya tapi juga enaakk.. - majik moment","13. growell grocer and bistro smoothies daripada penasaran sama smoothiesnya erewhon jauh la se cup harganya bisa 300rban, jaksel mirip! memang bukan store pertama mencoba bikin kayak erewhon, tidak cuma cakep tampilannya tapi enaakk.. - majik moment",45
1856552940489847162,Si ngide ngejus mangga sama protein shake rasa kunyit asem ditambah garam kasar wakwkawak. Aneh tapi enak,Wed Nov 13 04:21:28 +0000 2024,,,6462,0,0,0,id,protein shake enak,2026-05-13T14:42:18.521529,twitter,si ngide ngejus mangga sama protein shake rasa kunyit asem ditambah garam kasar wakwkawak. aneh tapi enak,si ngide ngejus mangga sama protein shake rasa kunyit asem ditambah garam kasar wakwkawak. aneh tapi enak,17
1850513331519693273,protein shake yg cookies and cream enak jg ternyata,Sun Oct 27 12:22:13 +0000 2024,,,448,0,0,1,en,protein shake enak,2026-05-13T14:42:18.521531,twitter,protein shake yang cookies and cream enak juga ternyata,protein shake cookies and cream enak ternyata,9
1846492993370649022,"Accidentally making super yucky yumm protein shake and surprisingly it's edible 🙀🙀

Next mau bikin tapi dioplos sama putih telur kira2 jadi enak atau justru eneg? 🤔 https://t.co/BFfofQRn2B",Wed Oct 16 10:06:50 +0000 2024,,,1621,0,0,0,id,protein shake enak,2026-05-13T14:42:18.521533,twitter,accidentally making super yucky yumm protein shake and surprisingly it's edible next mau bikin tapi dioplos sama putih telur kira2 jadi enak atau justru eneg?,accidentally making super yucky yumm protein shake and surprisingly it's edible next mau bikin tapi dioplos sama putih telur kira2 jadi enak atau justru eneg?,25
1840686332911427975,@Amigo_Day Protein shake ku pink juga rasa stoberi enak walau agak berserat mau? 😆,Mon Sep 30 09:33:14 +0000 2024,,,668,0,0,1,id,protein shake enak,2026-05-13T14:42:18.521535,twitter,protein shake ku pink juga rasa stoberi enak walau agak berserat mau?,protein shake ku pink rasa stoberi enak walau agak berserat mau?,12
1839292495072735235,@malibubeen Yg Noah aja keknya enak pas udah keliatan penggambarannya gini. Pas kemaren cuma namanya aja kayak ewh protein shake lagi.,Thu Sep 26 13:14:37 +0000 2024,,,855,0,0,1,id,protein shake enak,2026-05-13T14:42:18.521537,twitter,yang noah aja keknya enak pas sudah keliatan penggambarannya gini. pas kemaren cuma namanya aja kayak ewh protein shake lagi.,noah aja keknya enak pas keliatan penggambarannya gini. pas kemaren cuma namanya aja kayak ewh protein shake lagi.,20
1839166982933066093,Minum protein shake dingin + es batu enak banget ya Allah,Thu Sep 26 04:55:53 +0000 2024,,,32,0,0,0,id,protein shake enak,2026-05-13T14:42:18.521538,twitter,minum protein shake dingin es batu enak banget ya allah,minum protein shake dingin es batu enak banget ya allah,10
1838964562705740280,"@noaiiism Kemarin resep chicken breast protein shake aja nyobain pada bilang enak, ga menutup kemungkinan kalo cuma protein doang banyak yang doyan sih 😭",Wed Sep 25 15:31:32 +0000 2024,,,418,0,0,0,id,protein shake enak,2026-05-13T14:42:18.521540,twitter,"kemarin resep chicken breast protein shake aja nyobain pada bilang enak, tidak menutup kemungkinan kalo cuma protein doang banyak yang doyan","kemarin resep chicken breast protein shake aja nyobain bilang enak, tidak menutup kemungkinan kalo cuma protein doang banyak doyan",21
1837197798061813784,"@sk8erwon Hello, Kiel? Bener gak dipanggilnya gitu? Keren deh kamu minum protein shake dan aku tadi malam makan pake batagor... Gak sehat tapi enak. 😔",Fri Sep 20 18:31:03 +0000 2024,,,20,0,0,0,id,protein shake enak,2026-05-13T14:42:23.073819,twitter,"hello, kiel? bener tidak dipanggilnya gitu? keren kamu minum protein shake dan aku tadi malam makan pake batagor... tidak sehat tapi enak.","hello, kiel? bener tidak dipanggilnya gitu? keren minum protein shake tadi malam makan pake batagor... tidak sehat tapi enak.",22
1835988111521993131,Gawat protein shake mulai terasa enak,Tue Sep 17 10:24:11 +0000 2024,,,45,0,0,1,id,protein shake enak,2026-05-13T14:42:23.073835,twitter,gawat protein shake mulai terasa enak,gawat protein shake mulai terasa enak,6
1835223014067118246,"@aipokipok btuls pke dada ayam rebus buat protein shake WKSKWK AKU PUN TAK TAUUU ada yg bilang enak, ada yg trauma 😭😭😭 kalo dliat2 yg berhasil rasa pisang buah gtu sih",Sun Sep 15 07:43:58 +0000 2024,,,103,0,0,1,id,protein shake enak,2026-05-13T14:42:23.073838,twitter,"btuls pke dada ayam rebus buat protein shake wkskwk aku pun tak tauuu ada yang bilang enak, ada yang trauma kalo dliat2 yang berhasil rasa pisang buah gtu","btuls pke dada ayam rebus buat protein shake wkskwk pun tak tauuu bilang enak, trauma kalo dliat2 berhasil rasa pisang buah gtu",28
1834927589116588138,protein shake kenapa gak ada yang enak😭😭😭😭😭,Sat Sep 14 12:10:03 +0000 2024,,,146,0,0,0,id,protein shake enak,2026-05-13T14:42:23.073840,twitter,protein shake kenapa tidak ada yang enak,protein shake kenapa tidak enak,7
1831314040855089217,"Beberapa hari lalu masuk kerja ga enak perasaan karna ada masalah di rumah, doi notice dan disuruh take it easy, dah gt dibikinin protein shake ktny siapatau bisa bikin moodnya lebih baik aowkaowk",Wed Sep 04 12:51:06 +0000 2024,,,1031,1,0,1,id,protein shake enak,2026-05-13T14:42:23.073842,twitter,"beberapa hari lalu masuk kerja tidak enak perasaan karna ada masalah di rumah, doi notice dan disuruh take it easy, dah gt dibikinin protein shake ktny siapatau bisa bikin moodnya lebih baik aowkaowk","beberapa hari lalu masuk kerja tidak enak perasaan karna masalah rumah, doi notice disuruh take easy, dah gt dibikinin protein shake ktny siapatau bisa bikin moodnya lebih baik aowkaowk",33
1830516114616643919,Protein shake tirtir yg coklat enak bgt,Mon Sep 02 08:00:25 +0000 2024,,,694,0,0,0,id,protein shake enak,2026-05-13T14:42:23.073844,twitter,protein shake tirtir yang coklat enak banget,protein shake tirtir coklat enak banget,7
1823311131135578370,"@RiXRiX69420 Aku jg sempet pake yg vectorlabs enak bet nge pumpnya, cuma harganya lumayan sih buat mahasiswa. Menurut abang lebih krusial ini atau protein shake bang? Soalnya aku brenti creatine dan lanjut protein doang mucle growthnya gak secepet pas creatin doang",Tue Aug 13 10:50:23 +0000 2024,,,141,1,0,1,id,protein shake enak,2026-05-13T14:42:23.073846,twitter,"aku juga sempet pake yang vectorlabs enak bet nge pumpnya, cuma harganya lumayan buat mahasiswa. menurut abang lebih krusial ini atau protein shake bang? soalnya aku brenti creatine dan lanjut protein doang mucle growthnya tidak secepet pas creatin doang","sempet pake vectorlabs enak bet nge pumpnya, cuma harganya lumayan buat mahasiswa. menurut abang lebih krusial atau protein shake bang? soalnya brenti creatine lanjut protein doang mucle growthnya tidak secepet pas creatin doang",39
1822436764604363069,"Day 1 nyobain tirtir protein shake, beneran enak ternyata 🤤🤤🤤 https://t.co/e9B9PNpinO",Sun Aug 11 00:55:58 +0000 2024,,,164,0,0,1,id,protein shake enak,2026-05-13T14:42:23.073848,twitter,"day 1 nyobain tirtir protein shake, beneran enak ternyata","day 1 nyobain tirtir protein shake, beneran enak ternyata",9
1820241051929788753,"[240804] #EUNSEOK &amp; Sohee Weverse Live

🪨 Aku juga udah nyiapin protein shake! Sebenenarnya aku tidak berolahraga , jadi aku makan protein shake~ hmm, rasa yogurt enak banget! 

#EUNSEOK #은석 #ウンソク #RIIZE #라이즈 #SEOKSOTV https://t.co/se9WYNtDoo",Sun Aug 04 23:30:59 +0000 2024,,,4766,3,0,0,id,protein shake enak,2026-05-13T14:42:23.073849,twitter,"240804 eunseok amp sohee weverse live aku juga sudah nyiapin protein shake! sebenenarnya aku tidak berolahraga , jadi aku makan protein shake hmm, rasa yogurt enak banget! eunseok riize seoksotv","240804 eunseok amp sohee weverse live nyiapin protein shake! sebenenarnya tidak berolahraga , jadi makan protein shake hmm, rasa yogurt enak banget! eunseok riize seoksotv",30
1816079485265219663,Protein shake yg enak apa sihh,Wed Jul 24 11:54:25 +0000 2024,,,9034,0,0,1,id,protein shake enak,2026-05-13T14:42:23.073851,twitter,protein shake yang enak apa sihh,protein shake enak apa sihh,6
1815717862662906311,"@imyour_ve menurut aku ini murah dan gak nyiksa, soalnya aku gak yg harus puasa atau makan gak enak gitu, kecuali minum manis emang aku stop, terus gak keluar duit malah irit gak jajan, protein shake abis konser aku stop karna gaada targetnya, biar rutin olahraga aja. dumble 2 ganyampe 50k.",Tue Jul 23 11:57:27 +0000 2024,,,838,1,0,0,id,protein shake enak,2026-05-13T14:42:23.073853,twitter,"menurut aku ini murah dan tidak nyiksa, soalnya aku tidak yang harus puasa atau makan tidak enak gitu, kecuali minum manis emang aku stop, terus tidak keluar duit malah irit tidak jajan, protein shake abis konser aku stop karna gaada targetnya, biar rutin olahraga aja. dumble 2 ganyampe 50k.","menurut murah tidak nyiksa, soalnya tidak harus puasa atau makan tidak enak gitu, kecuali minum manis emang stop, terus tidak keluar duit malah irit tidak jajan, protein shake abis konser stop karna gaada targetnya, biar rutin olahraga aja. dumble 2 ganyampe 50k.",49
1815324265492926623,Protein shake gk enak:(,Mon Jul 22 09:53:26 +0000 2024,,,1132,0,0,0,other,protein shake enak,2026-05-13T14:42:23.073855,twitter,protein shake tidak enak,protein shake tidak enak,4
1814323292142256157,"@wencod @NonaMaya222 Ada yang tablet ada yang kayak protein shake (lupa istilahnya).. yang tablet standar tapi ada yang ijo oren (kalo ga salah) itu maag aku sakit kali kalo abis konsumsi..
Kalo protein shakenya sejujurnya enak aja sih kak, cuma dia kalo botolnya ga langsung dicuci, baunya ampun",Fri Jul 19 15:35:56 +0000 2024,,,667,0,0,1,id,protein shake enak,2026-05-13T14:42:23.073857,twitter,"ada yang tablet ada yang kayak protein shake lupa istilahnya.. yang tablet standar tapi ada yang ijo oren kalo tidak salah itu maag aku sakit kali kalo abis konsumsi.. kalo protein shakenya sejujurnya enak aja kak, cuma dia kalo botolnya tidak langsung dicuci, baunya ampun","tablet kayak protein shake lupa istilahnya.. tablet standar tapi ijo oren kalo tidak salah maag sakit kali kalo abis konsumsi.. kalo protein shakenya sejujurnya enak aja kak, cuma kalo botolnya tidak langsung dicuci, baunya ampun",45
1807957416480497735,"@LegacyOfEgo Kalau sebelum latihan pastinya nggak makan yang berat-berat, paling protein bar atau buah-buahan + protein shake. Sesudah latihan paling enak makan omuricenya Kotoha.",Tue Jul 02 02:00:12 +0000 2024,,,26,0,0,0,id,protein shake enak,2026-05-13T14:42:23.073859,twitter,"kalau sebelum latihan pastinya tidak makan yang berat-berat, paling protein bar atau buah-buahan protein shake. sesudah latihan paling enak makan omuricenya kotoha.","kalau sebelum latihan pastinya tidak makan berat-berat, paling protein bar atau buah-buahan protein shake. sesudah latihan paling enak makan omuricenya kotoha.",22
1801819464524251623,"Natural protein shake😆👍
Surprisingly enak https://t.co/rTFyx8AgA8",Sat Jun 15 03:30:11 +0000 2024,,,57,0,0,1,en,protein shake enak,2026-05-13T14:42:23.073861,twitter,natural protein shake surprisingly enak,natural protein shake surprisingly enak,5
1801212327943151620,"🐰💭
130624 7:46-7:47PM KST

akhir-akhir ini, makasih buat PT hyung-ku

aku minum campuran kol/kubis, pisang sma protein shake rasa coklat

enak banget

kalo kamu bekuin pisang terus diblender

jadi smoothie",Thu Jun 13 11:17:38 +0000 2024,,,1514,4,1,0,id,protein shake enak,2026-05-13T14:42:23.073863,twitter,"130624 746-747pm kst akhir-akhir ini, makasih buat pt hyung-ku aku minum campuran kolkubis, pisang sama protein shake rasa coklat enak banget kalo kamu bekuin pisang terus diblender jadi smoothie","130624 746-747pm kst akhir-akhir ini, makasih buat pt hyung-ku minum campuran kolkubis, pisang sama protein shake rasa coklat enak banget kalo bekuin pisang terus diblender jadi smoothie",29
1799744529538699597,emang protein shake tuh nggak enak kah rasanya? soalnya yejun sampe kayak jadi anti banget sama protein shake 😭🤣,Sun Jun 09 10:05:08 +0000 2024,,,23,0,0,0,id,protein shake enak,2026-05-13T14:42:23.073865,twitter,emang protein shake tuh tidak enak kah rasanya? soalnya yejun sampe kayak jadi anti banget sama protein shake,emang protein shake tuh tidak enak kah rasanya? soalnya yejun sampe kayak jadi anti banget sama protein shake,18
1799424905022435732,besok kalo makan kwetiau keknya enak banget tapi aku udah beli protein shake 2 gelas buat makan besok 🥲,Sat Jun 08 12:55:03 +0000 2024,,,1219,0,0,0,id,protein shake enak,2026-05-13T14:42:23.073867,twitter,besok kalo makan kwetiau keknya enak banget tapi aku sudah beli protein shake 2 gelas buat makan besok,besok kalo makan kwetiau keknya enak banget tapi beli protein shake 2 gelas buat makan besok,18
1798572770831552964,@naidvr engga. ini enak banget beneran. rasanya kayak protein shake punya *herba**fe*,Thu Jun 06 04:28:59 +0000 2024,,,316,0,0,0,id,protein shake enak,2026-05-13T14:42:23.073868,twitter,engga. ini enak banget beneran. rasanya kayak protein shake punya herbafe,engga. enak banget beneran. rasanya kayak protein shake punya herbafe,11
1798570823604941254,taste like protein shake that I’ve been drinking but it’s much much much better. enak banget 😭💖,Thu Jun 06 04:21:14 +0000 2024,,,316,1,0,0,other,protein shake enak,2026-05-13T14:42:23.073870,twitter,taste like protein shake that ive been drinking but its much much much better. enak banget,taste like protein shake ive drinking its much much much better. enak banget,16
2054317959451976019,"Homemade beef bone carrots onions garlic dried rosemary oregano salt pepper roasted dandelion apples in crock pot 9hrs 
Then I blended with pure gelatin powder, carnivore Aurelia’s collagen peptide and naked whey protein 
(Health for healing bones ?!) 
Really smooth creamy BISQUE https://t.co/NEObNn1uAJ",Tue May 12 21:49:03 +0000 2026,,,1562,2,0,0,en,whey protein smooth,2026-05-13T14:42:37.295232,twitter,"homemade beef bone carrots onions garlic dried rosemary oregano salt pepper roasted dandelion apples in crock pot 9hrs then i blended with pure gelatin powder, carnivore aurelias collagen peptide and naked whey protein health for healing bones ?! really smooth creamy bisque","homemade beef bone carrots onions garlic dried rosemary oregano salt pepper roasted dandelion apples crock pot 9hrs blended pure gelatin powder, carnivore aurelias collagen peptide and naked whey protein health healing bones ?! smooth creamy bisque",42
2053793558436692202,"TSA Tekk Strawberry Banana Whey is back in stock.

1kg pack  
70% Whey Isolate + 30% Whey Concentrate  
24g protein per scoop  
Sweetened with monk fruit + stevia

Smooth, fruity, easy to drink, and built for everyday protein consistency.

Order now: https://t.co/f7uzhyReUd https://t.co/UQLWpg6dyv",Mon May 11 11:05:16 +0000 2026,,,5098,6,1,1,en,whey protein smooth,2026-05-13T14:42:37.295247,twitter,"tsa tekk strawberry banana whey is back in stock. 1kg pack 70 whey isolate 30 whey concentrate 24g protein per scoop sweetened with monk fruit stevia smooth, fruity, easy to drink, and built for everyday protein consistency. order now","tsa tekk strawberry banana whey back stock. 1kg pack 70 whey isolate 30 whey concentrate 24g protein per scoop sweetened monk fruit stevia smooth, fruity, easy drink, and built everyday protein consistency. order now",39
2053480141976920337,"Fuel Your Inner Icon.

NOVATE Whey Protein Isolate
27.8g protein • Low sugar • Smooth chocolate

Built for everyday performance.

Shop now.
https://t.co/eOzguYE9SG https://t.co/uj6TZngiqw",Sun May 10 14:19:52 +0000 2026,,,0,1,0,0,en,whey protein smooth,2026-05-13T14:42:37.295250,twitter,fuel your inner icon. novate whey protein isolate 27.8g protein low sugar smooth chocolate built for everyday performance. shop now.,fuel inner icon. novate whey protein isolate 27.8g protein low sugar smooth chocolate built everyday performance. shop now.,20
2053096937482838246,"Finally tried the ✨Prime Whey Protein✨ from  and I'm impressed 🫶🏼 I've been using their ✨Real Whey Isolate✨ for months, so my expectations were high… and it did not disappoint! Smooth texture, amazing flavor and perfect for my daily routine 💪🏼 Use my... https://t.co/hijZAIYQTX",Sat May 09 12:57:09 +0000 2026,,,17,0,0,0,en,whey protein smooth,2026-05-13T14:42:37.295252,twitter,"finally tried the prime whey protein from and i'm impressed i've been using their real whey isolate for months, so my expectations were high and it did not disappoint! smooth texture, amazing flavor and perfect for my daily routine use my...","finally tried prime whey protein and i'm impressed i've using their real whey isolate months, expectations high and disappoint! smooth texture, amazing flavor and perfect daily routine use my...",41
2053028615877714291,"this weeks snack: mini egg protein balls! 😮‍💨🫢

140 kcal per ball
6g P | 15g C | 7g F

Ingredients (for 23 balls)
180g oats
230g smooth peanut butter
100g mini eggs, crushed
60g  vanilla fit pro whey
150g clear honey

Method:
1. Add all of the ingred... https://t.co/C6HDuwFcA8",Sat May 09 08:25:40 +0000 2026,,,23,0,0,0,en,whey protein smooth,2026-05-13T14:42:37.295254,twitter,"this weeks snack mini egg protein balls! 140 kcal per ball 6g p 15g c 7g f ingredients for 23 balls 180g oats 230g smooth peanut butter 100g mini eggs, crushed 60g vanilla fit pro whey 150g clear honey method 1. add all of the ingred...","weeks snack mini egg protein balls! 140 kcal per ball 6g p 15g c 7g f ingredients 23 balls 180g oats 230g smooth peanut butter 100g mini eggs, crushed 60g vanilla fit pro whey 150g clear honey method 1. add all ingred...",46
2052735883367854299,"💥 STRENGTH IN EVERY SCOOP 💥

XP Labs WheyXP &amp; ISOXP Grass-Fed Whey

💪 25g protein per scoop
🌱 Grass-fed whey formula
⚡ Smooth mixing &amp; great taste
🔥 Built for recovery and lean muscle support

🍦Available in many delicious flavours:

Because gains don’t build themselves. https://t.co/6eRte3rh76",Fri May 08 13:02:27 +0000 2026,,,1816,0,0,0,en,whey protein smooth,2026-05-13T14:42:37.295256,twitter,strength in every scoop xp labs wheyxp amp isoxp grass-fed whey 25g protein per scoop grass-fed whey formula smooth mixing amp great taste built for recovery and lean muscle support available in many delicious flavours because gains dont build themselves.,strength every scoop xp labs wheyxp amp isoxp grass-fed whey 25g protein per scoop grass-fed whey formula smooth mixing amp great taste built recovery and lean muscle support available many delicious flavours because gains dont build themselves.,40
2052687247498154391,"🌿 Plant Protein  •  #1

Cosmix No-Nonsense Fermented Yeast Protein | 26 Protein/Serve, 500g Pouch | Malnad Arabica Coffee | Plant Protein as Smooth As Whey | PDCAAS of 1

₹999  ₹1,602  (38% off MRP)
📉 30-day low · ↓23% this week

🛒 https://t.co/pKBqaA1vXz",Fri May 08 09:49:11 +0000 2026,,,4,0,0,0,en,whey protein smooth,2026-05-13T14:42:37.295262,twitter,"plant protein 1 cosmix no-nonsense fermented yeast protein 26 proteinserve, 500g pouch malnad arabica coffee plant protein as smooth as whey pdcaas of 1 999 1,602 38 off mrp 30-day low 23 this week","plant protein 1 cosmix no-nonsense fermented yeast protein 26 proteinserve, 500g pouch malnad arabica coffee plant protein smooth whey pdcaas 1 999 1,602 38 off mrp 30-day low 23 week",34
2052162701397307716,"My shaker's main squeeze: JNX SPORTS The Curse — Ultra Premium Whey Protein Vanilla Bean, 2lb, 25g protein per serve, whey isolate. Smooth brain fuel. $79.99 🥄✨ https://t.co/xcafXIbwOl https://t.co/8KWTclw7yr",Wed May 06 23:04:50 +0000 2026,,,619,0,0,0,en,whey protein smooth,2026-05-13T14:42:37.295264,twitter,"my shaker's main squeeze jnx sports the curse ultra premium whey protein vanilla bean, 2lb, 25g protein per serve, whey isolate. smooth brain fuel. 79.99","shaker's main squeeze jnx sports curse ultra premium whey protein vanilla bean, 2lb, 25g protein per serve, whey isolate. smooth brain fuel. 79.99",25
2051711823528050764,"A simple, tasty, and convenient meal plan example to lose fat without hating your life 😋

🫐 PB &amp; Berry Smoothie
. 150g Frozen mixed berries
. 30g Whey protein
. 250ml Devondale extra light skim milk
. 15g Smooth peanut butter
. Handful of ice
📊 38g P... https://t.co/XVTuxmUXUz",Tue May 05 17:13:12 +0000 2026,,,4,0,0,0,en,whey protein smooth,2026-05-13T14:42:37.295266,twitter,"a simple, tasty, and convenient meal plan example to lose fat without hating your life pb amp berry smoothie . 150g frozen mixed berries . 30g whey protein . 250ml devondale extra light skim milk . 15g smooth peanut butter . handful of ice 38g p...","simple, tasty, and convenient meal plan example lose fat without hating life pb amp berry smoothie . 150g frozen mixed berries . 30g whey protein . 250ml devondale extra light skim milk . 15g smooth peanut butter . handful ice 38g p...",46
2051698773299012043,"Clean, great-tasting protein made to support your goals without the extra junk. It mixes smooth, fuels recovery, and gives your body what it needs to perform and build lean muscle. Try A Better Whey for the best fuel. Shop it at https://t.co/VEl4swVvAE.

#proteinpowder https://t.co/ula376ILxe",Tue May 05 16:21:20 +0000 2026,,,78,0,0,0,en,whey protein smooth,2026-05-13T14:42:37.295268,twitter,"clean, great-tasting protein made to support your goals without the extra junk. it mixes smooth, fuels recovery, and gives your body what it needs to perform and build lean muscle. try a better whey for the best fuel. shop it at proteinpowder","clean, great-tasting protein made support goals without extra junk. mixes smooth, fuels recovery, and gives body what needs perform and build lean muscle. try better whey best fuel. shop proteinpowder",42
2051690904943997204,"🏆 GOLD STANDARD WHEY 🏆
Optimum Nutrition 100% Whey Protein

Your daily foundation for muscle support:
🥤 24g high-quality protein per scoop
⚡ Fast-absorbing for recovery &amp; growth
🍫 Smooth, easy-mixing formula
🎯 Perfect for post-workout or anytime use

📦 1.5 LB | 22 SERVINGS https://t.co/SKOXvpIifv",Tue May 05 15:50:04 +0000 2026,,,1816,0,0,0,en,whey protein smooth,2026-05-13T14:42:37.295270,twitter,"gold standard whey optimum nutrition 100 whey protein your daily foundation for muscle support 24g high-quality protein per scoop fast-absorbing for recovery amp growth smooth, easy-mixing formula perfect for post-workout or anytime use 1.5 lb 22 servings","gold standard whey optimum nutrition 100 whey protein daily foundation muscle support 24g high-quality protein per scoop fast-absorbing recovery amp growth smooth, easy-mixing formula perfect post-workout anytime use 1.5 lb 22 servings",37
2050290018854256804,"Electric Portable Whey Protein Shaker Bottle — $40.26. One-button blending for smooth shakes, compact spill-resistant design fits gym bags/briefcases, easy-detach parts for thorough cleaning. Practical, reliable, perfect for daily nutrition. https://t.co/2fv2FcuhzM https://t.co/2y57cZ6ugr",Fri May 01 19:03:27 +0000 2026,,,12,0,0,0,en,whey protein smooth,2026-05-13T14:42:37.295271,twitter,"electric portable whey protein shaker bottle 40.26. one-button blending for smooth shakes, compact spill-resistant design fits gym bagsbriefcases, easy-detach parts for thorough cleaning. practical, reliable, perfect for daily nutrition.","electric portable whey protein shaker bottle 40.26. one-button blending smooth shakes, compact spill-resistant design fits gym bagsbriefcases, easy-detach parts thorough cleaning. practical, reliable, perfect daily nutrition.",29
2050258070148894768,"What Daniel's been eating to drop 15kg over the past 12 weeks!

🫐 Overnight PB &amp; Blueberry Protein Oats
. 60g quick oats
. 120g unsweetened almond milk (Almond Breeze)
. 30g whey protein
. 10g smooth peanut butter
. 60g blueberries
📊  451 Cals - 37g ... https://t.co/Xw4LgBByJv",Fri May 01 16:56:30 +0000 2026,,,4,0,0,0,en,whey protein smooth,2026-05-13T14:42:37.295273,twitter,what daniel's been eating to drop 15kg over the past 12 weeks! overnight pb amp blueberry protein oats . 60g quick oats . 120g unsweetened almond milk almond breeze . 30g whey protein . 10g smooth peanut butter . 60g blueberries 451 cals - 37g ...,what daniel's eating drop 15kg over past 12 weeks! overnight pb amp blueberry protein oats . 60g quick oats . 120g unsweetened almond milk almond breeze . 30g whey protein . 10g smooth peanut butter . 60g blueberries 451 cals - 37g ...,46
2049868376357396670,"Retain those gains with 24g of protein in our NEW 💚 Green Gains Booster Mix'r. 💚 Blended with oat beverage, ginger, mangos, spinach, and vanilla whey protein for a smooth, refreshing boost that actually tastes as good as it works. 🥭🫚🍃💪🏻

#Boosterjuice #new #protein https://t.co/ZOKZSFPwEW",Thu Apr 30 15:08:00 +0000 2026,,,46469,2,1,0,en,whey protein smooth,2026-05-13T14:42:37.295275,twitter,"retain those gains with 24g of protein in our new green gains booster mix'r. blended with oat beverage, ginger, mangos, spinach, and vanilla whey protein for a smooth, refreshing boost that actually tastes as good as it works. boosterjuice new protein","retain gains 24g protein our new green gains booster mix'r. blended oat beverage, ginger, mangos, spinach, and vanilla whey protein smooth, refreshing boost actually tastes good works. boosterjuice new protein",41
2048990630949302586,"Serious training deserves serious fuel. 💪
At Peak Body, our whey protein range is crafted to lab-grade standards and put through real-world athlete testing. High-quality protein. Smooth mixability. Shop Now &gt;&gt; https://t.co/VFZTEHKjGI https://t.co/AZjQZB1uyM",Tue Apr 28 05:00:09 +0000 2026,,,514,1,0,0,en,whey protein smooth,2026-05-13T14:42:37.295277,twitter,"serious training deserves serious fuel. at peak body, our whey protein range is crafted to lab-grade standards and put through real-world athlete testing. high-quality protein. smooth mixability. shop now gtgt","serious training deserves serious fuel. peak body, our whey protein range crafted lab-grade standards and put through real-world athlete testing. high-quality protein. smooth mixability. shop now gtgt",30
2047963437372993626,"@FarziCricketer 1) Allmax nutrition iso whey 
2) OMG labs alpha

Allmax was my first ever whey protein supplement that I tried. Great taste, had small choco chips. That was years ago...don't know how it tastes now.

OMG labs - I've had the unflavoured one. Very smooth,super light &amp; had that

+",Sat Apr 25 08:58:27 +0000 2026,,,58,0,0,1,en,whey protein smooth,2026-05-13T14:42:37.295280,twitter,"1 allmax nutrition iso whey 2 omg labs alpha allmax was my first ever whey protein supplement that i tried. great taste, had small choco chips. that was years ago...don't know how it tastes now. omg labs - i've had the unflavoured one. very smooth,super light amp had that","1 allmax nutrition iso whey 2 omg labs alpha allmax first ever whey protein supplement tried. great taste, small choco chips. years ago...don't know how tastes now. omg labs - i've unflavoured one. smooth,super light amp",49
2047362596752212242,"NutriSport Whey Protein (Vanilla) £16.60 — Clean, fast-absorbing whey for recovery &amp; daily protein. Mix with water or milk for a smooth vanilla shake to help maintain lean muscle after training. Simple ingredients, reliable results. https://t.co/7Sqlz1mJE9 https://t.co/RKBRX8vJNp",Thu Apr 23 17:10:55 +0000 2026,,,7,0,0,0,en,whey protein smooth,2026-05-13T14:42:37.295282,twitter,"nutrisport whey protein vanilla 16.60 clean, fast-absorbing whey for recovery amp daily protein. mix with water or milk for a smooth vanilla shake to help maintain lean muscle after training. simple ingredients, reliable results.","nutrisport whey protein vanilla 16.60 clean, fast-absorbing whey recovery amp daily protein. mix water milk smooth vanilla shake help maintain lean muscle after training. simple ingredients, reliable results.",34
2046998899110371772,"NutriSport Whey Protein (Chocolate) £16.60 — reliable post-workout recovery and muscle maintenance. Smooth, fast-dissolving chocolate flavour for shakes or smoothies. Ideal after training or between meals to boost daily protein intake. https://t.co/LlPiLtO0Cg https://t.co/ZuDzdcr15l",Wed Apr 22 17:05:43 +0000 2026,,,7,0,0,0,en,whey protein smooth,2026-05-13T14:42:37.295284,twitter,"nutrisport whey protein chocolate 16.60 reliable post-workout recovery and muscle maintenance. smooth, fast-dissolving chocolate flavour for shakes or smoothies. ideal after training or between meals to boost daily protein intake.","nutrisport whey protein chocolate 16.60 reliable post-workout recovery and muscle maintenance. smooth, fast-dissolving chocolate flavour shakes smoothies. ideal after training between meals boost daily protein intake.",30
2046950446569246857,"Keep it simple, keep it consistent 

Whey Protein Vanilla gives you clean, easy protein to support muscle growth, recovery and everyday strength

Smooth taste, easy mix, no stress

Just fuel your body and let the results follow

#WheyProtein #VanillaProtein #MuscleGrowth https://t.co/cRiOTuBCuT",Wed Apr 22 13:53:11 +0000 2026,,,1864,0,0,0,en,whey protein smooth,2026-05-13T14:42:37.295286,twitter,"keep it simple, keep it consistent whey protein vanilla gives you clean, easy protein to support muscle growth, recovery and everyday strength smooth taste, easy mix, no stress just fuel your body and let the results follow wheyprotein vanillaprotein musclegrowth","keep simple, keep consistent whey protein vanilla gives clean, easy protein support muscle growth, recovery and everyday strength smooth taste, easy mix, no stress fuel body and let results follow wheyprotein vanillaprotein musclegrowth",40
2046672306601382273,"☀️🧊 Cold brew season is officially HERE… and this is how I’m getting my protein in 👇

Recipe  from @the_keto_dealer 

💁🏻‍♀️☕️ The secret to my daily 30g protein cold brew mochas?
Always using Marigold Protein Coffee 😮‍🔥

10g whey or dairy-free collagen protein per scoop
Almost https://t.co/zOXQPWQgej",Tue Apr 21 19:27:57 +0000 2026,,,7007,0,0,0,en,whey protein smooth,2026-05-13T14:42:37.295288,twitter,cold brew season is officially here and this is how im getting my protein in recipe from the secret to my daily 30g protein cold brew mochas? always using marigold protein coffee 10g whey or dairy-free collagen protein per scoop almost,cold brew season officially here and how im getting protein recipe secret daily 30g protein cold brew mochas? always using marigold protein coffee 10g whey dairy-free collagen protein per scoop almost,41
2046246473239597342,"Stop settling for chalky shakes. 🚫✋Our 2 NEW Protein Booster Mix'rs are here to support your gains and satisfy your cravings for something delicious.🏋️‍♂️🤸🏼

⚡Green Gains Booster Mix'r ( 24g Protein, 280 Cals) for the days when you want clean green sustenance - made with oat https://t.co/m5XPdgE1hq",Mon Apr 20 15:15:51 +0000 2026,,,46469,4,0,0,en,whey protein smooth,2026-05-13T14:42:40.618098,twitter,"stop settling for chalky shakes. our 2 new protein booster mix'rs are here to support your gains and satisfy your cravings for something delicious. green gains booster mix'r 24g protein, 280 cals for the days when you want clean green sustenance - made with oat","stop settling chalky shakes. our 2 new protein booster mix'rs here support gains and satisfy cravings something delicious. green gains booster mix'r 24g protein, 280 cals days when want clean green sustenance - made oat",45
2046241922856149222,"🚨 MACRO TIMING FOR FAT LOSS: WHY MORNING CARBS &amp; PROTEIN IS THE WHEY, THE TRUTH &amp; THE LIGHT💡🚨

Most people chasing weight loss make the same old mistake because they follow the poor advice that has been the status quo for decades. They slash calories, spread their macros thin",Mon Apr 20 14:57:46 +0000 2026,,,15674,132,12,17,en,whey protein smooth,2026-05-13T14:42:40.618102,twitter,"macro timing for fat loss why morning carbs amp protein is the whey, the truth amp the light most people chasing weight loss make the same old mistake because they follow the poor advice that has been the status quo for decades. they slash calories, spread their macros thin","macro timing fat loss why morning carbs amp protein whey, truth amp light most people chasing weight loss make same old mistake because follow poor advice status quo decades. slash calories, spread their macros thin",49
2046219975644381266,"High-Protein Red Velvet Cookie Dough Creami 🍦🍪

☑️ Macros (Entire Pint):
620 calories | 47g protein | 20g fat | 64g carbs

🍦 Ingredients (Base Mix):
— 2 scoops Legion Red Velvet Cake Whey+
— 7 oz unsweetened vanilla almond milk
— Small splash (~20 ml) Fairlife 2%
— 1 serving https://t.co/1VvzHlpOgh",Mon Apr 20 13:30:33 +0000 2026,,,27277,0,0,0,en,whey protein smooth,2026-05-13T14:42:40.618107,twitter,high-protein red velvet cookie dough creami macros entire pint 620 calories 47g protein 20g fat 64g carbs ingredients base mix 2 scoops legion red velvet cake whey 7 oz unsweetened vanilla almond milk small splash 20 ml fairlife 2 1 serving,high-protein red velvet cookie dough creami macros entire pint 620 calories 47g protein 20g fat 64g carbs ingredients base mix 2 scoops legion red velvet cake whey 7 oz unsweetened vanilla almond milk small splash 20 ml fairlife 2 1 serving,41
2045928851897757700,"ᝰ.ᐟ 𑁍ࠬܓ — a very smooth and easy to mix protein powder (works well for whey drip) with chocolate but a noticeable undertone of caramel

literally reminded me of Rolos ,, those chocolate pieces filled with gooey caramel but also very sickly sweet : ,3 https://t.co/OJlZSViNnz",Sun Apr 19 18:13:44 +0000 2026,,,5134,13,1,0,en,whey protein smooth,2026-05-13T14:42:40.618111,twitter,". a very smooth and easy to mix protein powder works well for whey drip with chocolate but a noticeable undertone of caramel literally reminded me of rolos ,, those chocolate pieces filled with gooey caramel but also very sickly sweet ,3",". smooth and easy mix protein powder works well whey drip chocolate noticeable undertone caramel literally reminded rolos ,, chocolate pieces filled gooey caramel sickly sweet ,3",42
2045515410166972510,"🚨 LIVE TODAY at ShopRite of Medford – Aisle 4 🚨

Come try FREE Warrior Island Protein samples 💪

🔥 NEW Plant-Based Protein
➡️ Maple Vanilla (smooth, clean, incredible taste)

🔥 Whey Protein
➡️ Chocolate Peanut Butter
➡️ Cherry Vanilla

🔥 Collagen Protein
➡️ https://t.co/US40jnkDGX",Sat Apr 18 14:50:52 +0000 2026,,,1,0,0,0,en,whey protein smooth,2026-05-13T14:42:40.618115,twitter,"live today at shoprite of medford aisle 4 come try free warrior island protein samples new plant-based protein maple vanilla smooth, clean, incredible taste whey protein chocolate peanut butter cherry vanilla collagen protein","live today shoprite medford aisle 4 come try free warrior island protein samples new plant-based protein maple vanilla smooth, clean, incredible taste whey protein chocolate peanut butter cherry vanilla collagen protein",33
2045132799611396169,"BREAKFAST WITH US 💪👇

Protein Oatmeal Bowl 🥣💪

☑️ Macros (Entire Bowl):
481 calories | 38g protein | 70g carbs | 8g fat | 16g fiber

🥣 Ingredients

Oatmeal Base
— Rolled oats
— Water or milk of choice
— 1 scoop Legion Dutch Chocolate Whey+ Protein

Toppings
— Fruit of choice https://t.co/JTrmH0s4kt",Fri Apr 17 13:30:30 +0000 2026,,,27277,0,0,0,en,whey protein smooth,2026-05-13T14:42:40.618119,twitter,breakfast with us protein oatmeal bowl macros entire bowl 481 calories 38g protein 70g carbs 8g fat 16g fiber ingredients oatmeal base rolled oats water or milk of choice 1 scoop legion dutch chocolate whey protein toppings fruit of choice,breakfast us protein oatmeal bowl macros entire bowl 481 calories 38g protein 70g carbs 8g fat 16g fiber ingredients oatmeal base rolled oats water milk choice 1 scoop legion dutch chocolate whey protein toppings fruit choice,40
2044982530408087615,"Optimum Nutrition Gold Standard 100% Whey Protein (Vanilla, 5 lb) – $68.99

Buy now 👉 https://t.co/8C5yitzlSg
 AFFILIATE LINK

💪 24g protein per scoop – supports muscle growth &amp; recovery
🧬 Whey isolate primary source – cleaner &amp; faster absorption
⚡ 5.5g BCAAs – helps reduce",Fri Apr 17 03:33:23 +0000 2026,,,431,0,0,0,en,whey protein smooth,2026-05-13T14:42:40.618123,twitter,"optimum nutrition gold standard 100 whey protein vanilla, 5 lb 68.99 buy now affiliate link 24g protein per scoop supports muscle growth amp recovery whey isolate primary source cleaner amp faster absorption 5.5g bcaas helps reduce","optimum nutrition gold standard 100 whey protein vanilla, 5 lb 68.99 buy now affiliate link 24g protein per scoop supports muscle growth amp recovery whey isolate primary source cleaner amp faster absorption 5.5g bcaas helps reduce",36
2044976643425649086,"MuscleBlaze Beginner's Whey Protein (Chocolate, 500g) – ₹939

Buy now 👉 https://t.co/h1IRjMOyM2
 AFFILIATE LINK

💪 12g protein per scoop – good for beginners starting fitness
🍫 Chocolate flavour – smooth &amp; easy to drink
⚡ Fast absorption whey – supports muscle recovery
🏋️",Fri Apr 17 03:10:00 +0000 2026,,,2779,0,0,0,en,whey protein smooth,2026-05-13T14:42:40.618127,twitter,"muscleblaze beginner's whey protein chocolate, 500g 939 buy now affiliate link 12g protein per scoop good for beginners starting fitness chocolate flavour smooth amp easy to drink fast absorption whey supports muscle recovery","muscleblaze beginner's whey protein chocolate, 500g 939 buy now affiliate link 12g protein per scoop good beginners starting fitness chocolate flavour smooth amp easy drink fast absorption whey supports muscle recovery",33
2043668072943255814,"🔥 ULTRA-CLEAN ISOLATE 🔥
💪 PRO•LINE ISO PLATINUM — ENGINEERED FOR STRENGTH

No fillers. No compromises. Just results:
🥛 Premium isolate protein for clean gains
💥 Sustained-release formula for better recovery
🔥 Smooth vanilla flavour
🇨🇦 Trusted by athletes who take it https://t.co/sZuhc51m25",Mon Apr 13 12:30:12 +0000 2026,,,1816,0,0,0,en,whey protein smooth,2026-05-13T14:42:40.618131,twitter,ultra-clean isolate proline iso platinum engineered for strength no fillers. no compromises. just results premium isolate protein for clean gains sustained-release formula for better recovery smooth vanilla flavour trusted by athletes who take it,ultra-clean isolate proline iso platinum engineered strength no fillers. no compromises. results premium isolate protein clean gains sustained-release formula better recovery smooth vanilla flavour trusted athletes who take,34
2043357687275229408,"I know several people that are on GLP1 agonists. And whilst, in the main, everyone I know using them hasn’t had side effects that weren’t tolerable, I still have concerns about the latest fad (I had friends that were injured from fen-phen last century).

Now, some of you might",Sun Apr 12 15:56:51 +0000 2026,,,2359,1,0,2,en,whey protein smooth,2026-05-13T14:42:40.618138,twitter,"i know several people that are on glp1 agonists. and whilst, in the main, everyone i know using them hasnt had side effects that werent tolerable, i still have concerns about the latest fad i had friends that were injured from fen-phen last century. now, some of you might","know several people glp1 agonists. and whilst, main, everyone know using them hasnt side effects werent tolerable, still concerns about latest fad friends injured fen-phen last century. now, some",49
2043232911844077659,"Want better results from your workouts?

Upgrade your routine with 100% Whey Protein:
✔ Supports muscle growth
✔ Helps faster recovery
✔ Smooth chocolate flavor

Train harder. Recover smarter. https://t.co/Evqc12dfAy",Sun Apr 12 07:41:02 +0000 2026,,,1,0,0,0,en,whey protein smooth,2026-05-13T14:42:40.618141,twitter,want better results from your workouts? upgrade your routine with 100 whey protein supports muscle growth helps faster recovery smooth chocolate flavor train harder. recover smarter.,want better results workouts? upgrade routine 100 whey protein supports muscle growth helps faster recovery smooth chocolate flavor train harder. recover smarter.,26
2042966882609692960,"Brain food for biceps, now cozy—smooth vanilla vibes, 25g protein per scoop. Low-key gains with JNX SPORTS The Curse! Ultra Premium Whey Vanilla Bean 2lb | Whey Isolate | $79.99 #MUSCLEXXXSTORE https://t.co/xcafXIbwOl https://t.co/wg6QfWnhJL",Sat Apr 11 14:03:55 +0000 2026,,,619,0,0,0,en,whey protein smooth,2026-05-13T14:42:40.618145,twitter,"brain food for biceps, now cozysmooth vanilla vibes, 25g protein per scoop. low-key gains with jnx sports the curse! ultra premium whey vanilla bean 2lb whey isolate 79.99 musclexxxstore","brain food biceps, now cozysmooth vanilla vibes, 25g protein per scoop. low-key gains jnx sports curse! ultra premium whey vanilla bean 2lb whey isolate 79.99 musclexxxstore",29
2042714331033317833,"MEAL PREP SNACK HACK WITH US 💪👇

Featuring Legion Fam @prepwithdrew

High-Protein Ninja Creami Meal Prep 🍦

☑️ Macros (Per Pint):
250 calories | 45g protein | 17g carbs | 1g fat

🍦 Salted Caramel
— 400g Fairlife fat-free milk
— 1 scoop @legion Salted Caramel Whey+
— 2 tsp https://t.co/zZzePA5G1H",Fri Apr 10 21:20:22 +0000 2026,,,27277,1,0,0,en,whey protein smooth,2026-05-13T14:42:40.618149,twitter,meal prep snack hack with us featuring legion fam high-protein ninja creami meal prep macros per pint 250 calories 45g protein 17g carbs 1g fat salted caramel 400g fairlife fat-free milk 1 scoop salted caramel whey 2 tsp,meal prep snack hack us featuring legion fam high-protein ninja creami meal prep macros per pint 250 calories 45g protein 17g carbs 1g fat salted caramel 400g fairlife fat-free milk 1 scoop salted caramel whey 2 tsp,38
2042022013041045561,"High-Protein Half Baked Creami 🍦🍪🍫

☑️ Macros (Entire Pint):
425 calories | 58g protein | 10g fat | 41g carbs

🍦 Ingredients:
— ~1¼ cups Fairlife fat-free milk (fill ~1 inch below MAX line)
— ½ scoop @legion Whey+ Vanilla Protein
— ½ scoop @legion Whey+ Cocoa Cereal Protein
— https://t.co/Og16M099ov",Wed Apr 08 23:29:21 +0000 2026,,,27277,0,0,0,en,whey protein smooth,2026-05-13T14:42:40.618152,twitter,high-protein half baked creami macros entire pint 425 calories 58g protein 10g fat 41g carbs ingredients 1 cups fairlife fat-free milk fill 1 inch below max line scoop whey vanilla protein scoop whey cocoa cereal protein,high-protein half baked creami macros entire pint 425 calories 58g protein 10g fat 41g carbs ingredients 1 cups fairlife fat-free milk fill 1 inch below max line scoop whey vanilla protein scoop whey cocoa cereal protein,36
2041884780103451098,"@askcoachboye Fair warning, it does take a bit of mixing to integrate the protein powder (I use grass-fed whey isolate) into the Greek yogurt but somehow, two grittier textured ingredients turn into a smooth silky texture. 

Blueberries are my favorite. Let me know when you try it!",Wed Apr 08 14:24:02 +0000 2026,,,710,1,0,1,en,whey protein smooth,2026-05-13T14:42:40.618156,twitter,"fair warning, it does take a bit of mixing to integrate the protein powder i use grass-fed whey isolate into the greek yogurt but somehow, two grittier textured ingredients turn into a smooth silky texture. blueberries are my favorite. let me know when you try it!","fair warning, take bit mixing integrate protein powder use grass-fed whey isolate into greek yogurt somehow, two grittier textured ingredients turn into smooth silky texture. blueberries favorite. let know when try it!",46
2041606378750669142,"@mojeebeth Ingredients
• 4 cups full cream powdered milk
• 4 cups hot water
• 4 cups room temperature water
• Culture (powdered or your preferred Greek yogurt). Make sure any yogurt used has live cultures listed as an ingredient
• Sieve or cheesecloth
• Sugar, honey, or date syrup",Tue Apr 07 19:57:46 +0000 2026,,,11185,2,0,2,en,whey protein smooth,2026-05-13T14:42:40.618159,twitter,"ingredients 4 cups full cream powdered milk 4 cups hot water 4 cups room temperature water culture powdered or your preferred greek yogurt. make sure any yogurt used has live cultures listed as an ingredient sieve or cheesecloth sugar, honey, or date syrup","ingredients 4 cups full cream powdered milk 4 cups hot water 4 cups room temperature water culture powdered preferred greek yogurt. make sure any yogurt used live cultures listed ingredient sieve cheesecloth sugar, honey, date syrup",43
2041061323027386758,"06/04/2026
(Creamy) yogurt is a type of dairy product characterized by its rich,smooth,and thick texture. It is often high-fat or strained to remove the whey,giving it a rich,creamy consistency. It is an excellent source of protein,calcium,and probiotics beneficial for gut health",Mon Apr 06 07:51:55 +0000 2026,,,10,0,0,0,en,whey protein smooth,2026-05-13T14:42:40.618163,twitter,"06042026 creamy yogurt is a type of dairy product characterized by its rich,smooth,and thick texture. it is often high-fat or strained to remove the whey,giving it a rich,creamy consistency. it is an excellent source of protein,calcium,and probiotics beneficial for gut health","06042026 creamy yogurt type dairy product characterized its rich,smooth,and thick texture. often high-fat strained remove whey,giving rich,creamy consistency. excellent source protein,calcium,and probiotics beneficial gut health",41
2040406531339112780,Cheer till the last ball with the smooth power of Amul Whey Protein on your side. Available on https://t.co/k5IY9t3vVu &amp; Amul Shop App. https://t.co/ij2hbeC3ix,Sat Apr 04 12:30:00 +0000 2026,,,371747,2,0,2,en,whey protein smooth,2026-05-13T14:42:43.961402,twitter,cheer till the last ball with the smooth power of amul whey protein on your side. available on amp amul shop app.,cheer till last ball smooth power amul whey protein side. available amp amul shop app.,22
2040338838816518496,"Think plant-based protein can't match whey?

Taste, texture, and results have changed. Our latest blend delivers muscle-fuelling power with smooth consistency and great flavour. Trust the science, feel the difference.

Train with purpose. https://t.co/AoU1jCtk5y https://t.co/TCxrMMcfoj",Sat Apr 04 08:01:01 +0000 2026,,,1,0,0,0,en,whey protein smooth,2026-05-13T14:42:43.961417,twitter,"think plant-based protein can't match whey? taste, texture, and results have changed. our latest blend delivers muscle-fuelling power with smooth consistency and great flavour. trust the science, feel the difference. train with purpose.","think plant-based protein can't match whey? taste, texture, and results changed. our latest blend delivers muscle-fuelling power smooth consistency and great flavour. trust science, feel difference. train purpose.",33
2040055555402719402,"🥜 NEW FLAVOUR DROP 🥜
EHP Labs OxyWhey – Peanut Butter Puffs

💪 25g lean protein per serving
🔥 Low carbs. Zero trans fat
🥄 Dessert-level taste, gym-level results

⚡ Smooth, creamy peanut butter crunch flavour
🚀 Perfect for post-workout or anytime fuel

💥 ONLY $25 – LIMITED https://t.co/thiZsEAhWC",Fri Apr 03 13:15:21 +0000 2026,,,1816,0,0,0,en,whey protein smooth,2026-05-13T14:42:43.961420,twitter,"new flavour drop ehp labs oxywhey peanut butter puffs 25g lean protein per serving low carbs. zero trans fat dessert-level taste, gym-level results smooth, creamy peanut butter crunch flavour perfect for post-workout or anytime fuel only 25 limited","new flavour drop ehp labs oxywhey peanut butter puffs 25g lean protein per serving low carbs. zero trans fat dessert-level taste, gym-level results smooth, creamy peanut butter crunch flavour perfect post-workout anytime fuel only 25 limited",38
2039968185425039865,"Want better results from your workouts?

Upgrade your routine with 100% Whey Protein:
✔ Supports muscle growth
✔ Helps faster recovery
✔ Smooth chocolate flavor

Train harder. Recover smarter. https://t.co/CrPjUT73yv",Fri Apr 03 07:28:10 +0000 2026,,,1,0,0,0,en,whey protein smooth,2026-05-13T14:42:43.961422,twitter,want better results from your workouts? upgrade your routine with 100 whey protein supports muscle growth helps faster recovery smooth chocolate flavor train harder. recover smarter.,want better results workouts? upgrade routine 100 whey protein supports muscle growth helps faster recovery smooth chocolate flavor train harder. recover smarter.,26
2039080382742552602,"High-Protein Chunky Monkey Creami 🍌🍫

☑️ Macros (Entire Pint):
250 calories | 37g protein | 6g fat | 28g carbs

🍦 Ingredients:
— 1 cup Fairlife fat-free milk (or almond milk)
— 1 scoop @legion Banana Bread Whey+ Protein
— ½ banana
— 1 tbsp peanut butter

Blend until smooth → https://t.co/9Sn4FGuo5v",Tue Mar 31 20:40:22 +0000 2026,,,27277,0,0,0,en,whey protein smooth,2026-05-13T14:42:43.961424,twitter,high-protein chunky monkey creami macros entire pint 250 calories 37g protein 6g fat 28g carbs ingredients 1 cup fairlife fat-free milk or almond milk 1 scoop banana bread whey protein banana 1 tbsp peanut butter blend until smooth,high-protein chunky monkey creami macros entire pint 250 calories 37g protein 6g fat 28g carbs ingredients 1 cup fairlife fat-free milk almond milk 1 scoop banana bread whey protein banana 1 tbsp peanut butter blend until smooth,38
2039071129143234913,"Conquistador Whey Natural Protein — Salted Caramel. 2 lbs of premium protein to support muscle recovery and daily goals. Smooth mixing, balanced flavor for shakes &amp; recipes. Grab yours now for $44.99. https://t.co/YWDhFCrjhK https://t.co/na6psqdwGh",Tue Mar 31 20:03:35 +0000 2026,,,6,0,0,0,en,whey protein smooth,2026-05-13T14:42:43.961425,twitter,"conquistador whey natural protein salted caramel. 2 lbs of premium protein to support muscle recovery and daily goals. smooth mixing, balanced flavor for shakes amp recipes. grab yours now for 44.99.","conquistador whey natural protein salted caramel. 2 lbs premium protein support muscle recovery and daily goals. smooth mixing, balanced flavor shakes amp recipes. grab yours now 44.99.",31
2039043813990355231,"I think many of you don't actually realize what 4,000 calories are...

Breakfast:
- 150g rolled oats (dry weight)
- 1 scoop whey protein
- 1 large banana
- 30g peanut butter

Stats: ~850 kcal | 45g protein | 110g carbs

Mid-morning snack:
- 3 eggs
- 2 slices whole-grain toast
- 1 https://t.co/NSi2ciBMzK",Tue Mar 31 18:15:03 +0000 2026,,,61468,39,2,9,en,whey protein smooth,2026-05-13T14:42:43.961427,twitter,"i think many of you don't actually realize what 4,000 calories are... breakfast - 150g rolled oats dry weight - 1 scoop whey protein - 1 large banana - 30g peanut butter stats 850 kcal 45g protein 110g carbs mid-morning snack - 3 eggs - 2 slices whole-grain toast - 1","think many don't actually realize what 4,000 calories are... breakfast - 150g rolled oats dry weight - 1 scoop whey protein - 1 large banana - 30g peanut butter stats 850 kcal 45g protein 110g carbs mid-morning snack - 3 eggs - 2 slices whole-grain toast - 1",51
2039005132818448460,"💪 My daily powerhouse 50g Spinach Fruit Protein Shake!

This is my go-to morning fuel that keeps me energized, supports recovery, and helps hit my protein goals without the bloat.
✅ Greek yogurt (creamy protein base)
✅ Frozen fruit (natural sweetness + antioxidants)
✅ 50g https://t.co/SOuvrKUCNu",Tue Mar 31 15:41:21 +0000 2026,,,55122,12,0,1,en,whey protein smooth,2026-05-13T14:42:43.961429,twitter,"my daily powerhouse 50g spinach fruit protein shake! this is my go-to morning fuel that keeps me energized, supports recovery, and helps hit my protein goals without the bloat. greek yogurt creamy protein base frozen fruit natural sweetness antioxidants 50g","daily powerhouse 50g spinach fruit protein shake! go-to morning fuel keeps energized, supports recovery, and helps hit protein goals without bloat. greek yogurt creamy protein base frozen fruit natural sweetness antioxidants 50g",40
2038243583480754400,"Muscle Feast Whey Concentrate keeps it simple: real protein, naturally occurring nutrients, no unnecessary extras. 🥛

Clean taste, smooth mix, and a label that reflects what’s actually inside.

No fluff. Just protein that makes sense. 💪

#Protein #WheyProtein #WheyConcentrate https://t.co/68kU6r1Rqj",Sun Mar 29 13:15:13 +0000 2026,,,643,0,0,0,en,whey protein smooth,2026-05-13T14:42:43.961431,twitter,"muscle feast whey concentrate keeps it simple real protein, naturally occurring nutrients, no unnecessary extras. clean taste, smooth mix, and a label that reflects whats actually inside. no fluff. just protein that makes sense. protein wheyprotein wheyconcentrate","muscle feast whey concentrate keeps simple real protein, naturally occurring nutrients, no unnecessary extras. clean taste, smooth mix, and label reflects whats actually inside. no fluff. protein makes sense. protein wheyprotein wheyconcentrate",37
2037286055821606977,"WEEKEND TREAT MODE: ON 🍓🍌🍫

If your weekend snacks still feel like a trade-off… we’re fixing that real quick 😏 Recipe by @debsnourishedkitchen 

These frozen yogurt cups hit that perfect balance:
👉 creamy
👉 crunchy
👉 naturally sweet
👉 actually filling

No sugar crash. No https://t.co/KscJLIknx9",Thu Mar 26 21:50:21 +0000 2026,,,7007,0,0,0,en,whey protein smooth,2026-05-13T14:42:43.961433,twitter,weekend treat mode on if your weekend snacks still feel like a trade-off were fixing that real quick recipe by these frozen yogurt cups hit that perfect balance creamy crunchy naturally sweet actually filling no sugar crash. no,weekend treat mode weekend snacks still feel like trade-off fixing real quick recipe frozen yogurt cups hit perfect balance creamy crunchy naturally sweet actually filling no sugar crash. no,38
2036550832548626922,"Promised: a cheap handheld frother beats lumps in protein shakes and even handles collagen, whey, and hot cocoa with ease. Five to ten seconds to a smooth mix, minimal cleanup. Learn how I tested it and why you should try it too https://t.co/ZDpGt8zPaf
https://t.co/ZDpGt8zPaf",Tue Mar 24 21:08:50 +0000 2026,,,776,0,0,0,en,whey protein smooth,2026-05-13T14:42:43.961435,twitter,"promised a cheap handheld frother beats lumps in protein shakes and even handles collagen, whey, and hot cocoa with ease. five to ten seconds to a smooth mix, minimal cleanup. learn how i tested it and why you should try it too","promised cheap handheld frother beats lumps protein shakes and even handles collagen, whey, and hot cocoa ease. five ten seconds smooth mix, minimal cleanup. learn how tested and why try too",42
2036415204301611010,"Nothing like some chocolaty, gooey, protein-rich brownies 

Preparation time: 35 minutes

2 ripe bananas
2 eggs
1 and half scoop Chocolate Whey
1 tb spoon oats flour 
5 gm Baking Powder
Vanilla Essence 
Dark Chocolate Chips 
Splash of milk

Mix everything until you get a smooth https://t.co/QGMAatodIQ",Tue Mar 24 12:09:54 +0000 2026,,,978,7,2,2,en,whey protein smooth,2026-05-13T14:42:43.961437,twitter,"nothing like some chocolaty, gooey, protein-rich brownies preparation time 35 minutes 2 ripe bananas 2 eggs 1 and half scoop chocolate whey 1 tb spoon oats flour 5 gm baking powder vanilla essence dark chocolate chips splash of milk mix everything until you get a smooth","nothing like some chocolaty, gooey, protein-rich brownies preparation time 35 minutes 2 ripe bananas 2 eggs 1 and half scoop chocolate whey 1 tb spoon oats flour 5 gm baking powder vanilla essence dark chocolate chips splash milk mix everything until get smooth",46
2035750157598220745,"Whey Armor Protein — Chocolate Peanut Butter, 2lb for $44.99. Premium whey that mixes smooth, supports muscle recovery with a measured protein profile. Convenient, reliable fuel for your structured nutrition plan. https://t.co/jpej6X1MXF https://t.co/4WMZPtNSc2",Sun Mar 22 16:07:14 +0000 2026,,,6,0,0,0,en,whey protein smooth,2026-05-13T14:42:43.961439,twitter,"whey armor protein chocolate peanut butter, 2lb for 44.99. premium whey that mixes smooth, supports muscle recovery with a measured protein profile. convenient, reliable fuel for your structured nutrition plan.","whey armor protein chocolate peanut butter, 2lb 44.99. premium whey mixes smooth, supports muscle recovery measured protein profile. convenient, reliable fuel structured nutrition plan.",30
2034959552702300514,"Just smooth, rich taste and fast absorption to power your gains, recovery, and endurance.
Because real results deserve real nutrition.

[divine nutrition, whey isolate, protein powder, lean muscle, gym supplements, high protein, clean nutrition, muscle recovery, fitness fuel ] https://t.co/h4uXBcTqsB",Fri Mar 20 11:45:39 +0000 2026,,,3,0,1,0,en,whey protein smooth,2026-05-13T14:42:43.961441,twitter,"just smooth, rich taste and fast absorption to power your gains, recovery, and endurance. because real results deserve real nutrition. divine nutrition, whey isolate, protein powder, lean muscle, gym supplements, high protein, clean nutrition, muscle recovery, fitness fuel","smooth, rich taste and fast absorption power gains, recovery, and endurance. because real results deserve real nutrition. divine nutrition, whey isolate, protein powder, lean muscle, gym supplements, high protein, clean nutrition, muscle recovery, fitness fuel",38
2034681956877697328,NutriSport Whey Protein (Vanilla) — £16.60. Smooth natural vanilla that mixes cleanly for a reliable post‑training or between‑meal protein boost. Supports muscle repair and daily protein targets with minimal fuss. https://t.co/7Sqlz1mJE9 https://t.co/jApLGnu4TZ,Thu Mar 19 17:22:35 +0000 2026,,,7,0,0,0,en,whey protein smooth,2026-05-13T14:42:43.961442,twitter,nutrisport whey protein vanilla 16.60. smooth natural vanilla that mixes cleanly for a reliable posttraining or betweenmeal protein boost. supports muscle repair and daily protein targets with minimal fuss.,nutrisport whey protein vanilla 16.60. smooth natural vanilla mixes cleanly reliable posttraining betweenmeal protein boost. supports muscle repair and daily protein targets minimal fuss.,29
2034646916680606043,"@bigbodybitch55 @chris515_ @jennwilliams23 That chalky texture usually comes from isolates and fillers used to hit a protein number. That's All Protein uses Grass-Fed Whey Protein + real ingredients like organic dates and nuts — no fillers holding it together, so the texture is actually smooth.",Thu Mar 19 15:03:21 +0000 2026,,,6,0,0,1,en,whey protein smooth,2026-05-13T14:42:43.961444,twitter,"that chalky texture usually comes from isolates and fillers used to hit a protein number. that's all protein uses grass-fed whey protein real ingredients like organic dates and nuts no fillers holding it together, so the texture is actually smooth.","chalky texture usually comes isolates and fillers used hit protein number. that's all protein uses grass-fed whey protein real ingredients like organic dates and nuts no fillers holding together, texture actually smooth.",40
2033955407690141959,"Prompt 1: 

Subject: A dramatic explosion of chocolate whey protein powder surrounding a premium protein supplement jar positioned in the center. The moment captures powder dispersing as if freshly scooped during a workout shake preparation.  

Composition: Extreme macro",Tue Mar 17 17:15:32 +0000 2026,,,4,0,0,1,en,whey protein smooth,2026-05-13T14:42:43.961446,twitter,prompt 1 subject a dramatic explosion of chocolate whey protein powder surrounding a premium protein supplement jar positioned in the center. the moment captures powder dispersing as if freshly scooped during a workout shake preparation. composition extreme macro,prompt 1 subject dramatic explosion chocolate whey protein powder surrounding premium protein supplement jar positioned center. moment captures powder dispersing freshly scooped during workout shake preparation. composition extreme macro,38
2032867561117720813,"Sip a soft vanilla flex—gym brain fuel for real moves ✨💪 Pure Whey Protein Powder: Vanilla, 23g protein &amp; 5g BCAAs per scoop, low sugar, supports muscle growth &amp; repair, smooth mix, vegetarian, 1kg. https://t.co/B9UPVEsKHb https://t.co/nsOXL9X7dP",Sat Mar 14 17:12:50 +0000 2026,,,0,0,0,0,en,whey protein smooth,2026-05-13T14:42:43.961448,twitter,"sip a soft vanilla flexgym brain fuel for real moves pure whey protein powder vanilla, 23g protein amp 5g bcaas per scoop, low sugar, supports muscle growth amp repair, smooth mix, vegetarian, 1kg.","sip soft vanilla flexgym brain fuel real moves pure whey protein powder vanilla, 23g protein amp 5g bcaas per scoop, low sugar, supports muscle growth amp repair, smooth mix, vegetarian, 1kg.",33
2032199281529213211,"Sweet tooth 🤝 protein goals.

These Chocolate-Dipped Protein Strawberries are the perfect little upgrade when you want something sweet… but still want to stay on track. Made with @marigoldfoodstx small-batch, grass-fed whey — no gums, no fillers, no weird junk. Just real https://t.co/d2tuL1SyfE",Thu Mar 12 20:57:19 +0000 2026,,,7007,0,0,0,en,whey protein smooth,2026-05-13T14:42:43.961450,twitter,"sweet tooth protein goals. these chocolate-dipped protein strawberries are the perfect little upgrade when you want something sweet but still want to stay on track. made with small-batch, grass-fed whey no gums, no fillers, no weird junk. just real","sweet tooth protein goals. chocolate-dipped protein strawberries perfect little upgrade when want something sweet still want stay track. made small-batch, grass-fed whey no gums, no fillers, no weird junk. real",39
2032125533983494431,"Whey Armor 100% Isolate Vanilla Milkshake 1lb — $34.99. Fast‑absorbing isolate for muscle recovery &amp; lean maintenance. Smooth, balanced vanilla (not too sweet), mixes easily in water or milk. Perfect post‑workout or daily protein. https://t.co/7xGaFvc17z https://t.co/HmppExCgTB",Thu Mar 12 16:04:17 +0000 2026,,,6,0,0,0,en,whey protein smooth,2026-05-13T14:42:43.961451,twitter,"whey armor 100 isolate vanilla milkshake 1lb 34.99. fastabsorbing isolate for muscle recovery amp lean maintenance. smooth, balanced vanilla not too sweet, mixes easily in water or milk. perfect postworkout or daily protein.","whey armor 100 isolate vanilla milkshake 1lb 34.99. fastabsorbing isolate muscle recovery amp lean maintenance. smooth, balanced vanilla too sweet, mixes easily water milk. perfect postworkout daily protein.",33
2032110270135300422,"Prediabetes-friendly protein pancakes that actually stay soft &amp; moist 💪🥞

 3/4 cup Bob's Red Mill super-fine almond flour 1 scoop protein powder (whey can dry them out — I use medium-low heat + watch edges)
 2 large eggs
 6 tbsp unsweetened almond milk 1 tsp baking powder 
1 https://t.co/gpDLFEdCHd",Thu Mar 12 15:03:37 +0000 2026,,,3292,17,1,6,en,whey protein smooth,2026-05-13T14:42:47.258224,twitter,prediabetes-friendly protein pancakes that actually stay soft amp moist 34 cup bob's red mill super-fine almond flour 1 scoop protein powder whey can dry them out i use medium-low heat watch edges 2 large eggs 6 tbsp unsweetened almond milk 1 tsp baking powder 1,prediabetes-friendly protein pancakes actually stay soft amp moist 34 cup bob's red mill super-fine almond flour 1 scoop protein powder whey dry them out use medium-low heat watch edges 2 large eggs 6 tbsp unsweetened almond milk 1 tsp baking powder 1,45
2031355156994891949,"Luker Chocolate has unveiled its Chocolate with Whey Protein. The latest creation, which delivers 5 g of protein per 30 g serving, has been developed to support protein-forward applications while maintaining a smooth sensory profile, the company says https://t.co/7mFrTmzDIG https://t.co/BNmCDgg5iV",Tue Mar 10 13:03:04 +0000 2026,,,4566,0,0,0,en,whey protein smooth,2026-05-13T14:42:47.258251,twitter,"luker chocolate has unveiled its chocolate with whey protein. the latest creation, which delivers 5 tidak of protein per 30 tidak serving, has been developed to support protein-forward applications while maintaining a smooth sensory profile, the company says","luker chocolate unveiled its chocolate whey protein. latest creation, which delivers 5 tidak protein per 30 tidak serving, developed support protein-forward applications while maintaining smooth sensory profile, company says",38
2031038761497178193,"Whey Armor 100% Isolate — Unflavored 1lb protein for clean muscle recovery and daily protein needs. No fillers, no added taste. Smooth mixes with water or smoothies. Personalize your flavor. $34.99. https://t.co/sWBkhHbsut https://t.co/KPCf5fpmsJ",Mon Mar 09 16:05:50 +0000 2026,,,6,0,0,0,en,whey protein smooth,2026-05-13T14:42:47.258254,twitter,"whey armor 100 isolate unflavored 1lb protein for clean muscle recovery and daily protein needs. no fillers, no added taste. smooth mixes with water or smoothies. personalize your flavor. 34.99.","whey armor 100 isolate unflavored 1lb protein clean muscle recovery and daily protein needs. no fillers, no added taste. smooth mixes water smoothies. personalize flavor. 34.99.",30
2029966877913440381,"Need clean, fast protein that actually helps recovery? Advanced 100% Whey Isolate (Chocolate) mixes smooth, digests fast, and fuels muscle repair after heavy sets. Mix with water or milk post-workout. Tag a training partner who needs better recovery. https://t.co/oU2IKtReDT https://t.co/frVsNhw6VR",Fri Mar 06 17:06:33 +0000 2026,,,6,0,0,0,en,whey protein smooth,2026-05-13T14:42:47.258270,twitter,"need clean, fast protein that actually helps recovery? advanced 100 whey isolate chocolate mixes smooth, digests fast, and fuels muscle repair after heavy sets. mix with water or milk post-workout. tag a training partner who needs better recovery.","need clean, fast protein actually helps recovery? advanced 100 whey isolate chocolate mixes smooth, digests fast, and fuels muscle repair after heavy sets. mix water milk post-workout. tag training partner who needs better recovery.",38
2029059895035597274,"If protein shakes bloat you or taste fake, try this. I ran a 7 day clean whey ritual: 1 scoop, smooth vanilla, 25g protein, low sugar, stevia sweetened. Post workout or anytime Go to https://t.co/8Nb6yMm3MB and search Pure3 Whey Isolate now. #protein #whey #muscle #fitness https://t.co/2wtxKriqCY",Wed Mar 04 05:02:31 +0000 2026,,,40,0,0,0,en,whey protein smooth,2026-05-13T14:42:47.258273,twitter,"if protein shakes bloat you or taste fake, try this. i ran a 7 day clean whey ritual 1 scoop, smooth vanilla, 25g protein, low sugar, stevia sweetened. post workout or anytime go to and search pure3 whey isolate now. protein whey muscle fitness","protein shakes bloat taste fake, try this. ran 7 day clean whey ritual 1 scoop, smooth vanilla, 25g protein, low sugar, stevia sweetened. post workout anytime go and search pure3 whey isolate now. protein whey muscle fitness",44
2028922485911982550,"Throw Back 1990s 💪

Back in the late 80s and early 90s, when bodybuilding was exploding, Weider dropped a product that a lot of serious lifters swore by.

It was called Dynamic Muscle Builder — one of the very first high-protein powders that regular guys could actually get their https://t.co/VwCRhGIiEM",Tue Mar 03 19:56:30 +0000 2026,,,3,1,0,0,en,whey protein smooth,2026-05-13T14:42:47.258277,twitter,"throw back 1990s back in the late 80s and early 90s, when bodybuilding was exploding, weider dropped a product that a lot of serious lifters swore by. it was called dynamic muscle builder one of the very first high-protein powders that regular guys could actually get their","throw back 1990s back late 80s and early 90s, when bodybuilding exploding, weider dropped product lot serious lifters swore by. called dynamic muscle builder one first high-protein powders regular guys actually get their",47
2028921212634599891,"🔥 Fuel your gains with WalkOn Nutrition Elevate Whey Isolate (Vanilla &amp; Chocolate)— rich, creamy flavor meets high-quality whey isolate to support muscle recovery &amp; growth. 💪

✨ 22g of pure protein per scoop
🥛 Smooth, delicious taste https://t.co/4CQJ4Oh2a1",Tue Mar 03 19:51:27 +0000 2026,,,12,1,0,0,en,whey protein smooth,2026-05-13T14:42:47.258279,twitter,"fuel your gains with walkon nutrition elevate whey isolate vanilla amp chocolate rich, creamy flavor meets high-quality whey isolate to support muscle recovery amp growth. 22g of pure protein per scoop smooth, delicious taste","fuel gains walkon nutrition elevate whey isolate vanilla amp chocolate rich, creamy flavor meets high-quality whey isolate support muscle recovery amp growth. 22g pure protein per scoop smooth, delicious taste",34
2028141857994060077,"High-Protein Sour Cream Cake

Ingredients:
•2 cups sour cream
•2 cups cottage cheese
•4–5 tablespoons whey protein powder
•4–5 eggs

Instructions:
1.Preheat oven to 385°F (196°C).
2.Blend sour cream, cottage cheese, whey protein powder, and eggs until smooth.
3.Pour the",Sun Mar 01 16:14:34 +0000 2026,,,2076,40,1,7,en,whey protein smooth,2026-05-13T14:42:47.258282,twitter,"high-protein sour cream cake ingredients 2 cups sour cream 2 cups cottage cheese 45 tablespoons whey protein powder 45 eggs instructions 1.preheat oven to 385f 196c. 2.blend sour cream, cottage cheese, whey protein powder, and eggs until smooth. 3.pour the","high-protein sour cream cake ingredients 2 cups sour cream 2 cups cottage cheese 45 tablespoons whey protein powder 45 eggs instructions 1.preheat oven 385f 196c. 2.blend sour cream, cottage cheese, whey protein powder, and eggs until smooth. 3.pour",40
2028116114622812192,"🔥 FUEL THE GRIND 🔥

BSN SYNTHA-6
Protein Matrix

💪 22g Protein Per Serving
🍫 Rich Chocolate Flavour
🔥 Smooth, Creamy, Powerful

BUY NOW
ONLY $89.99

Built for lifters.
Perfect for bulk season.
Ideal for post-workout recovery.

Serious flavour. Serious gains.
Shop now at https://t.co/fxZSV5GXbZ",Sun Mar 01 14:32:16 +0000 2026,,,1816,1,0,0,en,whey protein smooth,2026-05-13T14:42:47.258284,twitter,"fuel the grind bsn syntha-6 protein matrix 22g protein per serving rich chocolate flavour smooth, creamy, powerful buy now only 89.99 built for lifters. perfect for bulk season. ideal for post-workout recovery. serious flavour. serious gains. shop now at","fuel grind bsn syntha-6 protein matrix 22g protein per serving rich chocolate flavour smooth, creamy, powerful buy now only 89.99 built lifters. perfect bulk season. ideal post-workout recovery. serious flavour. serious gains. shop now",39
2027628593455464751,"Serious training deserves serious fuel. 💪
At Peak Body, our whey protein range is crafted to lab-grade standards and put through real-world athlete testing. High-quality protein. Smooth mixability. Shop Now &gt;&gt; https://t.co/MUydJKLa9B https://t.co/L54L4Gn5F1",Sat Feb 28 06:15:02 +0000 2026,,,514,1,0,0,en,whey protein smooth,2026-05-13T14:42:47.258287,twitter,"serious training deserves serious fuel. at peak body, our whey protein range is crafted to lab-grade standards and put through real-world athlete testing. high-quality protein. smooth mixability. shop now gtgt","serious training deserves serious fuel. peak body, our whey protein range crafted lab-grade standards and put through real-world athlete testing. high-quality protein. smooth mixability. shop now gtgt",30
2027457509070381511,"🔥 BACK IN STOCK 🔥

MUTANT WHEY
💪 High-Quality Protein
🔥 Muscle Building Support
🥤 Smooth Mixing, Big Flavour

NOW $139.99

Whether you’re bulking, rebuilding, or just refusing to skip leg day… this is the fuel.
Stock doesn’t sit long.

Grab now at https://t.co/z1wrsmM3Ia https://t.co/CxY7RbCjze",Fri Feb 27 18:55:13 +0000 2026,,,1816,0,0,0,en,whey protein smooth,2026-05-13T14:42:47.258290,twitter,"back in stock mutant whey high-quality protein muscle building support smooth mixing, big flavour now 139.99 whether youre bulking, rebuilding, or just refusing to skip leg day this is the fuel. stock doesnt sit long. grab now at","back stock mutant whey high-quality protein muscle building support smooth mixing, big flavour now 139.99 whether youre bulking, rebuilding, refusing skip leg day fuel. stock doesnt sit long. grab now",38
2027378773373649328,"@Sanatan_dive Finished this yesterday. If you can handle unflavoured whey, this is great, passes all the tests and is clean and smooth, mixes well, no bloating. 🎉
I add a satchet of Instant coffee to make it my morning cold coffee protein shake. https://t.co/FZCsfC0Etr",Fri Feb 27 13:42:21 +0000 2026,,,223,4,0,1,en,whey protein smooth,2026-05-13T14:42:47.258292,twitter,"finished this yesterday. if you can handle unflavoured whey, this is great, passes all the tests and is clean and smooth, mixes well, no bloating. i add a satchet of instant coffee to make it my morning cold coffee protein shake.","finished yesterday. handle unflavoured whey, great, passes all tests and clean and smooth, mixes well, no bloating. add satchet instant coffee make morning cold coffee protein shake.",41
2026618106513338782,"Power your day with clean, high-quality whey protein. Enjoy 25g protein per serving with a smooth, delicious taste and zero added sugar. Pick your favorite – Chocolate Mocha or Kesar Badam. Perfect for your active lifestyle.

Shop now: https://t.co/iKCWOxE2b1

#FitSupport https://t.co/ZFyO0B8202",Wed Feb 25 11:19:43 +0000 2026,,,2,0,0,0,en,whey protein smooth,2026-05-13T14:42:47.258304,twitter,"power your day with clean, high-quality whey protein. enjoy 25g protein per serving with a smooth, delicious taste and zero added sugar. pick your favorite chocolate mocha or kesar badam. perfect for your active lifestyle. shop now fitsupport","power day clean, high-quality whey protein. enjoy 25g protein per serving smooth, delicious taste and zero added sugar. pick favorite chocolate mocha kesar badam. perfect active lifestyle. shop now fitsupport",38
2026259062976118924,"BioTechUSA Iso Whey Zero is a high-quality whey protein isolate that supports lean muscle growth and recovery. It’s lactose-, gluten-, and sugar-free, offering fast absorption and a clean, smooth mix ideal for athletes and fitness enthusiasts! https://t.co/HfInyD8C4Y",Tue Feb 24 11:33:01 +0000 2026,,,3,0,0,0,en,whey protein smooth,2026-05-13T14:42:47.258308,twitter,"biotechusa iso whey zero is a high-quality whey protein isolate that supports lean muscle growth and recovery. its lactose-, gluten-, and sugar-free, offering fast absorption and a clean, smooth mix ideal for athletes and fitness enthusiasts!","biotechusa iso whey zero high-quality whey protein isolate supports lean muscle growth and recovery. its lactose-, gluten-, and sugar-free, offering fast absorption and clean, smooth mix ideal athletes and fitness enthusiasts!",36
2025953598555746808,I often leave my protein water (it’s a real product and I drink it intra-workout to get a smooth extra 20 grams in without the bloated feeling of whey) in my car without regard for the overnight temperature then I’m puzzled when it’s all frozen. https://t.co/XMSekSfnp8,Mon Feb 23 15:19:12 +0000 2026,,,2136,0,0,1,en,whey protein smooth,2026-05-13T14:42:47.258313,twitter,i often leave my protein water its a real product and i drink it intra-workout to get a smooth extra 20 grams in without the bloated feeling of whey in my car without regard for the overnight temperature then im puzzled when its all frozen.,often leave protein water its real product and drink intra-workout get smooth extra 20 grams without bloated feeling whey car without regard overnight temperature im puzzled when its all frozen.,45
2025325209096466797,"Whey protein powder is not good in coffee - its clumpy and adds a grainy texture that ruins your entire morning

Our beef protein powder blends in smooth to any warm beverage adding nourishing natural protein and glycine https://t.co/2ZJEVI0GKM",Sat Feb 21 21:42:13 +0000 2026,,,7455,10,1,2,en,whey protein smooth,2026-05-13T14:42:47.258316,twitter,whey protein powder is not good in coffee - its clumpy and adds a grainy texture that ruins your entire morning our beef protein powder blends in smooth to any warm beverage adding nourishing natural protein and glycine,whey protein powder good coffee - its clumpy and adds grainy texture ruins entire morning our beef protein powder blends smooth any warm beverage adding nourishing natural protein and glycine,38
2025209291322376626,"Comment DM and I will send you the link ☕ The best deal on my go-to protein coffee is live right now! This isn’t your average iced coffee — it’s protein-packed, smooth, and made with 100% Arabica beans + premium whey protein for that creamy café flavor with a real caffeine kick. https://t.co/NmS13tN5h7",Sat Feb 21 14:01:36 +0000 2026,,,29,0,0,0,en,whey protein smooth,2026-05-13T14:42:47.258320,twitter,"comment dm and i will send you the link the best deal on my go-to protein coffee is live right now! this isnt your average iced coffee its protein-packed, smooth, and made with 100 arabica beans premium whey protein for that creamy caf flavor with a real caffeine kick.","comment dm and send link best deal go-to protein coffee live right now! isnt average iced coffee its protein-packed, smooth, and made 100 arabica beans premium whey protein creamy caf flavor real caffeine kick.",49
2024432785931587832,"Protein Balls With Oats
Ingredients:

Rolling oats, 1 1/2 cups

Vanilla whey protein powder in a half-cup (about 2 scoops)

1/2 teaspoon cinnamon

a tbsp of chia seeds

1/8 cup natural, smooth peanut butter (or any nut butter)

THREE tbsp. raw honey

Vanilla extract, ONE teaspoon https://t.co/BYAXK0zaLs",Thu Feb 19 10:36:02 +0000 2026,,,601,1,1,0,en,whey protein smooth,2026-05-13T14:42:47.258323,twitter,"protein balls with oats ingredients rolling oats, 1 12 cups vanilla whey protein powder in a half-cup about 2 scoops 12 teaspoon cinnamon a tbsp of chia seeds 18 cup natural, smooth peanut butter or any nut butter three tbsp. raw honey vanilla extract, one teaspoon","protein balls oats ingredients rolling oats, 1 12 cups vanilla whey protein powder half-cup about 2 scoops 12 teaspoon cinnamon tbsp chia seeds 18 cup natural, smooth peanut butter any nut butter three tbsp. raw honey vanilla extract, one teaspoon",46
2024242043011396053,"@floattoolci @thebilliono3 @Theoladeledada Stupid ass! As if ancestors are the metric for human anatomical function. Even your meat/flesh-loving ancestors who have the genetic propensity for meat didn't eat chemically-saturated meat or cooked meat.

Your ancestors didn't eat all the toxic chemicals you idiots willfully",Wed Feb 18 21:58:06 +0000 2026,,,50270,0,0,1,en,whey protein smooth,2026-05-13T14:42:47.258325,twitter,stupid ass! as if ancestors are the metric for human anatomical function. even your meatflesh-loving ancestors who have the genetic propensity for meat didn't eat chemically-saturated meat or cooked meat. your ancestors didn't eat all the toxic chemicals you idiots willfully,stupid ass! ancestors metric human anatomical function. even meatflesh-loving ancestors who genetic propensity meat didn't eat chemically-saturated meat cooked meat. ancestors didn't eat all toxic chemicals idiots willfully,41
2024240979012964465,"@alexflex_80 @thebilliono3 @Theoladeledada I only became plant-based after discovering:

Meat Dangers: Pus, worms, parasites, steroids (BGH), antibiotics, sodium nitrate, sodium nitrite, HAs (heterocyclic amines), PAHs (polycyclic aromatic hydrocarbons), phosphates, sodium erythorbate, dextrose, corn syrup, liquid smoke,",Wed Feb 18 21:53:52 +0000 2026,,,50270,0,0,2,en,whey protein smooth,2026-05-13T14:42:47.258328,twitter,"i only became plant-based after discovering meat dangers pus, worms, parasites, steroids bgh, antibiotics, sodium nitrate, sodium nitrite, has heterocyclic amines, pahs polycyclic aromatic hydrocarbons, phosphates, sodium erythorbate, dextrose, corn syrup, liquid smoke,","only became plant-based after discovering meat dangers pus, worms, parasites, steroids bgh, antibiotics, sodium nitrate, sodium nitrite, heterocyclic amines, pahs polycyclic aromatic hydrocarbons, phosphates, sodium erythorbate, dextrose, corn syrup, liquid smoke,",33
2023776404823789850,"🥤💪 Smoothie to Support Male Hormones &amp; Testosterone

Built to support testosterone signaling, muscle recovery, inflammation control, and metabolic health.

Ingredients (1 serving):
• Unsweetened almond milk or whole milk – 1 cup
• Frozen blueberries or mixed berries – ½ cup",Tue Feb 17 15:07:49 +0000 2026,,,0,0,0,0,en,whey protein smooth,2026-05-13T14:42:50.431914,twitter,"smoothie to support male hormones amp testosterone built to support testosterone signaling, muscle recovery, inflammation control, and metabolic health. ingredients 1 serving unsweetened almond milk or whole milk 1 cup frozen blueberries or mixed berries cup","smoothie support male hormones amp testosterone built support testosterone signaling, muscle recovery, inflammation control, and metabolic health. ingredients 1 serving unsweetened almond milk whole milk 1 cup frozen blueberries mixed berries cup",36
2023534236058136908,"Quiet flex: French Vanilla Nutricost Organic Whey (2lb) — smooth, calming mornings. Gluten-free, Non-GMO. Protein that tastes like a peaceful start. $110 🥛✨ https://t.co/52o0x8XnHz https://t.co/SDl0nG7sEB",Mon Feb 16 23:05:31 +0000 2026,,,619,0,0,0,en,whey protein smooth,2026-05-13T14:42:50.431976,twitter,"quiet flex french vanilla nutricost organic whey 2lb smooth, calming mornings. gluten-free, non-gmo. protein that tastes like a peaceful start. 110","quiet flex french vanilla nutricost organic whey 2lb smooth, calming mornings. gluten-free, non-gmo. protein tastes like peaceful start. 110",21
2023524089852199076,"2 weeks of progress running an aggressive front loaded cut.

Cardio and steps are WAY up, calories are WAY down. Hunger is there, but manageable for now.

I’m essentially running a Lyle McDonald RFL-style approach, very low carb and very low fat, with targeted intra-workout carbs https://t.co/298lpBik72",Mon Feb 16 22:25:12 +0000 2026,,,2611,9,1,2,en,whey protein smooth,2026-05-13T14:42:50.431980,twitter,"2 weeks of progress running an aggressive front loaded cut. cardio and steps are way up, calories are way down. hunger is there, but manageable for now. im essentially running a lyle mcdonald rfl-style approach, very low carb and very low fat, with targeted intra-workout carbs","2 weeks progress running aggressive front loaded cut. cardio and steps way up, calories way down. hunger there, manageable now. im essentially running lyle mcdonald rfl-style approach, low carb and low fat, targeted intra-workout carbs",46
2023423190052344102,"💪 VELOMIX 28oz Protein Shaker Bottle (2 Pack) 
#ad #affiliate

Perfect protein shakes anytime — smooth mixing &amp; zero leaks!

✔ 28oz large capacity shaker bottles
✔ Wire whisk for smooth protein mixing
✔ Leak-proof &amp; durable design
✔ Perfect for gym, pre-workout &amp; daily use",Mon Feb 16 15:44:16 +0000 2026,,,431,0,0,0,en,whey protein smooth,2026-05-13T14:42:50.431983,twitter,"velomix 28oz protein shaker bottle 2 pack ad affiliate perfect protein shakes anytime smooth mixing amp zero leaks! 28oz large capacity shaker bottles wire whisk for smooth protein mixing leak-proof amp durable design perfect for gym, pre-workout amp daily use","velomix 28oz protein shaker bottle 2 pack ad affiliate perfect protein shakes anytime smooth mixing amp zero leaks! 28oz large capacity shaker bottles wire whisk smooth protein mixing leak-proof amp durable design perfect gym, pre-workout amp daily use",40
2023409652088680804,"🤧 IMMUNE-BOOSTING SMOOTHIE FOR URI / VIRAL SYNDROME

Congestion, sore throat, cough, fatigue? This anti-viral, anti-inflammatory smoothie is easy to digest and perfect when you don’t feel like eating.

URI IMMUNE SMOOTHIE RECIPE:

• 1 cup unsweetened almond milk or coconut",Mon Feb 16 14:50:28 +0000 2026,,,0,0,0,0,en,whey protein smooth,2026-05-13T14:42:50.431986,twitter,"immune-boosting smoothie for uri viral syndrome congestion, sore throat, cough, fatigue? this anti-viral, anti-inflammatory smoothie is easy to digest and perfect when you dont feel like eating. uri immune smoothie recipe 1 cup unsweetened almond milk or coconut","immune-boosting smoothie uri viral syndrome congestion, sore throat, cough, fatigue? anti-viral, anti-inflammatory smoothie easy digest and perfect when dont feel like eating. uri immune smoothie recipe 1 cup unsweetened almond milk coconut",38
2023252635927896176,"@Shadaya_Knight ""There's an agenda against meat being pushed."" This is true, very true. 

""Cows are contributing to global climate with their emissions""  False! This is BS!

""Pork is dirty, it contains bacteria""  True! Pork is the filthiest of meat sources, saturated with parasites and worms",Mon Feb 16 04:26:33 +0000 2026,,,50270,30,3,0,en,whey protein smooth,2026-05-13T14:42:50.431988,twitter,"there's an agenda against meat being pushed. this is true, very true. cows are contributing to global climate with their emissions false! this is bs! pork is dirty, it contains bacteria true! pork is the filthiest of meat sources, saturated with parasites and worms","there's agenda against meat being pushed. true, true. cows contributing global climate their emissions false! bs! pork dirty, contains bacteria true! pork filthiest meat sources, saturated parasites and worms",44
2022166065057607793,"Clear whey protein &gt; regular shakes? 👀

Tropical Punch flavor actually refreshing 🔥

Light. Smooth. No heavy feeling.

#Fitness #Protein #GymLife

BUY YOURS👇https://t.co/NP2cVHzN0p",Fri Feb 13 04:28:54 +0000 2026,,,28,0,0,0,en,whey protein smooth,2026-05-13T14:42:50.431991,twitter,clear whey protein gt regular shakes? tropical punch flavor actually refreshing light. smooth. no heavy feeling. fitness protein gymlife buy yours,clear whey protein gt regular shakes? tropical punch flavor actually refreshing light. smooth. no heavy feeling. fitness protein gymlife buy yours,21
2021896946617921867,"Get it: https://t.co/7YlVLV8pyn Just tried the Animal 100% Whey Cold Brew Latte flavour—tastes exactly like a Starbucks caramel latte macchiato. Gives me energy, no crash. Twenty grams protein, wakes me up, keeps me full. Comes with a shaker cup—mixes smooth. I wouldn't recommend https://t.co/w7V46VhYhw",Thu Feb 12 10:39:31 +0000 2026,,,1115,1,0,0,en,whey protein smooth,2026-05-13T14:42:50.431993,twitter,"get it just tried the animal 100 whey cold brew latte flavourtastes exactly like a starbucks caramel latte macchiato. gives me energy, no crash. twenty grams protein, wakes me up, keeps me full. comes with a shaker cupmixes smooth. i wouldn't recommend","get tried animal 100 whey cold brew latte flavourtastes exactly like starbucks caramel latte macchiato. gives energy, no crash. twenty grams protein, wakes up, keeps full. comes shaker cupmixes smooth. wouldn't recommend",42
2021894793933226252,"@coookwithchris The real underlying problem: Busy professionals want a quick, high-protein morning coffee that supports muscle maintenance/recovery without gut issues or crashes.

Misconception correction: Raw milk doesn't preserve lactase or meaningfully improve lactose digestion (Stanford RCT",Thu Feb 12 10:30:58 +0000 2026,,,377,1,0,1,en,whey protein smooth,2026-05-13T14:42:50.431996,twitter,"the real underlying problem busy professionals want a quick, high-protein morning coffee that supports muscle maintenancerecovery without gut issues or crashes. misconception correction raw milk doesn't preserve lactase or meaningfully improve lactose digestion stanford rct","real underlying problem busy professionals want quick, high-protein morning coffee supports muscle maintenancerecovery without gut issues crashes. misconception correction raw milk doesn't preserve lactase meaningfully improve lactose digestion stanford rct",35
2021752919528485009,"PHORMULA-1 CLEAR 🍇
Clear whey protein isolate that drinks like juice.
Light, smooth, and perfect after training.

#Protein #GymLife #Fitness

BUY YOURS👇https://t.co/ocNVi3XNgk",Thu Feb 12 01:07:13 +0000 2026,,,28,0,0,0,en,whey protein smooth,2026-05-13T14:42:50.432001,twitter,"phormula-1 clear clear whey protein isolate that drinks like juice. light, smooth, and perfect after training. protein gymlife fitness buy yours","phormula-1 clear clear whey protein isolate drinks like juice. light, smooth, and perfect after training. protein gymlife fitness buy yours",21
2021314812727177434,Fast-absorbing Whey Armor 100% Isolate – smooth cappuccino flavor delivers targeted amino acids for efficient muscle repair. Ideal post-workout or daily protein. 1lb for muscle recovery — $34.99. https://t.co/3LlAEALjtS https://t.co/fnfurZa199,Tue Feb 10 20:06:20 +0000 2026,,,6,0,0,0,en,whey protein smooth,2026-05-13T14:42:50.432003,twitter,fast-absorbing whey armor 100 isolate smooth cappuccino flavor delivers targeted amino acids for efficient muscle repair. ideal post-workout or daily protein. 1lb for muscle recovery 34.99.,fast-absorbing whey armor 100 isolate smooth cappuccino flavor delivers targeted amino acids efficient muscle repair. ideal post-workout daily protein. 1lb muscle recovery 34.99.,26
2020969012327481519,"What Makes Level-1 Different?

We put incredible care and effort into crafting Level-1's premium formula ... using advanced processing methods and maintaining our unwavering commitment to quality. It's a convenient, high-quality protein source that can fit perfectly into your https://t.co/kC7R5wkGAW",Mon Feb 09 21:12:14 +0000 2026,,,1053,0,0,0,en,whey protein smooth,2026-05-13T14:42:50.432005,twitter,"what makes level-1 different? we put incredible care and effort into crafting level-1's premium formula ... using advanced processing methods and maintaining our unwavering commitment to quality. it's a convenient, high-quality protein source that can fit perfectly into your","what makes level-1 different? put incredible care and effort into crafting level-1's premium formula ... using advanced processing methods and maintaining our unwavering commitment quality. it's convenient, high-quality protein source fit perfectly into",39
2020921242350506308,"Sick of chalky shakes that clump?

I tested BioSteel 100% Whey —1 scoop, stirred with a spoon.

24g protein, 110 cals, NSF Certified Sport.

Smooth vanilla, not too sweet, almost no clumps.

What should I compare it to next?

I got it here: https://t.co/94IsXM695E https://t.co/e09S7MVZTo",Mon Feb 09 18:02:25 +0000 2026,,,11,0,0,0,en,whey protein smooth,2026-05-13T14:42:50.432012,twitter,"sick of chalky shakes that clump? i tested biosteel 100 whey 1 scoop, stirred with a spoon. 24g protein, 110 cals, nsf certified sport. smooth vanilla, not too sweet, almost no clumps. what should i compare it to next? i got it here","sick chalky shakes clump? tested biosteel 100 whey 1 scoop, stirred spoon. 24g protein, 110 cals, nsf certified sport. smooth vanilla, too sweet, almost no clumps. what compare next? got here",43
2020476228931592391,"Today I’ve got an alcohol-free cocktail for a healthy lifestyle and for gym lovers 💪🥤

🧊⚡ Jungle Fuel Iced Shot

ice + shake = instant energy ritual

Hot espresso × cold ice × quick shake
= smooth texture, fast protein dissolve, zero clumps ☕️💪

INGREDIENTS:
• 1× double https://t.co/FvqjaMcwP0",Sun Feb 08 12:34:06 +0000 2026,,,4644,8,2,5,en,whey protein smooth,2026-05-13T14:42:50.432022,twitter,"today ive got an alcohol-free cocktail for a healthy lifestyle and for gym lovers jungle fuel iced shot ice shake instant energy ritual hot espresso cold ice quick shake smooth texture, fast protein dissolve, zero clumps ingredients 1 double","today ive got alcohol-free cocktail healthy lifestyle and gym lovers jungle fuel iced shot ice shake instant energy ritual hot espresso cold ice quick shake smooth texture, fast protein dissolve, zero clumps ingredients 1 double",39
2020428976091775461,"Heard real estate is slowing down. Developers are still selling “luxury”. Boring. 

They need to sell “health”. Rename the dining room to the 'keto zone', fortify the walls with whey protein isolate, make the plumbing as smooth as your gut is supposed to be, install smart locks",Sun Feb 08 09:26:20 +0000 2026,,,3499,3,0,0,en,whey protein smooth,2026-05-13T14:42:50.432027,twitter,"heard real estate is slowing down. developers are still selling luxury. boring. they need to sell health. rename the dining room to the 'keto zone', fortify the walls with whey protein isolate, make the plumbing as smooth as your gut is supposed to be, install smart locks","heard real estate slowing down. developers still selling luxury. boring. need sell health. rename dining room 'keto zone', fortify walls whey protein isolate, make plumbing smooth gut supposed be, install smart locks",47
2020101323539063232,"Fuel your gains with Optimum Nutrition Gold Standard 100% Whey – Banana Cream 🍌💪

✔️ 24g protein
✔️ 5g BCAAs
✔️ Gluten Free
✔️ Smooth mix, great taste
Perfect pre/post workout.
Shop here 👇
 https://t.co/kw1N4hdRvG #ad #affiliate 

#wheyprotein #gym #health #protein #GymLife",Sat Feb 07 11:44:21 +0000 2026,,,431,0,0,0,en,whey protein smooth,2026-05-13T14:42:50.432032,twitter,"fuel your gains with optimum nutrition gold standard 100 whey banana cream 24g protein 5g bcaas gluten free smooth mix, great taste perfect prepost workout. shop here ad affiliate wheyprotein gym health protein gymlife","fuel gains optimum nutrition gold standard 100 whey banana cream 24g protein 5g bcaas gluten free smooth mix, great taste perfect prepost workout. shop here ad affiliate wheyprotein gym health protein gymlife",34
2019723854025797895,"Strong doesn’t have to be complicated. 🍫💪

Warrior Whey Double Chocolate — clean protein, smooth taste, and an easy win after training. Mix, drink, recover, repeat. ⚡️

#warriorsupps #thetimeisnow #creatine https://t.co/VclTAERdDm",Fri Feb 06 10:44:26 +0000 2026,,,3882,0,0,0,en,whey protein smooth,2026-05-13T14:42:50.432036,twitter,"strong doesnt have to be complicated. warrior whey double chocolate clean protein, smooth taste, and an easy win after training. mix, drink, recover, repeat. warriorsupps thetimeisnow creatine","strong doesnt complicated. warrior whey double chocolate clean protein, smooth taste, and easy win after training. mix, drink, recover, repeat. warriorsupps thetimeisnow creatine",27
2018876428746637724,"We put XS Mixed Whey Protein Isolate to the ultimate test: a blind taste test-and the reactions say it all:

🧠 Smooth. No chalky aftertaste. Surprisingly clean.
💪 But the real kicker?
✅ 25g protein per serving https://t.co/guPYLJI8L1",Wed Feb 04 02:37:04 +0000 2026,,,3,1,0,0,en,whey protein smooth,2026-05-13T14:42:50.432038,twitter,we put xs mixed whey protein isolate to the ultimate test a blind taste test-and the reactions say it all smooth. no chalky aftertaste. surprisingly clean. but the real kicker? 25g protein per serving,put xs mixed whey protein isolate ultimate test blind taste test-and reactions say all smooth. no chalky aftertaste. surprisingly clean. real kicker? 25g protein per serving,34
2018810997226758223,"Hydrate, repair, and glow in one scoop. 💧✨

20g of clear whey isolate + 10g grass‑fed collagen + 5 key electrolytes = refreshing, high‑protein hydration without the heavy shake vibes. 

Probiotics, prebiotics, and enzymes are built in to help keep bloat down and digestion",Tue Feb 03 22:17:04 +0000 2026,,,24,0,0,0,en,whey protein smooth,2026-05-13T14:42:50.432041,twitter,"hydrate, repair, and glow in one scoop. 20g of clear whey isolate 10g grassfed collagen 5 key electrolytes refreshing, highprotein hydration without the heavy shake vibes. probiotics, prebiotics, and enzymes are built in to help keep bloat down and digestion","hydrate, repair, and glow one scoop. 20g clear whey isolate 10g grassfed collagen 5 key electrolytes refreshing, highprotein hydration without heavy shake vibes. probiotics, prebiotics, and enzymes built help keep bloat down and digestion",40
2018777973353046478,"Conquistador Chocolate Whey Protein — Delicious Milkshake flavor, 2lb for $44.99. Smooth, reliable protein to support recovery and daily goals. Easy-mixing, great in shakes or recipes. https://t.co/QeERK3Sl1g https://t.co/Nwvzpf75ZJ",Tue Feb 03 20:05:50 +0000 2026,,,6,0,0,0,en,whey protein smooth,2026-05-13T14:42:50.432044,twitter,"conquistador chocolate whey protein delicious milkshake flavor, 2lb for 44.99. smooth, reliable protein to support recovery and daily goals. easy-mixing, great in shakes or recipes.","conquistador chocolate whey protein delicious milkshake flavor, 2lb 44.99. smooth, reliable protein support recovery and daily goals. easy-mixing, great shakes recipes.",25
2054274965613023361,"When making a protein shake, it is important that you do not add both coffee AND bananas.

You will create a fast acting laxative. Not recommended.",Tue May 12 18:58:13 +0000 2026,,,9901,14,0,3,en,protein shake recommended,2026-05-13T14:43:03.220505,twitter,"when making a protein shake, it is important that you do not add both coffee and bananas. you will create a fast acting laxative. not recommended.","when making protein shake, important add both coffee and bananas. create fast acting laxative. recommended.",26
2051093197275672882,"Protein shake for breakfast
Extra mixing, playlist recommended
Boobie traps, shrapnels and treasure chests I tape the deck with
Ablation method, ate my way into the black bourgeois
Counting on nobody, just counting",Mon May 04 00:15:00 +0000 2026,,,434,10,0,0,en,protein shake recommended,2026-05-13T14:43:03.220545,twitter,"protein shake for breakfast extra mixing, playlist recommended boobie traps, shrapnels and treasure chests i tape the deck with ablation method, ate my way into the black bourgeois counting on nobody, just counting","protein shake breakfast extra mixing, playlist recommended boobie traps, shrapnels and treasure chests tape deck ablation method, ate way into black bourgeois counting nobody, counting",33
2046778324924428397,The protein shake fighting with the electrolyte packet in my stomach right now isn't recommended.,Wed Apr 22 02:29:14 +0000 2026,,,7250,3,0,1,en,protein shake recommended,2026-05-13T14:43:03.220551,twitter,the protein shake fighting with the electrolyte packet in my stomach right now isn't recommended.,protein shake fighting electrolyte packet stomach right now isn't recommended.,15
2045993114092056998,"@MrsMassacre @crismiller12 Ever tried DSMO ?

Heard some good stories for some people 

Has some mild side effects 

Never needed it or tried

If my 77 year old ass's arthritis gets too much more painful, I ""might"" try it

I would avoid NSAID 100%

Has some history of screwing up your kidneys

My wife's",Sun Apr 19 22:29:05 +0000 2026,,,157,0,0,0,en,protein shake recommended,2026-05-13T14:43:03.220559,twitter,"ever tried dsmo ? heard some good stories for some people has some mild side effects never needed it or tried if my 77 year old ass's arthritis gets too much more painful, i might try it i would avoid nsaid 100 has some history of screwing up your kidneys my wife's","ever tried dsmo ? heard some good stories some people some mild side effects never needed tried 77 year old ass's arthritis gets too much more painful, try avoid nsaid 100 some history screwing up kidneys wife's",52
2045145736329802017,"Chloe has been feeling tired.

Not terribly tired. Just a background tiredness that has been there for about eight months and which she has attributed to capitalism.

Her nutritionist suggested she might need more protein. Chloe agreed. The nutritionist recommended a plant-based https://t.co/ECfYsY5OJv",Fri Apr 17 14:21:55 +0000 2026,,,147376,704,80,23,en,protein shake recommended,2026-05-13T14:43:03.220561,twitter,chloe has been feeling tired. not terribly tired. just a background tiredness that has been there for about eight months and which she has attributed to capitalism. her nutritionist suggested she might need more protein. chloe agreed. the nutritionist recommended a plant-based,chloe feeling tired. terribly tired. background tiredness there about eight months and which attributed capitalism. her nutritionist suggested need more protein. chloe agreed. nutritionist recommended plant-based,42
2044418429826822332,"Lucille closed a multimillion-dollar funding round led by IRIS Ventures. New Fare Partners and Able Partners also participated in the round.

Founded in 2025 by HBS and KKR alum Jess Haghani, Lucille aims to disrupt senior nutrition with its high-protein, high-fiber shake range. https://t.co/06qV71o1pd",Wed Apr 15 14:11:51 +0000 2026,,,12623,19,0,2,en,protein shake recommended,2026-05-13T14:43:03.220563,twitter,"lucille closed a multimillion-dollar funding round led by iris ventures. new fare partners and able partners also participated in the round. founded in 2025 by hbs and kkr alum jess haghani, lucille aims to disrupt senior nutrition with its high-protein, high-fiber shake range.","lucille closed multimillion-dollar funding round led iris ventures. new fare partners and able partners participated round. founded 2025 hbs and kkr alum jess haghani, lucille aims disrupt senior nutrition its high-protein, high-fiber shake range.",43
2043198745932652914,"Today's sports nutrition (40 grams of protein in a shake, 1/6 of the daily recommended intake) https://t.co/Mgu48W7m6M",Sun Apr 12 05:25:16 +0000 2026,,,2079,29,0,6,en,protein shake recommended,2026-05-13T14:43:03.220565,twitter,"today's sports nutrition 40 grams of protein in a shake, 16 of the daily recommended intake","today's sports nutrition 40 grams protein shake, 16 daily recommended intake",16
2043014656457850998,"@GregoryMaysMD @masa250tr1 Also trying to keep my carbs under 40g but a Glucerna protein shake (recommended by PCP) has 16g all by itself. Half an English muffin has 15, and a single serving of Almonds has 5.",Sat Apr 11 17:13:46 +0000 2026,,,193,1,0,1,en,protein shake recommended,2026-05-13T14:43:03.220568,twitter,"also trying to keep my carbs under 40g but a glucerna protein shake recommended by pcp has 16g all by itself. half an english muffin has 15, and a single serving of almonds has 5.","trying keep carbs under 40g glucerna protein shake recommended pcp 16g all itself. half english muffin 15, and single serving almonds 5.",35
2042729971454742678,"@Kathy20221 @Nutmegbunny9 I've been trying to get more protein for my upcoming surgery (spine fusion), recommended by the hospital nutritionist. I've been drinking a whey protein shake from powder. That's another idea to utilize the whey. Good luck. As a Midwestern girl, I cannot get enough 🧀 either. 😂",Fri Apr 10 22:22:31 +0000 2026,,,1251,1,0,1,en,protein shake recommended,2026-05-13T14:43:03.220571,twitter,"i've been trying to get more protein for my upcoming surgery spine fusion, recommended by the hospital nutritionist. i've been drinking a whey protein shake from powder. that's another idea to utilize the whey. good luck. as a midwestern girl, i cannot get enough either.","i've trying get more protein upcoming surgery spine fusion, recommended hospital nutritionist. i've drinking whey protein shake powder. that's another idea utilize whey. good luck. midwestern girl, cannot get enough either.",45
2038942067015999711,"Raw eggs and milk in the evening is a cheatcode for deep, regenerative sleep. 
 
Raw eggs provide tryptophan, the direct precursor to serotonin and then melatonin, the hormone your pineal gland produces at night to initiate and sustain deep sleep. 

Raw milk directly helps https://t.co/Su32vWLaY6",Tue Mar 31 11:30:45 +0000 2026,,,696,3,0,0,en,protein shake recommended,2026-05-13T14:43:03.220574,twitter,"raw eggs and milk in the evening is a cheatcode for deep, regenerative sleep. raw eggs provide tryptophan, the direct precursor to serotonin and then melatonin, the hormone your pineal gland produces at night to initiate and sustain deep sleep. raw milk directly helps","raw eggs and milk evening cheatcode deep, regenerative sleep. raw eggs provide tryptophan, direct precursor serotonin and melatonin, hormone pineal gland produces night initiate and sustain deep sleep. raw milk directly helps",44
2037966574095860031,"@alyce_ge @CoachDanGo Same here, I can’t do that yogurt dish he recommended. 

I add to my protein shake. It does fill you up for longer &amp; morning washroom trips have definitely improved! 😂",Sat Mar 28 18:54:29 +0000 2026,,,80,0,0,1,en,protein shake recommended,2026-05-13T14:43:03.220576,twitter,"same here, i cant do that yogurt dish he recommended. i add to my protein shake. it does fill you up for longer amp morning washroom trips have definitely improved!","same here, cant yogurt dish recommended. add protein shake. fill up longer amp morning washroom trips definitely improved!",30
2036316854445056440,"Protein! One has to eat more protein if active doing something like weight training. One has to eat more protein when getting older too. Recommended levels are 1.2 to 1.6 grams per kilo of body weight. Well, doing six hours of weights in the gym each week and with a pension https://t.co/tOTtAPLcQu",Tue Mar 24 05:39:05 +0000 2026,,,14181,28,0,2,en,protein shake recommended,2026-05-13T14:43:03.220583,twitter,"protein! one has to eat more protein if active doing something like weight training. one has to eat more protein when getting older too. recommended levels are 1.2 to 1.6 grams per kilo of body weight. well, doing six hours of weights in the gym each week and with a pension","protein! one eat more protein active doing something like weight training. one eat more protein when getting older too. recommended levels 1.2 1.6 grams per kilo body weight. well, doing six hours weights gym each week and pension",51
2035172282499572012,"@MJDailyAI If interested: Cardiologist Jack Wolfson explicitly states he does not follow mainstream guidelines (which typically recommend high-dose statins, PCSK9 inhibitors, or other meds for FH) and advises consulting your MD before changing approaches.This contrasts sharply with standard",Sat Mar 21 01:50:58 +0000 2026,,,699,4,0,0,en,protein shake recommended,2026-05-13T14:43:03.220585,twitter,"if interested cardiologist jack wolfson explicitly states he does not follow mainstream guidelines which typically recommend high-dose statins, pcsk9 inhibitors, or other meds for fh and advises consulting your md before changing approaches.this contrasts sharply with standard","interested cardiologist jack wolfson explicitly states follow mainstream guidelines which typically recommend high-dose statins, pcsk9 inhibitors, other meds fh and advises consulting md before changing approaches.this contrasts sharply standard",37
2033711151234838558,"#SF9 #Dawon Instagram live summary, 260316. Watch here: https://t.co/ewf5nOAcHQ

He started by saying hello and answering some comments in the chat: it's cold today (he's been cold too), thanks for saying he's pretty, his make-up's pretty, etc. Someone said ""I'm a male fan of https://t.co/wOYFGlhrpC",Tue Mar 17 01:04:57 +0000 2026,,,762,38,12,1,en,protein shake recommended,2026-05-13T14:43:03.220587,twitter,"sf9 dawon instagram live summary, 260316. watch here he started by saying hello and answering some comments in the chat it's cold today he's been cold too, thanks for saying he's pretty, his make-up's pretty, etc. someone said i'm a male fan of","sf9 dawon instagram live summary, 260316. watch here started saying hello and answering some comments chat it's cold today he's cold too, thanks saying he's pretty, his make-up's pretty, etc. someone said i'm male fan",43
2032477874612306167,"What’s the best peptide I can take to lose fat and gain muscle?

The answer is, it’s not a peptide. It’s called executing the BASICS.

1) RELENTLESS CONSISTENCY for weeks to months to years. Stack the small wins.
2) move and train like you actually want it: &gt;7k steps/d, 90+ min",Fri Mar 13 15:24:21 +0000 2026,,,1116,23,5,0,en,protein shake recommended,2026-05-13T14:43:03.220590,twitter,"whats the best peptide i can take to lose fat and gain muscle? the answer is, its not a peptide. its called executing the basics. 1 relentless consistency for weeks to months to years. stack the small wins. 2 move and train like you actually want it gt7k stepsd, 90 min","whats best peptide take lose fat and gain muscle? answer is, its peptide. its called executing basics. 1 relentless consistency weeks months years. stack small wins. 2 move and train like actually want gt7k stepsd, 90 min",51
2032398123033915615,"@shreyas_khare94 The individual in the picture isn't insulin-resistant nor has PCOS. YCyst may be recommended in those scenarios, but the primary line of action must be lifestyle intervention unless it's severe diabetes with co-morbidities, which could potentially be life-threatening
(Irrelevant",Fri Mar 13 10:07:27 +0000 2026,,,8360,0,0,0,en,protein shake recommended,2026-05-13T14:43:03.220593,twitter,"the individual in the picture isn't insulin-resistant nor has pcos. ycyst may be recommended in those scenarios, but the primary line of action must be lifestyle intervention unless it's severe diabetes with co-morbidities, which could potentially be life-threatening irrelevant","individual picture isn't insulin-resistant nor pcos. ycyst recommended scenarios, primary line action must lifestyle intervention unless it's severe diabetes co-morbidities, which potentially life-threatening irrelevant",39
2031447412774941062,"👨‍🍳Cooking recipe:

🇪🇸 Traditional Spanish ""Tortilla de Patatas"" 🇪🇸

🗒️Ingredients

You will need:

8 eggs

1 kg of potatoes

1 medium onion (100 g) [optional but highly recommended]

2 glasses (water glass size) of olive oil (½ liter - some will be leftover)

Salt

🍳Preparation: https://t.co/Hl22mDgV0L",Tue Mar 10 19:09:40 +0000 2026,,,995,1,0,0,en,protein shake recommended,2026-05-13T14:43:03.220599,twitter,cooking recipe traditional spanish tortilla de patatas ingredients you will need 8 eggs 1 kg of potatoes 1 medium onion 100 g optional but highly recommended 2 glasses water glass size of olive oil liter - some will be leftover salt preparation,cooking recipe traditional spanish tortilla de patatas ingredients need 8 eggs 1 kg potatoes 1 medium onion 100 g optional highly recommended 2 glasses water glass size olive oil liter - some leftover salt preparation,42
2031391917489955277,Can’t beat @yfood this is my daily protein shake these are the best flavours highly recommended https://t.co/P9wippfDvk,Tue Mar 10 15:29:09 +0000 2026,,,5,0,0,1,en,protein shake recommended,2026-05-13T14:43:03.220607,twitter,cant beat this is my daily protein shake these are the best flavours highly recommended,cant beat daily protein shake best flavours highly recommended,15
1440848858632712192,diet! ada yg pernah coba puro whey protein? review dong,Thu Sep 23 01:21:52 +0000 2021,,,276770,1,0,1,en,Puro whey protein review,2026-05-13T14:54:06.600744,twitter,diet! ada yang pernah coba puro whey protein? review,diet! pernah coba puro whey protein? review,9
476419493150089216,In case you missed my latest product review: I test the diet whey ultra #protein #supplement from puro nutrition: http://t.co/FIWHA04Q3f,Tue Jun 10 17:43:53 +0000 2014,,,18396,0,0,0,en,Puro whey protein review,2026-05-13T14:54:05.453392,twitter,in case you missed my latest product review i test the diet whey ultra protein supplement from puro nutrition,case missed latest product review test diet whey ultra protein supplement puro nutrition,19
476342504821129216,My Latest Product Review: Puro-Nutritions Diet Whey Ultra #Protein #Supplement (Choc Cookie Delight Flavour) http://t.co/FIWHA04Q3f,Tue Jun 10 12:37:57 +0000 2014,,,18396,0,0,0,en,Puro whey protein review,2026-05-13T14:54:05.453407,twitter,my latest product review puro-nutritions diet whey ultra protein supplement choc cookie delight flavour,latest product review puro-nutritions diet whey ultra protein supplement choc cookie delight flavour,14
1754844762618933490,"@diethingy INI HONEST REVIEW YA.
Aku udh pernah nyobain whey merk “R” dan dia rada gajelas nutrition facts nya dan rasanya kureng. Tapi aku suka banget sama provus ini, rasa cokelatnya kayak es krim. Asli enak bgt. Cobain sendiri kl ga percaya.

https://t.co/Zolv6xygXw",Tue Feb 06 12:29:29 +0000 2024,,,6511,2,0,0,id,Provus whey review,2026-05-13T14:55:28.961864,twitter,"ini honest review ya. aku sudah pernah nyobain whey merk r dan dia rada gajelas nutrition facts nya dan rasanya kureng. tapi aku suka banget sama provus ini, rasa cokelatnya kayak es krim. asli enak bgt. cobain sendiri kl tidak percaya.","honest review ya. pernah nyobain whey merk r rada gajelas nutrition facts nya rasanya kureng. tapi suka banget sama provus ini, rasa cokelatnya kayak es krim. asli enak bgt. cobain sendiri kl tidak percaya.",41
2002311997359337616,@kudakembali ￼Optimum Nutrition rasa buah 🤸🏻,Sat Dec 20 09:35:55 +0000 2025,,,30282,1,0,1,id,Optimum Nutrition rasa,2026-05-13T14:57:04.077875,twitter,optimum nutrition rasa buah,optimum nutrition rasa buah,4
1941448345559630174,"WTS OPTIMUM NUTRITION GOLD STANDARD ISOLATED 1.64Lbs (744gr) NEW SEALED

rasa chocolate bliss
exp 20 nov 2025
💸350K ajaaa
📍dom bandung

ini stock aku pribadi beli di natural farm dijual krn BU kost naik 💸💸
yuk dibeli guys atau tawarin pacar/sodara/tetangga/hts kalian ☝🏻😼 https://t.co/AgbJxtkPbf",Sat Jul 05 10:45:30 +0000 2025,,,9,1,0,0,id,Optimum Nutrition rasa,2026-05-13T14:57:04.077901,twitter,wts optimum nutrition gold standard isolated 1.64lbs 744gr new sealed rasa chocolate bliss exp 20 nov 2025 350k ajaaa dom bandung ini stock aku pribadi beli di natural farm dijual karena bu kost naik yuk dibeli guys atau tawarin pacarsodaratetanggahts kalian,wts optimum nutrition gold standard isolated 1.64lbs 744gr new sealed rasa chocolate bliss exp 20 nov 2025 350k ajaaa dom bandung stock pribadi beli natural farm dijual karena bu kost naik yuk dibeli guys atau tawarin pacarsodaratetanggahts kalian,41
1934851833811595459,"@B0gey_Dope Brand ni ikut pada taste and price wise

Aku pernah try Optimum Nutrition chocolate 

Rasa dia ? Rumput yg diblend, add on choco powder 😂

Now aku consume brand Hydro Whey, rasa hazelnut okay, Mango pun okay",Tue Jun 17 05:53:19 +0000 2025,,,1840,0,0,1,en,Optimum Nutrition rasa,2026-05-13T14:57:04.077903,twitter,"brand ni ikut pada taste and price wise aku pernah try optimum nutrition chocolate rasa dia ? rumput yang diblend, add on choco powder now aku consume brand hydro whey, rasa hazelnut okay, mango pun okay","brand ni ikut taste and price wise pernah try optimum nutrition chocolate rasa ? rumput diblend, add choco powder now consume brand hydro whey, rasa hazelnut okay, mango pun okay",36
1923283696980787688,"Rasa penat tu normal. Biasa la mengeluh penat tapi takkan kita nak lepas tangan kan. 

TWIN BUNDLE] Optimum Nutrition Gold Standard 100% Whey Protein (2lbs) X 2 https://t.co/NcwTzCxCBp https://t.co/b8IiXDip4t https://t.co/bCkZyrNGC7",Fri May 16 07:45:40 +0000 2025,,,153236,337,38,30,id,Optimum Nutrition rasa,2026-05-13T14:57:04.077905,twitter,rasa penat tu normal. biasa la mengeluh penat tapi takkan kita nak lepas tangan kan. twin bundle optimum nutrition gold standard 100 whey protein 2lbs x 2,rasa penat tu normal. biasa la mengeluh penat tapi takkan nak lepas tangan kan. twin bundle optimum nutrition gold standard 100 whey protein 2lbs x 2,27
1917481523646976231,"So sekarang ang ada rasa tak puas hati ciked? Curious? 

[TWIN BUNDLE] Optimum Nutrition Serious Mass (12lbs) X 2 https://t.co/KVgjZLPrdA https://t.co/RPe8hVi5rV https://t.co/FaO6eaZDPA",Wed Apr 30 07:29:54 +0000 2025,,,153236,48,5,19,id,Optimum Nutrition rasa,2026-05-13T14:57:04.077907,twitter,so sekarang ang ada rasa tak puas hati ciked? curious? twin bundle optimum nutrition serious mass 12lbs x 2,sekarang ang rasa tak puas hati ciked? curious? twin bundle optimum nutrition serious mass 12lbs x 2,19
1914700090650108091,@myrarosleenn yang aku percaya whey dari optimum nutrition je walaupun rasa macam taik,Tue Apr 22 15:17:29 +0000 2025,,,190,1,0,1,id,Optimum Nutrition rasa,2026-05-13T14:57:04.077910,twitter,yang aku percaya whey dari optimum nutrition je walaupun rasa macam taik,percaya whey optimum nutrition je walaupun rasa macam taik,12
1861049805474271284,"@tirta_cipeng gue dulu minum optimum nutrition si, iseng cobain fitlife dan emang oke si dari rasa ditambah murah juga",Mon Nov 25 14:10:24 +0000 2024,,,708,0,0,0,id,Optimum Nutrition rasa,2026-05-13T14:57:04.077912,twitter,"gue dulu minum optimum nutrition si, iseng cobain fitlife dan emang oke si dari rasa ditambah murah juga","gue dulu minum optimum nutrition si, iseng cobain fitlife emang oke si rasa ditambah murah",18
1820658022462718152,"okay jugak rasa protein optimum nutrition ni, the protein after taste tu tak kuat sangat",Tue Aug 06 03:07:53 +0000 2024,,,3,0,0,0,id,Optimum Nutrition rasa,2026-05-13T14:57:04.077915,twitter,"okay jugak rasa protein optimum nutrition ni, the protein after taste tu tak kuat sangat","okay jugak rasa protein optimum nutrition ni, protein after taste tu tak kuat sangat",15
1820104794180309159,"Dari pas covid pake whey protein dari optimum nutrition, hari ini nyoba beli dari evolene rasa vanila. 

Bubuk whey nya terlalu lembut, kek bedak. Jadi gampang terbang2an kek debu, di shake muncul foam yg banyak bgt. Gak recomended, untung beli yg box isi 12 saset doang

5/10",Sun Aug 04 14:29:33 +0000 2024,,,6169,7,0,5,id,Optimum Nutrition rasa,2026-05-13T14:57:04.077917,twitter,"dari pas covid pake whey protein dari optimum nutrition, hari ini nyoba beli dari evolene rasa vanila. bubuk whey nya terlalu lembut, kek bedak. jadi gampang terbang2an kek debu, di shake muncul foam yang banyak bgt. tidak recomended, untung beli yang box isi 12 saset doang 510","pas covid pake whey protein optimum nutrition, hari nyoba beli evolene rasa vanila. bubuk whey nya terlalu lembut, kek bedak. jadi gampang terbang2an kek debu, shake muncul foam banyak bgt. tidak recomended, untung beli box isi 12 saset doang 510",47
1774032921923559712,"@rollersk8erboi Kalo lokal yang oke dan rasanya enak : Puro, R3act
Lokal yang oke tp rasa kurang : musclefirst
Luar : Optimum nutrition 

*ini based on apa yg udah pernah aku cb aja ya..",Sat Mar 30 11:16:23 +0000 2024,,,9757,1,0,1,id,Optimum Nutrition rasa,2026-05-13T14:57:04.077919,twitter,"kalo lokal yang oke dan rasanya enak puro, r3act lokal yang oke tapi rasa kurang musclefirst luar optimum nutrition ini based on apa yang sudah pernah aku cb aja ya..","kalo lokal oke rasanya enak puro, r3act lokal oke tapi rasa kurang musclefirst luar optimum nutrition based apa pernah cb aja ya..",30
1763390574173032614,optimum nutrition punya vegan protein sangat sedap. rasa macam choc milkshake,Fri Mar 01 02:27:29 +0000 2024,,,58,0,0,0,id,Optimum Nutrition rasa,2026-05-13T14:57:04.077921,twitter,optimum nutrition punya vegan protein sangat sedap. rasa macam choc milkshake,optimum nutrition punya vegan protein sangat sedap. rasa macam choc milkshake,11
1759103172642271361,"@fazroulrahman Ok, maybe boleh try. Harap x rasa macam optimum nutrition.",Sun Feb 18 06:30:53 +0000 2024,,,11709,0,0,1,id,Optimum Nutrition rasa,2026-05-13T14:57:04.077923,twitter,"ok, maybe boleh try. harap x rasa macam optimum nutrition.","ok, maybe boleh try. harap x rasa macam optimum nutrition.",10
1750914922958204964,"@psycheax Enakan yang optimum nutrition kayanya

Tapi ini lg nyoba yang rasa mocha

Unggulnya merk ini kan karena dia sasetan, mudah di bawa kemana2",Fri Jan 26 16:13:42 +0000 2024,,,1706,0,0,0,id,Optimum Nutrition rasa,2026-05-13T14:57:04.077924,twitter,"enakan yang optimum nutrition kayanya tapi ini lagi nyoba yang rasa mocha unggulnya merk ini kan karena dia sasetan, mudah di bawa kemana2","enakan optimum nutrition kayanya tapi lagi nyoba rasa mocha unggulnya merk kan karena sasetan, mudah bawa kemana2",23
1739468365557796998,"Ternyata bener ya Optimum Nutrition Gold Standard, selain yang rasa cokelat cuman dapet 68 servings. Yang cokelat kan dpt 74 servings, tuh.",Tue Dec 26 02:09:10 +0000 2023,,,14397,0,0,0,id,Optimum Nutrition rasa,2026-05-13T14:57:04.077926,twitter,"ternyata bener ya optimum nutrition gold standard, selain yang rasa cokelat cuman dapet 68 servings. yang cokelat kan dpt 74 servings, tuh.","ternyata bener ya optimum nutrition gold standard, selain rasa cokelat cuman dapet 68 servings. cokelat kan dpt 74 servings, tuh.",22
1734029397022363968,"Optimum Nutrition BCAA Boost (390g/30's) at 20% off!

pagi ini berasa letih sebelum saya meminum nutrisi ni
saya segera merasakan lebih banyak tenaga dan otot pun rasa kurang sakit 👇

https://t.co/tT7la9U43Q https://t.co/KMrUjAgzQA",Mon Dec 11 01:56:39 +0000 2023,,,0,0,0,0,id,Optimum Nutrition rasa,2026-05-13T14:57:04.077928,twitter,optimum nutrition bcaa boost 390g30's at 20 off! pagi ini berasa letih sebelum saya meminum nutrisi ni saya segera merasakan lebih banyak tenaga dan otot pun rasa kurang sakit,optimum nutrition bcaa boost 390g30's 20 off! pagi berasa letih sebelum meminum nutrisi ni segera merasakan lebih banyak tenaga otot pun rasa kurang sakit,29
1697973908262343125,"@khaibahar94_ Protien jenis ni mmg rasa pelik. Beli optimum nutrition. Bapak sedap. Xyah blend, flavour strawberry tambah susu and yogurt, auto milkshake.",Sat Sep 02 14:05:01 +0000 2023,,,261,0,0,0,id,Optimum Nutrition rasa,2026-05-13T14:57:04.077930,twitter,"protien jenis ni mmg rasa pelik. beli optimum nutrition. bapak sedap. xyah blend, flavour strawberry tambah susu and yogurt, auto milkshake.","protien jenis ni mmg rasa pelik. beli optimum nutrition. bapak sedap. xyah blend, flavour strawberry tambah susu and yogurt, auto milkshake.",21
1644760870298238976,"Optimum Nutrition GS Plant Protein Rasa Chocolate Suplemen Protein &amp; Nutrisi STIKVYB

https://t.co/Gvo99uANQQ https://t.co/jSytn6y2CN",Sat Apr 08 17:55:24 +0000 2023,,,88,0,0,0,other,Optimum Nutrition rasa,2026-05-13T14:56:51.307635,twitter,optimum nutrition gs plant protein rasa chocolate suplemen protein amp nutrisi stikvyb,optimum nutrition gs plant protein rasa chocolate suplemen protein amp nutrisi stikvyb,12
1642778144326430721,"optimum nutrition ni punya vanilla memang padu dari dulu syahdu, tapi aku jumpa matcha latte lah mat dekat titan. apo rasa susu protein matcha, macam sedap je 😭",Mon Apr 03 06:36:45 +0000 2023,,,203,0,0,0,id,Optimum Nutrition rasa,2026-05-13T14:56:51.307637,twitter,"optimum nutrition ni punya vanilla memang padu dari dulu syahdu, tapi aku jumpa matcha latte lah mat dekat titan. apo rasa susu protein matcha, macam sedap je","optimum nutrition ni punya vanilla memang padu dulu syahdu, tapi jumpa matcha latte lah mat dekat titan. apo rasa susu protein matcha, macam sedap je",27
1632717462687948800,"Optimum Nutrition GS Plant Protein Rasa Chocolate Suplemen Protein &amp; Nutrisi E9MFBHI

https://t.co/g8JtRAj9pl https://t.co/TLXDZuKV27",Mon Mar 06 12:19:12 +0000 2023,,,32,0,0,0,en,Optimum Nutrition rasa,2026-05-13T14:56:51.307640,twitter,optimum nutrition gs plant protein rasa chocolate suplemen protein amp nutrisi e9mfbhi,optimum nutrition gs plant protein rasa chocolate suplemen protein amp nutrisi e9mfbhi,12
1616116509612584960,@gynaecia Saya minum yg merek Optimum Nutrition yg rasa macha dok,Thu Jan 19 16:52:56 +0000 2023,,,189,1,0,1,id,Optimum Nutrition rasa,2026-05-13T14:56:51.307642,twitter,saya minum yang merek optimum nutrition yang rasa macha dok,minum merek optimum nutrition rasa macha dok,10
1615512239972417536,"@ayilai Udaaaah, dimix sama vectorlabs (banyak rasa wuehehehe kaya optimum nutrition).
Tapi emg lebih variatif si evolene siii, banyak cemacemnya ada yg plant based juga.
Oh, sama sachet. Jadi teu riweuh.",Wed Jan 18 00:51:47 +0000 2023,,,111,0,0,1,id,Optimum Nutrition rasa,2026-05-13T14:56:54.144635,twitter,"udaaaah, dimix sama vectorlabs banyak rasa wuehehehe kayak optimum nutrition. tapi emg lebih variatif si evolene siii, banyak cemacemnya ada yang plant based juga. oh, sama sachet. jadi teu riweuh.","udaaaah, dimix sama vectorlabs banyak rasa wuehehehe kayak optimum nutrition. tapi emg lebih variatif si evolene siii, banyak cemacemnya plant based juga. oh, sama sachet. jadi teu riweuh.",30
1613926083841380353,"@ArditErwandha Bang, tp optimum nutrition sayangnya ga halal, tapi yang paling aman diminum kalau menurut web nya sih yg rasa double rich chocolate karena ga ada alkohol nya",Fri Jan 13 15:48:58 +0000 2023,,,454,0,0,0,id,Optimum Nutrition rasa,2026-05-13T14:56:54.144657,twitter,"bang, tapi optimum nutrition sayangnya tidak halal, tapi yang paling aman diminum kalau menurut web nya yang rasa double rich chocolate karena tidak ada alkohol nya","bang, tapi optimum nutrition sayangnya tidak halal, tapi paling aman diminum kalau menurut web nya rasa double rich chocolate karena tidak alkohol nya",26
1604525125097095170,"Aku rasa stray cats perlu kekal straying around, if you can't afford to keep optimum environment for cats kat rumah, don't bother to adopt sampai 12-20 ekor. Kau bukan mantan PM nak ada 25 ekor kat rumah. Hygiene, nutrition, healthcare etc. Bela banyak ni senang dapat penyakit.",Sun Dec 18 17:12:55 +0000 2022,,,743,1,1,0,id,Optimum Nutrition rasa,2026-05-13T14:56:54.144662,twitter,"aku rasa stray cats perlu kekal straying around, if you can't afford to keep optimum environment for cats kat rumah, don't bother to adopt sampai 12-20 ekor. kau bukan mantan pm nak ada 25 ekor kat rumah. hygiene, nutrition, healthcare etc. bela banyak ni senang dapat penyakit.","rasa stray cats perlu kekal straying around, can't afford keep optimum environment cats kat rumah, don't bother adopt sampai 12-20 ekor. kau bukan mantan pm nak 25 ekor kat rumah. hygiene, nutrition, healthcare etc. bela banyak ni senang dapat penyakit.",47
1589506236432941056,@edicte_merr Yang di toko Optimum Nutrition sisa 10 Lbs rasa stroberi sih. Sudah gak ada lagi yg lain gitu? Pinginnya rasa coklat. DM link kl ada infonya. Trima kasih.,Mon Nov 07 06:33:13 +0000 2022,,,494,0,0,1,id,Optimum Nutrition rasa,2026-05-13T14:56:54.144666,twitter,yang di toko optimum nutrition sisa 10 lbs rasa stroberi sih. sudah tidak ada lagi yang lain gitu? pinginnya rasa coklat. dm link kl ada infonya. trima kasih.,toko optimum nutrition sisa 10 lbs rasa stroberi sih. tidak lagi lain gitu? pinginnya rasa coklat. dm link kl infonya. trima kasih.,28
1492114757205172226,"Pernah mergokin ade sepupu gue gadoin susu Optimum Nutrition punya gue karena alesanya susunya rasa coklat... tp jangan susu gym gue juga kali nangis banget aatu scoopnya berapa duit itu

Sampe sekarang barang gue di labelin semua 😑",Fri Feb 11 12:34:14 +0000 2022,,,1728,0,0,0,id,Optimum Nutrition rasa,2026-05-13T14:56:54.144669,twitter,pernah mergokin ade sepupu gue gadoin susu optimum nutrition punya gue karena alesanya susunya rasa coklat... tapi jangan susu gym gue juga kali nangis banget aatu scoopnya berapa duit itu sampe sekarang barang gue di labelin semua,pernah mergokin ade sepupu gue gadoin susu optimum nutrition punya gue karena alesanya susunya rasa coklat... tapi jangan susu gym gue kali nangis banget aatu scoopnya berapa duit sampe sekarang barang gue labelin semua,37
1468929913663016960,"Sebenernya males nyobain produk whey selain dari optimum nutrition… tapi coba deh local brand malaysia.. agak skeptis sih, tapi dia rasa milk tea loh… dan sedikit lebih murah",Thu Dec 09 13:05:57 +0000 2021,,,372,0,0,0,id,Optimum Nutrition rasa,2026-05-13T14:56:54.144673,twitter,"sebenernya males nyobain produk whey selain dari optimum nutrition tapi coba local brand malaysia.. agak skeptis sih, tapi dia rasa milk tea loh dan sedikit lebih murah","sebenernya males nyobain produk whey selain optimum nutrition tapi coba local brand malaysia.. agak skeptis sih, tapi rasa milk tea loh sedikit lebih murah",27
1416996477231001603,"@jeffftakoyaki coba optimum nutrition, tapi kalo soal rasa lebih enak evolene sih",Mon Jul 19 05:41:01 +0000 2021,,,348,0,0,2,other,Optimum Nutrition rasa,2026-05-13T14:56:54.144676,twitter,"coba optimum nutrition, tapi kalo soal rasa lebih enak evolene","coba optimum nutrition, tapi kalo soal rasa lebih enak evolene",10
1405410377853140999,"@charylcopian tak. yang pernah &amp; aku rasa best brand Bio Tech, Elite Labs, Muscletech some products boleh la, Optimum Nutrition pun best",Thu Jun 17 06:21:59 +0000 2021,,,32322,1,0,0,id,Optimum Nutrition rasa,2026-05-13T14:56:54.144680,twitter,"tak. yang pernah amp aku rasa best brand bio tech, elite labs, muscletech some products boleh la, optimum nutrition pun best","tak. pernah amp rasa best brand bio tech, elite labs, muscletech some products boleh la, optimum nutrition pun best",21
1268910924418568194,"@nicatine Dr semua susu gainer yg gw coba ,rasa paling Aman cuman produk Dr optimum nutrition",Fri Jun 05 14:21:54 +0000 2020,,,185,0,0,1,id,Optimum Nutrition rasa,2026-05-13T14:56:54.144683,twitter,"dari semua susu gainer yang gw coba ,rasa paling aman cuman produk dari optimum nutrition","semua susu gainer gw coba ,rasa paling aman cuman produk optimum nutrition",15
1172905643667156992,"2. Optimum Nutrition
Kalo soal rasa dan keteradukan protein nya ga ada yang ngalahin ini protein powder mah.
Cman sayang Pricey :)
overal 8.9/10 https://t.co/aLKik7vtPg",Sat Sep 14 16:11:11 +0000 2019,,,698,0,0,1,id,Optimum Nutrition rasa,2026-05-13T14:56:54.144686,twitter,2. optimum nutrition kalo soal rasa dan keteradukan protein nya tidak ada yang ngalahin ini protein powder mah. cman sayang pricey overal 8.910,2. optimum nutrition kalo soal rasa keteradukan protein nya tidak ngalahin protein powder mah. cman sayang pricey overal 8.910,23
1125787252909469696,"Knp seller indo cuma jual whey Ronnie Coleman &amp; Optimum Nutrition rasa coklat dah, gw mau cobain rasa lain, rasa coklat enek gw
Masa harus pesen dr luar 😑",Tue May 07 15:39:31 +0000 2019,,,1029,0,0,0,id,Optimum Nutrition rasa,2026-05-13T14:56:54.144690,twitter,"knp seller indo cuma jual whey ronnie coleman amp optimum nutrition rasa coklat dah, gw mau cobain rasa lain, rasa coklat mual gw masa harus pesen dari luar","knp seller indo cuma jual whey ronnie coleman amp optimum nutrition rasa coklat dah, gw mau cobain rasa lain, rasa coklat mual gw masa harus pesen luar",28
915873211216166913,Optimum Nutrition Gold Standard Whey Protein 5lbs BPOM Rasa Coklat Deals for only Rp 1155000 instead https://t.co/DkYVCUxZLd https://t.co/sS3wdHUR6n,Thu Oct 05 09:36:04 +0000 2017,,,1446,0,0,0,en,Optimum Nutrition rasa,2026-05-13T14:56:54.144693,twitter,optimum nutrition gold standard whey protein 5lbs bpom rasa coklat deals for only rp 1155000 instead,optimum nutrition gold standard whey protein 5lbs bpom rasa coklat deals only rp 1155000 instead,16
843855553520635906,"Optimum Nutrition Serious Mass Gainer 12 lb Rasa Vanilla #lazada, product Buy: https://t.co/CSfzVMch63 https://t.co/IKy3qDUQin",Mon Mar 20 16:03:36 +0000 2017,,,413,0,0,0,en,Optimum Nutrition rasa,2026-05-13T14:56:54.144696,twitter,"optimum nutrition serious mass gainer 12 lb rasa vanilla lazada, product buy","optimum nutrition serious mass gainer 12 lb rasa vanilla lazada, product buy",12
843855441230794754,"Optimum Nutrition Serious Mass Gainer 12 lb Rasa Vanilla #lazada, product https://t.co/p3WqhaczwS",Mon Mar 20 16:03:09 +0000 2017,,,1148,0,0,0,en,Optimum Nutrition rasa,2026-05-13T14:56:54.144702,twitter,"optimum nutrition serious mass gainer 12 lb rasa vanilla lazada, product","optimum nutrition serious mass gainer 12 lb rasa vanilla lazada, product",11
833122091494948864,"Optimum Nutrition Serious Mass Gainer 12 lb Rasa Chocolate #lazada, product https://t.co/dZ9FaeWdtp",Sun Feb 19 01:12:39 +0000 2017,,,1148,0,0,0,en,Optimum Nutrition rasa,2026-05-13T14:56:54.144706,twitter,"optimum nutrition serious mass gainer 12 lb rasa chocolate lazada, product","optimum nutrition serious mass gainer 12 lb rasa chocolate lazada, product",11
833122073266515968,"Optimum Nutrition Serious Mass Gainer 12 lb Rasa Chocolate #lazada, product https://t.co/ObIgumPc6h https://t.co/0dWF0FlafT",Sun Feb 19 01:12:35 +0000 2017,,,413,0,0,0,en,Optimum Nutrition rasa,2026-05-13T14:56:54.144709,twitter,"optimum nutrition serious mass gainer 12 lb rasa chocolate lazada, product","optimum nutrition serious mass gainer 12 lb rasa chocolate lazada, product",11
825867571429855232,"Optimum Nutrition Gold Standard Whey Protein 5lbs BPOM Rasa Coklat #lazada, product https://t.co/eZDCLrV5dy https://t.co/BsVHlP3WIe",Mon Jan 30 00:45:47 +0000 2017,,,413,0,0,0,en,Optimum Nutrition rasa,2026-05-13T14:56:54.144713,twitter,"optimum nutrition gold standard whey protein 5lbs bpom rasa coklat lazada, product","optimum nutrition gold standard whey protein 5lbs bpom rasa coklat lazada, product",12
825867467595591681,"Optimum Nutrition Gold Standard Whey Protein 5lbs BPOM Rasa Coklat #lazada, product https://t.co/6jdc80y9Xm",Mon Jan 30 00:45:22 +0000 2017,,,1148,0,0,0,en,Optimum Nutrition rasa,2026-05-13T14:56:54.144716,twitter,"optimum nutrition gold standard whey protein 5lbs bpom rasa coklat lazada, product","optimum nutrition gold standard whey protein 5lbs bpom rasa coklat lazada, product",12
660503623512772608,"ON (Optimum Nutrition) Serious Mass (Repack)

Netto : 1 kg
Rasa : Chocolate
Expired : Maret 2017

CP
BBM 29B 81... https://t.co/eULpoB3jN2",Sat Oct 31 17:08:30 +0000 2015,,,81,0,0,0,en,Optimum Nutrition rasa,2026-05-13T14:56:54.144719,twitter,on optimum nutrition serious mass repack netto 1 kg rasa chocolate expired maret 2017 cp bbm 29b 81...,optimum nutrition serious mass repack netto 1 kg rasa chocolate expired maret 2017 cp bbm 29b 81...,18
591598198092734464,Aku rasa cari protein optimum nutrition ni lagi susah dari cari awek.,Fri Apr 24 13:42:56 +0000 2015,,,533,0,0,0,id,Optimum Nutrition rasa,2026-05-13T14:56:57.274204,twitter,aku rasa cari protein optimum nutrition ni lagi susah dari cari awek.,rasa cari protein optimum nutrition ni lagi susah cari awek.,12
432795472994906112,@infoJBI jual Optimum Nutrition Seriousmass 12lbs (Rasa chocolate) EXP 06/2014. Rp. 650.000.,Mon Feb 10 08:37:36 +0000 2014,,,26,0,0,0,en,Optimum Nutrition rasa,2026-05-13T14:56:57.274207,twitter,jual optimum nutrition seriousmass 12lbs rasa chocolate exp 062014. rp. 650.000.,jual optimum nutrition seriousmass 12lbs rasa chocolate exp 062014. rp. 650.000.,11
162893477212995584,SeriousMass Optimum Nutrition 12lbs rasa strawberry. Ready (1),Fri Jan 27 13:43:26 +0000 2012,,,244,0,0,0,en,Optimum Nutrition rasa,2026-05-13T14:56:57.274211,twitter,seriousmass optimum nutrition 12lbs rasa strawberry. ready 1,seriousmass optimum nutrition 12lbs rasa strawberry. ready 1,8
141857572134207489,@OhMFJ oh I went to GNC kt the curve haritu ada Optimum Nutrition. The Myofusion mmg xde kt GNC I rasa.,Wed Nov 30 12:34:15 +0000 2011,,,6251,0,0,0,en,Optimum Nutrition rasa,2026-05-13T14:56:57.274214,twitter,oh i went to gnc kt the curve haritu ada optimum nutrition. the myofusion mmg xde kt gnc i rasa.,oh went gnc kt curve haritu optimum nutrition. myofusion mmg xde kt gnc rasa.,20
121560970182144000,For sale optimum nutrition serious mass 12lbs 700rb rasa coklat dan vanila,Wed Oct 05 12:22:48 +0000 2011,,,71,0,0,0,en,Optimum Nutrition rasa,2026-05-13T14:56:57.274218,twitter,for sale optimum nutrition serious mass 12lbs 700rb rasa coklat dan vanila,sale optimum nutrition serious mass 12lbs 700rb rasa coklat vanila,12
112385168014184448,ON Optimum nutrition Rasa Strawberry Used By @edwardwong_12 @Ocsen_09 haha http://t.co/FDCUOaB,Sat Sep 10 04:41:26 +0000 2011,,,473,0,0,0,en,Optimum Nutrition rasa,2026-05-13T14:56:57.274221,twitter,on optimum nutrition rasa strawberry used by,optimum nutrition rasa strawberry used,7
2045143155881005261,"guysss, honest review whey nya L-Men dongg, kok jadi mahalan fitlife yaaa :(",Fri Apr 17 14:11:39 +0000 2026,,,3104,4,0,0,id,Fitlife whey review,2026-05-13T14:58:17.629207,twitter,"guysss, honest review whey nya l-men dongg, kok jadi mahalan fitlife yaaa","guysss, honest review whey nya l-men dongg, kok jadi mahalan fitlife yaaa",12
1996107406296965424,"Sebagai acne prone dan terindikasi (belum test resmi) laktosa intolerance, konsumsi whey protein dan produk dairy bersamaan bikin muka jerawatan (aku harus banget ngopi susu tiap hari). 

Tapi kalo susu diganti oat aman kok ges. 

Review lengkap Fitlife:

https://t.co/QogOyIdr93 https://t.co/7zGGzvgpAT",Wed Dec 03 06:41:06 +0000 2025,,,19715,0,0,1,id,Fitlife whey review,2026-05-13T14:58:17.629222,twitter,"sebagai acne prone dan terindikasi belum test resmi laktosa intolerance, konsumsi whey protein dan produk dairy bersamaan bikin muka jerawatan aku harus banget ngopi susu tiap hari. tapi kalo susu diganti oat aman kok ges. review lengkap fitlife","sebagai acne prone terindikasi belum test resmi laktosa intolerance, konsumsi whey protein produk dairy bersamaan bikin muka jerawatan harus banget ngopi susu tiap hari. tapi kalo susu diganti oat aman kok ges. review lengkap fitlife",38
1745221727263551670,🏋️‍♂️ Quick Recovery Tip: Mix a scoop of MTS Machine Whey with your favorite beverage post-workout. Feel the difference! #FitLife #ProteinBoost 🥤 https://t.co/3Jv6QQlpIq,Wed Jan 10 23:10:59 +0000 2024,,,3,1,0,0,en,Fitlife whey review,2026-05-13T14:58:17.629225,twitter,quick recovery tip mix a scoop of mts machine whey with your favorite beverage post-workout. feel the difference! fitlife proteinboost,quick recovery tip mix scoop mts machine whey favorite beverage post-workout. feel difference! fitlife proteinboost,20
1140556771238432768,"Authentic whey protein isolate of imported brands are now available near you. Choose your best brand supplement only at Fitlife.
All types of whey protein in all sizes and many flavors.
Check review, price of whey protein isolate

Visit-https://t.co/zUn9uvf1o9
#wheyproteinisolate",Mon Jun 17 09:48:19 +0000 2019,,,96,0,0,0,en,Fitlife whey review,2026-05-13T14:58:17.629227,twitter,"authentic whey protein isolate of imported brands are now available near you. choose your best brand supplement only at fitlife. all types of whey protein in all sizes and many flavors. check review, price of whey protein isolate visit- wheyproteinisolate","authentic whey protein isolate imported brands now available near you. choose best brand supplement only fitlife. all types whey protein all sizes and many flavors. check review, price whey protein isolate visit- wheyproteinisolate",40
1140555990095421441,"Pure form of whey protein, whey protein isolate is containing more than 90% of protein with amino. 

Shop the best whey powder at low price at https://t.co/545c5yvneX. Check review, price of whey protein isolate 

Buy Now- https://t.co/zUn9uvf1o9

#wheyproteinisolate",Mon Jun 17 09:45:13 +0000 2019,,,96,0,0,0,en,Fitlife whey review,2026-05-13T14:58:17.629229,twitter,"pure form of whey protein, whey protein isolate is containing more than 90 of protein with amino. shop the best whey powder at low price at check review, price of whey protein isolate buy now- wheyproteinisolate","pure form whey protein, whey protein isolate containing more 90 protein amino. shop best whey powder low price check review, price whey protein isolate buy now- wheyproteinisolate",36
1008532274994819072,"Tambahan review: masukin fitlife di gelas, lalu diaduk dengan sendok.

Bisa larut sempurna. Poin plus banget ini

(kebanyakan whey harus dikocok di shaker, baru bisa larut.. Kalo diaduk di gelas sering menggumpal)",Mon Jun 18 02:10:06 +0000 2018,,,33749,0,0,2,id,Fitlife whey review,2026-05-13T14:58:17.629234,twitter,"tambahan review masukin fitlife di gelas, lalu diaduk dengan sendok. bisa larut sempurna. poin plus banget ini kebanyakan whey harus dikocok di shaker, baru bisa larut.. kalo diaduk di gelas sering menggumpal","tambahan review masukin fitlife gelas, lalu diaduk sendok. bisa larut sempurna. poin plus banget kebanyakan whey harus dikocok shaker, baru bisa larut.. kalo diaduk gelas sering menggumpal",32
890944749586206720,I just wrote a review on Whey https://t.co/lsAexILi4d via @yotpo #fitlife #gains #protein #delicious,Fri Jul 28 14:39:15 +0000 2017,,,37,0,0,0,en,Fitlife whey review,2026-05-13T14:58:17.629236,twitter,i just wrote a review on whey via fitlife gains protein delicious,wrote review whey via fitlife gains protein delicious,12
798824277029982212,Dominator Whey Protein Review https://t.co/Bq13xY0MOA,Wed Nov 16 09:45:23 +0000 2016,,,96,0,0,0,en,Fitlife whey review,2026-05-13T14:58:17.629238,twitter,dominator whey protein review,dominator whey protein review,4
798823845062815746,Dominator Whey Protein Review - Fitlife deal with all types of body supplements at affordable price. We... https://t.co/Nk0r2KCCGr,Wed Nov 16 09:43:40 +0000 2016,,,96,0,0,0,en,Fitlife whey review,2026-05-13T14:58:17.629239,twitter,dominator whey protein review - fitlife deal with all types of body supplements at affordable price. we...,dominator whey protein review - fitlife deal all types body supplements affordable price. we...,17
798823294552051712,Dominator Whey Protein Review https://t.co/xgYK2Zuv2T #deliciousTrending via @delicious,Wed Nov 16 09:41:29 +0000 2016,,,96,0,0,0,en,Fitlife whey review,2026-05-13T14:58:17.629242,twitter,dominator whey protein review delicioustrending via,dominator whey protein review delicioustrending via,6
576362109769883648,New!&gt;&gt; Isopure Protein Review! http://t.co/kLb0jsI8e1 #fitfluential #fitlife,Fri Mar 13 12:40:09 +0000 2015,,,16619,1,0,0,en,Fitlife whey review,2026-05-13T14:58:17.629243,twitter,new!gtgt isopure protein review! fitfluential fitlife,new!gtgt isopure protein review! fitfluential fitlife,6
563449930950656001,My #supplements review of @MTSNutrition Machine Whey https://t.co/XPSUUjucmp @MarcLobliner #fitness #gymlife #protein #fitlife #fitfam,Thu Feb 05 21:31:46 +0000 2015,,,1360,3,0,0,en,Fitlife whey review,2026-05-13T14:58:17.629246,twitter,my supplements review of machine whey fitness gymlife protein fitlife fitfam,supplements review machine whey fitness gymlife protein fitlife fitfam,11
