tweet_id,text,created_at,user_name,user_screen_name,user_followers,favorite_count,retweet_count,reply_count,language,query,scraped_at,source
2021126757185880478,"@Cryptorealis Om GPT jawab ya, panjang lebar sekalian 👇

Kasusnya Om Don

2 hari:
•❌ ga makan nasi
•✅ makan lauk pauk + sayur
•☕ kopi siang masih pakai gula

Putusan sementara:

👉 Diet Om Don SAH, tapi BELUM PARIPURNA.

⸻

1️⃣ Ga makan nasi

Ini niatnya sudah benar 👍
Nasi itu karbo",Tue Feb 10 07:39:04 +0000 2026,,,2499,1,0,1,in,susu protein pahit,2026-05-13T14:20:03.192381,twitter
1914600537364033747,"Sekarang tengah hangat isu whey protein yang tipu keputusan lab test. Sepanjang aku guna whey, yang paling aku rasa betul-betul legit adalah daripada Hazim Khalim. Whey dia memang rasa pure—pahit, tak sedap, rasa macam susu mentah. Solid food better

 https://t.co/oEqqkP0ZP4 https://t.co/ZMtbTakMl5",Tue Apr 22 08:41:54 +0000 2025,,,183,1,0,0,in,susu protein pahit,2026-05-13T14:20:12.521806,twitter
1902286003911491949,"Kenapa kok pakai susu biasa bikin lebih “heavy”? Karena susu biasa protein dan lemaknya lebih rendah.

Jadi enggak sepowerful itu dalam mengikat partikel di matcha terutama yang bikin umami dan pahit.

Meanwhile “heaviness” matcha itu timbul dari “(almost-)sharp intensity”. https://t.co/NV1d46W0tN",Wed Mar 19 09:08:20 +0000 2025,,,18456,1,0,0,in,susu protein pahit,2026-05-13T14:20:12.521828,twitter
1901284812733678033,@ezabcdefg Ini mah protein dari susu pecah gara gara bromelin deh makanya pahit,Sun Mar 16 14:49:58 +0000 2025,,,837,0,0,1,in,susu protein pahit,2026-05-13T14:20:12.521833,twitter
1827909465414525369,"Aku dibilang kurusan. 🤣
Wkwkwk hasil abis sakit 2mingguan.
Lidah pahit gk doyan makan. 
Rutin minum susu protein &amp; kadang air kelapa. 
Cuma turun 2kg tapi pipi jadinya kempes &amp; punya rahang kembali. 
😁😆",Mon Aug 26 03:22:32 +0000 2024,,,459,0,0,0,in,susu protein pahit,2026-05-13T14:20:12.521837,twitter
1825511949460713805,"Udh berobat ke dokter Sp A dibfatmawati
Disarankan minum susu tinggi protein (neocate junior), rasa susunya pahit
Namun apa boleh buat
Harus ngikutin apa kata dokter",Mon Aug 19 12:35:39 +0000 2024,,,308,1,0,0,in,susu protein pahit,2026-05-13T14:20:12.521840,twitter
1798308033430495243,"Rasa kopinya tidak pahit di lidah dan aman di lambung, lalu dipadukan dgn rasa susu yg menyegarkan. Protein susu yg menyatu dgn kopi menciptakan rasa unik yg menjadi ciri khas cappucino dan latte

tunggu apa lagi, segera beli di minimarket terdekat dan dapatkan promo buy 2 get 1 https://t.co/MD2FLL18ZJ",Wed Jun 05 10:57:00 +0000 2024,,,1,0,0,0,in,susu protein pahit,2026-05-13T14:20:12.521843,twitter
1766694344579510485,@mashijuseyo pernah terbaca sbb ada benda dlm kiwi tu breaks protein dlm susu tu. so dia akan jdi pahit. something like that la😂tpi boleh je letak madu nk hilangkan pahit,Sun Mar 10 05:15:29 +0000 2024,,,864,0,0,1,in,susu protein pahit,2026-05-13T14:20:12.521846,twitter
1718617023335575948,"👈 Minum susu setiap hari minimum segelas, 250ml. Samada melalui latte atau cuma segelas susu. Hanya peminum kopi tegar yang kata latte tanpa gula ni manis. Orang lain semua kata kopi pahit. 

Juga diri ini,consume milk sebab nak dapatkan protein, vitamin D dan kalsium.",Sun Oct 29 13:13:23 +0000 2023,,,496,0,0,0,in,susu protein pahit,2026-05-13T14:20:12.521855,twitter
1674331365570121730,"Hadiah terakhir yang di minta: ""Aku mau Muse!""
Makanan kesukaan: Pão de Queijo (suka olahan susu)
Makanan yang gak suka: Yang pahit
Lauk 
Makanna yang cocok di dampingin nasi: Carne de Sol (butuh protein banyak apalagi sehabis latihan)",Thu Jun 29 08:17:59 +0000 2023,,,86,2,0,1,in,susu protein pahit,2026-05-13T14:20:12.521861,twitter
1595263682392784896,@Askrlfess Kalo pahit hrrti rusak dan tidak layak konsumsi. Karna ada bakteri yg bikin protein susu rusak,Wed Nov 23 03:51:15 +0000 2022,,,1056,12,0,0,in,susu protein pahit,2026-05-13T14:20:12.521864,twitter
1497152174153158656,"Samb: Untuk kegunaan pesakit yang mengalami alahan protein susu lembu (Cow’s Milk Protein Allergy; CMPA), malabsorption dan short bowel syndrome (SBS). Bau dan rasa berbeza dengan susu biasa: agak sedikit pahit dan hanyir.",Fri Feb 25 10:11:08 +0000 2022,,,1061,4,0,1,in,susu protein pahit,2026-05-13T14:20:12.521867,twitter
1261257202616029187,"@FOODFESS2 emang agak pahit nder karna fermentasi kejunya ngubah protein susu ke bentuk yang lebih sederhana jadinya bikin pahit nder, tapi pahitnya bukan yang pahit banget, lebih kaya abis makan kejunya langsung baru ada aftertaste pahitnya",Fri May 15 11:28:44 +0000 2020,,,142,1,0,1,in,susu protein pahit,2026-05-13T14:20:03.192470,twitter
1243501163560894469,"@andriisanjaya Prinsipnya sama sih klo kelamaan di setim nada dasar/suhu nya bakal nggk pas. Susu yg terlalu panas, kandungan protein dn gulanya akan pecah yg berakibat susu jd pahit dn kopi susu kamu bakalan nggk enak.

Saya kira demikian, baik penanya selanjutnya?",Fri Mar 27 11:32:35 +0000 2020,,,273,0,0,0,in,susu protein pahit,2026-05-13T14:20:12.521870,twitter
1228679834378702848,"5 drinks to get to know me

1. Whey protein
2. Susu Ultra
3. Kopi
4. Air mineral
5. Teh pahit tanpa gula",Sat Feb 15 13:57:54 +0000 2020,,,1513,0,0,0,in,susu protein pahit,2026-05-13T14:20:12.521873,twitter
1042242341317165056,@AkmalAffendy Sure la tak sedap. Susu low protein weh. Pahit rasa dia. Bluek,Wed Sep 19 02:41:52 +0000 2018,,,1061,0,0,1,in,susu protein pahit,2026-05-13T14:20:12.521885,twitter
1008759506967261184,"Dua hari ini orang serumah menerapkan makan sehat, buat detoksifikasi. Cuma makan sayur, granola, air putih, teh pahit, susu low fat. Yang ga kuat cuma saya. Tumbang! Nyeri perut. Butuh karbo dan protein 😅",Mon Jun 18 17:13:02 +0000 2018,,,2477,0,0,2,in,susu protein pahit,2026-05-13T14:20:03.192490,twitter
693418145227345920,"suplemen gua ? 

- Whey Protein Isolate
- Teh Pahit 3 Gelas
- Omega 3 Fish Oil
- Mastin
- Susu Kedelai Low Fat

ini aja cukup",Sat Jan 30 12:59:03 +0000 2016,,,46,1,0,0,in,susu protein pahit,2026-05-13T14:20:03.192495,twitter
506420064157839362,@ElannaEvans protein yg tak campuq dgn susu lagi sedap dari ubat tu. Pahit gila. Serious cakap. Nana dah biasa makan takpa lah. Hahaha,Mon Sep 01 12:35:26 +0000 2014,,,450,0,0,1,in,susu protein pahit,2026-05-13T14:20:03.192501,twitter
469726701354627074,"@HafizGentzzz peh, susu protein pahit gila",Fri May 23 06:29:07 +0000 2014,,,147,0,0,0,in,susu protein pahit,2026-05-13T14:20:03.192506,twitter
1752803366064026078,"@diethingy banyakin sayur buah n protein
kurangi n cut nasi putih, tepung, santan,gula,garam, susu olahan",Wed Jan 31 21:17:42 +0000 2024,,,3426,2,0,0,in,susu protein pahit,2026-05-13T14:20:12.521851,twitter
1696747951320924411,Alhamdulillah bersyukur bgt bisa pelan pelan ngubah habit dari yg eskopi susu jadi ice americano tanpa gula. Biasanya makan nasi lauk + nambah jadi sayur sm protein aja. Bisany gampang craving manis jadi kalo minum/makan manis gasuka dan jadinya pahit.,Wed Aug 30 04:53:30 +0000 2023,,,46,0,0,0,in,susu protein pahit,2026-05-13T14:20:12.521858,twitter
468850007383490560,"@tipsmenyusui bgm  mengoptimalkan asi setelah kena mastitis, krn bayi na alergi protein susu sapi,dikash susu Haa​ ga mau,agak pahit susuna",Tue May 20 20:25:27 +0000 2014,,,29,0,0,0,in,susu protein pahit,2026-05-13T14:20:06.035771,twitter
395946761824378880,"Ehh? Apasal Susu Protein Ni Pahit Semacam , Alahai Ni Malas Nak Minum Ni , :(",Thu Oct 31 16:13:59 +0000 2013,,,230,0,0,0,in,susu protein pahit,2026-05-13T14:20:06.035776,twitter
152520402114064384,"Kiwi ada Actinidin, Nanas ada Bromelain, Pepaya ada Papain, semuanya bisa memecah protein susu (Casein) jd asam amino/peptida yg pahit",Thu Dec 29 22:44:32 +0000 2011,,,267,0,0,0,in,susu protein pahit,2026-05-13T14:20:06.035780,twitter
134558034478366720,Kombinasi Susu Whey protein yg pahit ini dgn 1 buah pear jadi enaak.. Yess! ♥ it!,Thu Nov 10 09:08:30 +0000 2011,,,1000,0,0,0,in,susu protein pahit,2026-05-13T14:20:06.035783,twitter
105057100710952960,Uda basi kali RT @DananGWisnu: Susu protein yg katanya buat orang puasa ini kok rada pahit ya nek? Berasa ampe skr lho...,Sat Aug 20 23:22:19 +0000 2011,,,244,0,0,0,in,susu protein pahit,2026-05-13T14:20:06.035787,twitter
105045706842181633,Susu protein yg katanya buat orang puasa ini kok rada pahit ya nek? Berasa ampe skr lho...,Sat Aug 20 22:37:02 +0000 2011,,,205,0,0,0,in,susu protein pahit,2026-05-13T14:20:06.035791,twitter
12956736080,"Haha.. Tinggi protein ga? RT @ridhododol Kimbek !!! Selain pahit, uda kelat itu wak, beserat  RT @babecabiita: SUSAN = SUSU WAK HASAN !!! -",Tue Apr 27 17:46:31 +0000 2010,,,240,0,0,0,in,susu protein pahit,2026-05-13T14:20:06.035795,twitter
1204863434841612288,"Bismillah ..ayyamul bidh hr ke 3 
Plus hr KAMIS istimewa
Yukk ..sahur dg susu protein plus santan sasa mix kopi pahit 😍 #2020HarusKurus",Wed Dec 11 20:40:02 +0000 2019,,,122,0,0,0,in,susu protein pahit,2026-05-13T14:20:12.521876,twitter
1202347159485501441,"Assalamuallaikum semua'x salam subuh🤗
Mat bersantap sahur bgi yg menjlankn puasa sunah kamis.😇
Menu sahur qu susu protein mix kopi pahit plus santan kara
Mat menjaln kn puasa sunah semoga lancar smpai beduk tiba😇🤗",Wed Dec 04 22:01:16 +0000 2019,,,122,0,0,0,in,susu protein pahit,2026-05-13T14:20:12.521879,twitter
1090577776527187968,"Ini dia Minuman yang bikinn kurus Susu protein + kopi hitam pahit tanpa gula

Yang mau kurus, makan malamnya bisa susu protein , susu protein adalah protein susu sapi yang dihilangkan karbonya, Susu protein... https://t.co/w5Zfm8tCMA",Wed Jan 30 11:49:38 +0000 2019,,,122,0,0,0,in,susu protein pahit,2026-05-13T14:20:12.521882,twitter
2049679581406445744,"@bakuldimsum_ makan protein aja daging yg bnyk.
jgn kebanyakan minum sup kl rebusan, dan kgn kebanyakan bumbu celup kl yg bbq.
no minum yg manis2.
jgn makan yg keju2 or susu spy ga eneg",Thu Apr 30 02:37:48 +0000 2026,,,97,0,0,0,in,susu protein eneg,2026-05-13T14:21:29.276309,twitter
2045871697614790861,"selalu eneg tiap minum susu, tapi aku butuh asupan protein tbahan dari susu karna malas makan 😔",Sun Apr 19 14:26:37 +0000 2026,,,10,0,0,0,in,susu protein eneg,2026-05-13T14:21:29.276374,twitter
2044940072479514640,"kalo protein kadang dari daging , telur rebus dan susu protein, aku pake rimba mass udah bungkus ke 2, rasanya enak gak bikin eneg bonusnya ya dapat botol minum 😂 https://t.co/QL3U5g0jLz https://t.co/AfmO37f5rB",Fri Apr 17 00:44:41 +0000 2026,,,7087,1,0,0,in,susu protein eneg,2026-05-13T14:21:29.276388,twitter
2026787892052504891,"@sendysantuy123 Sumber protein itu ga hanya telur ka, bisa tempe, dada ayam, ikan, susu atau yoghurt. Makanya bisa divariasikan ka supaya ga eneg juga.",Wed Feb 25 22:34:24 +0000 2026,,,1077,0,0,1,in,susu protein eneg,2026-05-13T14:21:29.276400,twitter
2024977291319935081,"@diethingy Klo bbmu di atas 60 emg better pake susu protein sih. Krna pasti eneg bgtt ngejar protein harian. Klo ak dibagi ya sahur sama buka, dan krna udah biasa IF jadi ga merasa eneg.",Fri Feb 20 22:39:43 +0000 2026,,,5398,0,0,0,in,susu protein eneg,2026-05-13T14:21:29.276412,twitter
2017172869416124603,"ㅤ

️️
Rekomen susu protein yang gak manis? eneg kalau bikin yang kentel karena manisnya luar biasa.
️️

️️",Fri Jan 30 09:47:43 +0000 2026,,,156,0,0,0,in,susu protein eneg,2026-05-13T14:21:29.276424,twitter
2015764930142830772,"1. WAJIB JAGA POLA MAKAN DENGAN DEFISIT KALORI!! 
Ribet? NO!!!! kamu bisa dibantu dengan Susu Herslim sebagai pengganti makanan yang sudah 
🩷 RENDAH KALORI. 
🩷 Bikin kenyang lebih tahan lama
🩷 Tinggi nutrisinya (protein, mineral, dan vitamin) juga tetap ada

Poin plusnya ini https://t.co/B15tvTM1SP",Mon Jan 26 12:33:05 +0000 2026,,,30,0,0,1,in,susu protein eneg,2026-05-13T14:21:29.276435,twitter
2012582061287338220,@luwmion Sepengetahuan ku susu whey protein itu biasanya dipergunakan untuk memenuhi kebutuhan protein perhari kalo misalkan hari itu ga memenuhi kebutuhan proteinnya dibandingkan kita makan dada ayam lagi dihari itu eneg kita bisa pakai susu whey buat memenuhi protein itu,Sat Jan 17 17:45:30 +0000 2026,,,166,0,0,0,in,susu protein eneg,2026-05-13T14:21:29.276446,twitter
2012363272847294687,"DAY 17 ngasih rekomendasi barang yang sedang/pernah dipake.
rekomendasi susu protein penambah berat badan buat yang lagi bulking. rasanya tetep enak dan ga eneg meskipun TANPA gula.
https://t.co/CpvMJ64z0I",Sat Jan 17 03:16:06 +0000 2026,,,0,0,0,0,in,susu protein eneg,2026-05-13T14:21:29.276458,twitter
1964644461662937102,"Tp dulu kebantu susu protein.. 
tp skrng mencoba nacyurall eneg bgt dah haha",Sun Sep 07 10:58:35 +0000 2025,,,152,0,0,1,in,susu protein eneg,2026-05-13T14:21:29.276469,twitter
1951942966089838870,"@chickenjune25 aku tuh dr awal ga suka bgt yg namanya susu kaa, apalagi putih eneg bgt. Tp alhamdulillah aku nyobain minum susu tp coklat sih, lg coba produk Alamon Go (susu protein tinggi) ceunah bisa naikin bb.. Tp ya itu jarang2 sih minumnya, semoga bisa konsisten 😭🙏",Sun Aug 03 09:47:23 +0000 2025,,,532,0,0,0,in,susu protein eneg,2026-05-13T14:21:29.276480,twitter
1947686966923038836,"Kukira bakal eneg kalo protein + susu. Gara"" emng ga doyan susu putih po mene full cream. Tp kok tak coba enak bngst :)",Tue Jul 22 15:55:33 +0000 2025,,,43,0,0,1,in,susu protein eneg,2026-05-13T14:21:29.276491,twitter
1946921699188081010,"Orang order whey protein, komplain karena menggumpal dan bikin dia eneg minumnya. Pas dikirim balik, dites normal aja. Ga menggumpal.

Whey protein klo kena air dingin atau panas pasti gumpal, beda dengan susu. Klo beli whey protein tapi bisa diseduh air panas malah curiga.",Sun Jul 20 13:14:39 +0000 2025,,,194,0,0,1,in,susu protein eneg,2026-05-13T14:21:29.276502,twitter
1944724965313630464,@aliennrss Aku bakal pilih susu protein karena diri ini susaaahhh banget menuhin protein harian dan gampang eneg sama makanan hehe,Mon Jul 14 11:45:37 +0000 2025,,,670,0,0,1,in,susu protein eneg,2026-05-13T14:21:29.276512,twitter
1943261991105343865,"Lebih memilih bikinin es krim coklat buat Hau, meskipun tentu lebih mahal karena pakai whipping cream cair, 2 kuning telur, susu, DCC, coklat bubuk, dan gula 1,5 sdm.
Nggak zonk, enak kok, nyoklat tapi nggak eneg. Tentu high calorie high protein less sugar.",Thu Jul 10 10:52:17 +0000 2025,,,515,0,0,1,in,susu protein eneg,2026-05-13T14:21:29.276525,twitter
1905578947368419666,"Kue Kering Emping Keju

200gr tepung terigu 
100gr emping melinjo
200gr gula halus
100gr margarin protein tinggi
1 kuning telur
30gram tepung maizena
2sdm susu bubuk
1sdt vanili
 Oven di suhu 160c selama 25 menit 

Menurut aku ini resepnya udh pas dan tidak eneg❤️✨ https://t.co/PPwtUmUT94",Fri Mar 28 11:13:19 +0000 2025,,,356,1,0,1,in,susu protein eneg,2026-05-13T14:21:29.276535,twitter
1902370753535684709,"@kudakembali Suplemen? Usually i'll suggest creatine, udah cukup. Susu protein? 50:50 apalagi kalo bisa trigger acne.
Protein hewani &gt; nabati, bingung makan apa? Dada ayam, telur, daging sapi, udang. Banyak variasinya, cuma kalo aku prefer dada ayam. Eneg? Yes, tapi demi badan, telen aja.",Wed Mar 19 14:45:06 +0000 2025,,,3316,0,0,1,in,susu protein eneg,2026-05-13T14:21:29.276546,twitter
1878742727942451378,"@rinprn7 HAHAHA MASALAHNYA KADANG DICAMPUR SUSU ATAU KOKOA PROTEIN GITU KAK, MALAH DITAMBAH DADA AYAM REBUS, DAMNNNN ITU ENEG BNGT, AKU MENDING DIMASAK BIASA AJA DARIPADA DI JUS😔😔",Mon Jan 13 09:55:46 +0000 2025,,,346,0,0,1,in,susu protein eneg,2026-05-13T14:21:29.276556,twitter
1876253302708679107,"@baizhoi @tanyarlfes knp harus bgt ada susu sih 😅 misal susunya diminum duluan, abs itu ga kemakan deh nasi sama lauknya karna udh eneg minum susu 😅 ga semua perut tahan minum susu 😅 mending diganti pake protein lain",Mon Jan 06 13:03:41 +0000 2025,,,585,0,0,1,in,susu protein eneg,2026-05-13T14:21:29.276564,twitter
1874496023252627668,Dah lama ga minum susu protein. Agak eneg jg y,Wed Jan 01 16:40:53 +0000 2025,,,697,0,0,1,in,susu protein eneg,2026-05-13T14:21:29.276573,twitter
1861196580843594218,"Sehari makan 7 telur udah eneg, temen nyaranin makan 10 telur sama dada ayam 2 biar ga ngstuck + dua kali minum susu protein.",Mon Nov 25 23:53:38 +0000 2024,,,769,0,0,0,in,susu protein eneg,2026-05-13T14:21:32.708362,twitter
1860317075153314231,@fibrianti13 @prophetofzorck Tambah whey protein atau susu vanilla biar ga eneg dan rasa ayamnya ga terlalu menonjol..,Sat Nov 23 13:38:48 +0000 2024,,,377,0,0,0,in,susu protein eneg,2026-05-13T14:21:32.708393,twitter
1858536156159431109,"@kurakuraina @tanyarlfes Yupss.. Perhari.. 
Misal makan 4 butir telur, 1 dada ayam, 50gr dari susu.. 
Itu dah mayan tuh ±100gr..

Emang beratnya disitu sih kudu bener2 ngitung.. dan part tersukit nih disini, bulkingnya ini.. kadang sampe eneg mo muntah, soalnya protein bikin eneg..",Mon Nov 18 15:42:04 +0000 2024,,,6727,12,1,2,in,susu protein eneg,2026-05-13T14:21:32.708397,twitter
1848011561346208060,plss knp susu protein kentel bgt malah bikin eneg 🤢,Sun Oct 20 14:41:05 +0000 2024,,,91,0,0,0,in,susu protein eneg,2026-05-13T14:21:32.708401,twitter
1839689678146126131,@hrvp_ Hmm menarik juga. Beberapa kali liat temenku ngejus dada campur susu protein gitu. Kepo rasanya tapi aku tau kayaknya aku bakal mual eneg wkwk 😭,Fri Sep 27 15:32:53 +0000 2024,,,3239,0,0,1,in,susu protein eneg,2026-05-13T14:21:32.708405,twitter
1836352268586955200,Gw kira susu whey protein bakal se-eneg itu ternyata sama kyk susu biasanya,Wed Sep 18 10:31:13 +0000 2024,,,306,0,0,0,in,susu protein eneg,2026-05-13T14:21:32.708410,twitter
1835366110973341838,"@Sigmahalim @Helbr4m_integer @tham878 Practicality &amp; quality om, makan ikan kembung 2 aja eneg apalagi lebih.. Susu cukup diteguk dpt protein, ditambah asupan makanan, misal telur atau tahu tempe, akan tercukupi kebutuhan protein. Protes kalau dikasih susu gula ky di Amrik, ini susu protein ikan kan lebih bagus 😅",Sun Sep 15 17:12:34 +0000 2024,,,1,0,0,1,in,susu protein eneg,2026-05-13T14:21:32.708414,twitter
1810651098275086398,susu apa yang high protein selain L-Men? udah gumoh minum itu rasanya eneg,Tue Jul 09 12:23:56 +0000 2024,,,519,0,0,1,in,susu protein eneg,2026-05-13T14:21:32.708418,twitter
1799980357963702758,"@isxthar Jawabannya mungkin bakal menjawab langsung karena untuk gemukin badan, beda cara tergantung badannya. 

1. Cek density makanan dulu, siapa tahu kualitas nya kurang tepat; 2. Cek metabolisme dari aktivitas dll; 3. Dibuatkan rencana makan, sesuai hasil keduanya td. 

Tp secara",Mon Jun 10 01:42:14 +0000 2024,,,29635,152,30,7,in,susu protein eneg,2026-05-13T14:21:32.708422,twitter
1793228929723187204,@angelarissa_ Bikin eneg ga kak rasanya? Soalnya susu protein,Wed May 22 10:34:28 +0000 2024,,,1656,0,0,0,in,susu protein eneg,2026-05-13T14:21:32.708425,twitter
1789679772488135066,"@diethingy 4pasang yah maksudnya, eneg deh drpd kyk temen gue, dada ayam dibikin jus 🥲. Mending susu protein",Sun May 12 15:31:23 +0000 2024,,,19,0,0,0,in,susu protein eneg,2026-05-13T14:21:32.708434,twitter
1776906778040529062,mungkin saking seringnya gw minum susu protein yg rasa vanilla itu gw jadi eneg. soalnya tiap minum susu itu gw hoek hoek 😭,Sun Apr 07 09:36:03 +0000 2024,,,702,0,0,1,in,susu protein eneg,2026-05-13T14:21:32.708437,twitter
1772944098929914163,"@jogmfs Nggak harus kalo makannya udah banyak konsumsi protein. Tapikan biasanya eneg ya kl makan protein banyak2, nah solusinya ya pake susu protein biar praktis.
Kalo mau ada otot, baiknya banyakin strength workout nya, nder. Yoga nya buat recovery aj, soalnya yoga gk akan bentuk otot.",Wed Mar 27 11:09:47 +0000 2024,,,231,0,0,0,in,susu protein eneg,2026-05-13T14:21:32.708440,twitter
1768565285148340270,"@pwettygirle @tanyakanrl Sepertinya gitu ya kak
Konsepnya mirip sama susu protein harus dibarengin olahraga yang pas dan pola makan yang teratur 😞 mana dia tuh kentel dan manis banget jdi eneg",Fri Mar 15 09:09:56 +0000 2024,,,150,0,0,0,in,susu protein eneg,2026-05-13T14:21:32.708444,twitter
1767892233720881562,"@diethingy Sahur itu sebaiknya konsumsi sesuatu ya Nder, ga mesti makan yg berat², bisa susu protein, mam protein atau serat kaya buah klo memang eneg, mam Karbo kompleks kaya jagung rebus, ubi rebus, oatmeal, kentang rebus, tambah protein kaya telur, tahu tempe juga bisa.",Wed Mar 13 12:35:29 +0000 2024,,,243,0,0,0,in,susu protein eneg,2026-05-13T14:21:32.708447,twitter
1757983486718455832,Sangking eneg  ayam2 dl jijik bngt sm lemak ayam..jmn kecil jd milih2 mkan.Pdhl protein melimpah tp gw milih minum susu ga doyan makan ..ya namany sm eyang2 ya kaya princess ..gw mau durian aja itu besoknya dibawain duren seember yha udah dibuka itu duren gw tinggal makan haha,Thu Feb 15 04:21:39 +0000 2024,,,4104,0,0,0,in,susu protein eneg,2026-05-13T14:21:32.708450,twitter
1754490060685422912,"diet! ges kalau susu protein gtu kan biasanya ada busanya ya, nah sender eneg banget minum kalau busanya gtu, biasanya sender buang, di busanya tu ada protein juga kah?😭😭 makasi, kalau ada proteinnya ga sender buang lagi😭",Mon Feb 05 13:00:01 +0000 2024,,,276769,0,0,1,in,susu protein eneg,2026-05-13T14:21:32.708454,twitter
1753392483445449126,"bulan lalu kontrol bb ku 55,6kg
hari ini disuruh nimbang sm ibu, bb ku 56,8kg

dimarahin krn makannya dikit.
pdhl aku udh makan 4-5x sehari dan itu buah sayur protein karbo gizi seimbang + vitamin blekmorz yg gede bgt

sdg dlm proses memaksaku minum susu hamil pdhl aku eneg bgttt",Fri Feb 02 12:18:39 +0000 2024,,,312,0,0,0,in,susu protein eneg,2026-05-13T14:21:32.708457,twitter
1741653385684881827,"@ohmybeautybank Sorry oot guys. Mo minta saran dong whey protein yg gak bikin eneg, soalnya akuu kalau minum susu/yg ada kandungan susu suka muall:((",Mon Jan 01 02:51:40 +0000 2024,,,35,0,0,1,in,susu protein eneg,2026-05-13T14:21:32.708460,twitter
1735153116247666871,susu protein eneg bgt brother what r u on actually,Thu Dec 14 04:21:55 +0000 2023,,,756,0,0,1,en,susu protein eneg,2026-05-13T14:21:32.708464,twitter
1719660812024107308,SEGO GORENG FAVKU PISAN PLEASE AK MAU MAKAN ENAK WES ENEG MAEM SUSU PROTEIN DAN KRIM SUP INSTAN CAIR IKU,Wed Nov 01 10:21:01 +0000 2023,,,470,0,0,0,in,susu protein eneg,2026-05-13T14:21:36.898146,twitter
1717767249334006023,"@FOODFESS2 KEK ya ndeeer, bumil? Mayan sekali itu 😂
Susu hamil yg dari puskesmas juga enak tuh, gak eneg kayak yg beli2 di luar. Kalo KEK biasanya dikasih banyakan, ada tambahan suplemen protein juga yg creamyy.",Fri Oct 27 04:56:41 +0000 2023,,,183,0,0,0,in,susu protein eneg,2026-05-13T14:21:36.898165,twitter
1704379834770784352,"@diethingy Minum susu protein sih, tp saranku yg ada rasanya soalnya aku kalo yg iri gitu eneg wkwk",Wed Sep 20 06:19:53 +0000 2023,,,8940,0,0,0,in,susu protein eneg,2026-05-13T14:21:36.898169,twitter
1663736961956446209,"Ini salah satu susu tinggi kalori &amp; protein rekomendasi gw

1x minum sekitar 500 kalori &amp; 15gr protein, jadi setara 4 gelas susu biasa / 1x makan besar.

biasa gw makan 3x &amp; minum susu 2x.

Pricingnya cukup murah di 14.500 / 1x minum &amp; enak ga bikin eneg https://t.co/bUFwcmyMZS",Wed May 31 02:39:37 +0000 2023,,,123,9,0,0,in,susu protein eneg,2026-05-13T14:21:36.898172,twitter
1663586410853732353,"@yedamlife @tanyakanrl Kalo saya nggak dikasih susu tapi yang penting ada protein dan sayur itu sudah cukup, cheat day nya hanya minta nasi + mie tapi nggak boleh tiap hari, karena eneg juga",Tue May 30 16:41:22 +0000 2023,,,189,0,0,0,in,susu protein eneg,2026-05-13T14:21:36.898175,twitter
1649812428635639809,"@telyufess Makan sehari 3-4 kali (banyakin protein), sehari mam 2 alpukat, malemnya minum susu full cream, olahraganya angkat beban. Waktu itu aku rutin kayak gitu sebulan naik 5 kg, tp abis itu udahan soalnya eneg sendiri 😃👍🏽",Sat Apr 22 16:28:29 +0000 2023,,,53,0,0,0,in,susu protein eneg,2026-05-13T14:21:36.898177,twitter
1644467451080613888,"@FFOODFESS Kalo aku ganti nasi pake bubur polos pas awal2 tp karna makan itu 3x sehari akhirnya eneg jg dan jadi sekarang minum Energen aja soalnya aku jg kurang cocok sm susu hamil.
Terus aku jg stock Fitbar sm Soyjoy buat serat sm protein nabati nya. Semangat semangat!",Fri Apr 07 22:29:27 +0000 2023,,,327,0,0,0,in,susu protein eneg,2026-05-13T14:21:36.898180,twitter
1633459643291951111,"@resthir Aku sukaaa cokelatnya ga eneg kek cokelat susu gitu.. jadi ga bikin mual basiannya. Ayooo buka kak!

Dia jenisnya ada 2 aku baru tau😅 realmeals sama realpro. Yang realpro lebih fokus ke protein kayaknya. Tar aku coba deh😆",Wed Mar 08 13:28:21 +0000 2023,,,23242,0,0,1,in,susu protein eneg,2026-05-13T14:21:36.898183,twitter
1613339303916212224,"Racikan enyak protein shake stroberi tu emang setengah gelas air putih+satu gelas susu+satu sendok protein. 
Gak eneg gak terlalu manis enyaak 🤤",Thu Jan 12 00:57:19 +0000 2023,,,375,0,0,1,in,susu protein eneg,2026-05-13T14:21:36.898197,twitter
1610757504941838336,"Di indo banyak waktu buat olahraga, tapi mau beli susu protein mahal, duit bokek, jadinya makan dada ayam sampe eneg.

Di aussie, semua makanan tinggi protein, harganya murah, tapi gaada waktu buat olahraga. Suekkk",Wed Jan 04 21:58:10 +0000 2023,,,15493,0,0,0,in,susu protein eneg,2026-05-13T14:21:36.898200,twitter
1604755500415201280,Ada ga si protein shake yang rasanya kaya nutrisari? Jujur abid workout minum rasa rasa susu vanilla/coklat bikin eneg and not at all refreshing,Mon Dec 19 08:28:20 +0000 2022,,,4211,0,0,0,in,susu protein eneg,2026-05-13T14:21:36.898203,twitter
1599616422971584513,@crazyagassi @KimKyuShoyo @missbluebell3 @sdenta Huhu jadi inget aku dulu gini. Sama dokter diresepin susu tinggi protein. Trus aku makan telur sama es krim teruss sampai eneg.,Mon Dec 05 04:07:29 +0000 2022,,,447,0,0,2,in,susu protein eneg,2026-05-13T14:21:36.898206,twitter
1599329431927291904,"Sini sini yang mau tau lebih lengkap tentang #InstantKindness dari KIN Sterilized Milk: 

💙 Terbuat hanya dari Susu Sapi A2
💙 Mengandung hanya Protein A2 
💙 Lebih ramah bagi pencernaan
💙 Ga bikin eneg, ga bikin kembung https://t.co/xYtKSQQ2om",Sun Dec 04 09:07:05 +0000 2022,,,55,0,0,1,in,susu protein eneg,2026-05-13T14:21:36.898209,twitter
1595763632528592896,"Cari alternatif protein nabati? Selain tahu tempe dan kacang kacangan yang diolah dan gue konsumsi di warteg, monmaap aku males effort cari cari alternatif lain. Udah coba minum susu yang bisa gain mass juga, kalau sesuai saran penyajain, wooww eneg saayy.",Thu Nov 24 12:57:52 +0000 2022,,,1271,0,0,1,in,susu protein eneg,2026-05-13T14:21:36.898212,twitter
1590975680996855808,"Rasa susu yang lebih natural, struktur Protein A2 nya lebih terjaga dan ga bikin eneg serta kembung, bikin rasa &amp; tampilan kopimu Ma-KIN Premium deh! 😜

Anyway, KIN hadir di Jakarta Coffee Week (@jktcoffeeweek) 11-13 November di City Hall PIM 3 loh! https://t.co/QOd6nzIhEq",Fri Nov 11 07:52:15 +0000 2022,,,55,0,0,1,in,susu protein eneg,2026-05-13T14:21:36.898215,twitter
1588751246738935808,"diet! Aku eneg banget sama susu kalo cium baunya pusing banget, ada ga ya minuman protein yang rasanya dark coklat dan ga begitu manis? Soalnya kalo dari segi makanan aja protein ku jauh banget jadi butuh tambahan protein",Sat Nov 05 04:33:09 +0000 2022,,,276769,2,1,5,in,susu protein eneg,2026-05-13T14:21:36.898218,twitter
1585938034519789568,"@ohmybeautybank Mending conditioning kebiasaan makan sendiri biar bisa tambah porsi tanpa eneg

Gue pribadi ga cocok minum susu, jadi ya banyakin ke makan aja. Kalo bubuk2an mending langsung neli protein powder biar digado jadi smoothie &amp; lebih kenyang.",Fri Oct 28 10:14:27 +0000 2022,,,599,0,0,0,in,susu protein eneg,2026-05-13T14:21:36.898234,twitter
1569973207666667520,Kenapa kamu suka protein dari aku? padahal tiap aku minum susu protein langsung eneg :'),Wed Sep 14 08:55:56 +0000 2022,,,59189,0,0,3,in,susu protein eneg,2026-05-13T14:21:36.898237,twitter
1551197437104050176,"Jus tomat + wortel tanpa gula dikasih susu protein kenapa rasanya eneg 🥹🥹
Salutt bgtt sm orang"" yg doyan makan sayur or dada ayam d blend sm protein shake 🥹🥹👍👍 https://t.co/lfCnQynlvP",Sun Jul 24 13:27:43 +0000 2022,,,413,0,0,2,in,susu protein eneg,2026-05-13T14:21:36.898240,twitter
1540936295773442048,"baru nyobain whey protein nya puro rasa strawvery yoghurt, aaaaaaakkkk enakkkk!!! ga eneg kyk susu protein yg biasa rasa coklat:’ https://t.co/aCQOsEuEYc",Sun Jun 26 05:53:36 +0000 2022,,,854,2,0,0,in,susu protein eneg,2026-05-13T14:21:36.898243,twitter
1539121229852217344,"Dan hari ini saya nyerah..
udah eneg banget makan dada ayam mulu setiap hari 😭😖
mau ganti protein ke susu, takut jerawat punggung lagi 🥺",Tue Jun 21 05:41:11 +0000 2022,,,44,0,0,0,in,susu protein eneg,2026-05-13T14:21:39.047599,twitter
1533420936233648128,"Mangga, oat, protein powder, peanut butter, susu. Enakkkk gak bikin eneg kayak kemarin",Sun Jun 05 12:10:15 +0000 2022,,,182,0,0,0,in,susu protein eneg,2026-05-13T14:21:39.047618,twitter
1531827393370869760,Susu pengurang mual yang aku minum adalah “Prenagen Emesis” rasa vanilla delight. Sangat enak dan tidak eneg. Cukup mengurangi rasa mualku krn mengandung B6 dan protein tinggi dan yg pasti menambah asupan nutrisi. Sayangnya kandungan lipidnya tidak selengkap Anmum yg disertai GA.,Wed Jun 01 02:38:05 +0000 2022,,,211,0,0,1,in,susu protein eneg,2026-05-13T14:21:39.047623,twitter
1530589482348519424,@livingtofuu susu protein bikin eneg :(,Sat May 28 16:39:04 +0000 2022,,,1036,0,0,0,in,susu protein eneg,2026-05-13T14:21:39.047628,twitter
1527251103368478720,"@dahldahel Aku nyoba minum susu protein punya ade aku aja eneg, gimana makan ya hm",Thu May 19 11:33:32 +0000 2022,,,41,0,0,1,in,susu protein eneg,2026-05-13T14:21:39.047632,twitter
1523673774490779648,@RetiagoDrago Duh mumet mas penjelasanmu tp nuwun bgt jd tercerahkan. Saya jg kalau cari susu UHT yg kandungan protein tinggi untuk pertumbuhan anak saya... cimory jg kesukaan anak saya krn ngga eneg,Mon May 09 14:38:30 +0000 2022,,,521,0,0,0,in,susu protein eneg,2026-05-13T14:21:39.047637,twitter
1517538829963460608,"ini eating disorder ga si, soalnya makan mulu ggra bb ga naik"", body dysphoria juga krn kok ga ada perubahan signifikan lagi, kek stuck gitu, trus maksain diri minum susu protein terus walau rasanya ga enak dan sllu bikin eneg kek mo muntah :(((",Fri Apr 22 16:20:26 +0000 2022,,,1036,0,1,0,in,susu protein eneg,2026-05-13T14:21:39.047641,twitter
1493061323827335168,Ngeblend susu protein rasa vanilla di campur pisang 1. Kok jadi eneg sic.,Mon Feb 14 03:15:33 +0000 2022,,,795,0,0,0,in,susu protein eneg,2026-05-13T14:21:39.047645,twitter
1478662489470496768,"Anda tak perlu ragu dengan kandungan gizi Susu Kental Manis Cap Enaak. Selain rasanya yang tidak eneg, Cap Enaak juga diperkaya dengan Protein, Vitamin A, B1 dan D3.",Wed Jan 05 09:39:44 +0000 2022,,,554,0,0,1,in,susu protein eneg,2026-05-13T14:21:39.047649,twitter
1473580392682692617,Ternyata minum susu protein gak boleh di gas 2 sachet dalam satu botol. Eneg…..,Wed Dec 22 09:05:18 +0000 2021,,,254,0,0,0,in,susu protein eneg,2026-05-13T14:21:39.047653,twitter
1470027246542880768,"susu protein ini emg rasanya sesuai harga, klo murah yaa kadang enak kadang eneg, klo mahal varian rasanya banyak + enak",Sun Dec 12 13:46:22 +0000 2021,,,271,0,0,0,in,susu protein eneg,2026-05-13T14:21:39.047657,twitter
1449590287106334723,"@kochenkkk_ @ohmybeautybank Susu apapun bisa kok kalo kamu eneg susu dancow,coba yg full krim ato gk makan yg banyak protein terus banyakin tidur",Sun Oct 17 04:17:11 +0000 2021,,,134,0,0,0,in,susu protein eneg,2026-05-13T14:21:39.047661,twitter
1416693339613634568,"@ainayed Aku trauma sm susu kedele, dulu pas anakku sakit, krn stress aku ga bisa produksi ASI byk, sedangkan anakku ga boleh minum sufor. Segala macem cara dilakukan termasuk minum protein dari susu kedele, biarpun eneg hrs minum tiap hari demi anak. Skrg kalo liat itu bawaannya nangis",Sun Jul 18 09:36:27 +0000 2021,,,219,0,0,0,in,susu protein eneg,2026-05-13T14:21:39.047665,twitter
1400925919246577664,@winajunns Winae coba tanyain ke dokternya boleh minum susu whey protein engga. Biar ga eneg makan putih telur.,Fri Jun 04 21:22:21 +0000 2021,,,452,0,0,1,in,susu protein eneg,2026-05-13T14:21:39.047669,twitter
1387957093534093313,"@firdaasm Kalo eneg, yg penting sih putih nya ttp 6-8, kuningnya bisa 2 aja. Biar ga naik kolesterol

Sama susu tinggi protein 3x sehari dun. dea pake peptisol selang seling nutrican yang gula nya lebih rendah, pokonya diliat aja komposisi yg proteinnya lebih banayk

Smoga membantuu heheh",Fri Apr 30 02:28:52 +0000 2021,,,316,0,0,1,in,susu protein eneg,2026-05-13T14:21:39.047673,twitter
1374617583148691457,"Dasar gw anak ITP gadungan. Ya whey itu protein susu lah.

Curd jadi keju, whey bagian cairnya.

(baru inget pas minum, kok rasanya susu amat. Udah tambah kopi gak ngaruh)

Eneg",Wed Mar 24 07:02:25 +0000 2021,,,348,0,0,1,in,susu protein eneg,2026-05-13T14:21:39.047676,twitter
1365707942490640385,"Sudah makan banyak, sudah nyemil banyak, sudah minum susu protein juga sampe eneg, sudah mengurangi cardio bahkan sudah cek darah dll

Hmm jangan lupakan genetik nak
Goalsku biar gak underweight aja wes",Sat Feb 27 16:58:41 +0000 2021,,,511,0,0,2,in,susu protein eneg,2026-05-13T14:21:39.047680,twitter
1346331982465142784,"@Paperb0ys awalnya aku pun pengen beli nitro tech tapi takut keulang lagi eneg nya sama anehnya susu protein.
dari pada nyoba nyoba yg lain mending beli yg udah tau rasanya aja deh aku 😂",Tue Jan 05 05:45:32 +0000 2021,,,995,0,0,0,in,susu protein eneg,2026-05-13T14:21:39.047685,twitter
1345988662652149760,"@ohmybeautybank aku pagi jus apel tanpa gula/apel potong
siang kentang rebus kasi garam dikiiiittt kadang diganti kecap/saos
malam susu soya, aku eneg kalo cuma susu protein",Mon Jan 04 07:01:19 +0000 2021,,,231,0,0,1,in,susu protein eneg,2026-05-13T14:21:39.047689,twitter
1323271574657495040,@yatapikan Coba beli putih telor kiloan. Untuk muscle gain 2g protein x bobot sekarang/hari. 1ons putih telur itu 11g protein. Lebih murah daripada susu protein (tapi yha eneg).,Mon Nov 02 14:31:43 +0000 2020,,,1982,0,0,0,in,susu protein eneg,2026-05-13T14:21:39.047693,twitter
1318170788608974848,"@hohehohahi sumpah gasuka, eneg 😭
kan gw sempet alergi protein tuh pas kecil, ga boleh minum susu sapi. jadi minumnya susu kedelai

skrg sih udh sembuh, tapi tetep eneg kalo minum susu(mau kedelai apa sapi, semuanya bikin eneg)",Mon Oct 19 12:43:01 +0000 2020,,,50,0,0,1,in,susu protein eneg,2026-05-13T14:21:41.705084,twitter
1317815701617324032,"@blushinglilac Susu tawar aja kalo eneg, kalo abis olahraga butuh asupan protein biar ga njarem. Jarang olahraga pasti nih ye 🤣",Sun Oct 18 13:12:01 +0000 2020,,,440,0,0,1,in,susu protein eneg,2026-05-13T14:21:41.705109,twitter
1306800520279912448,"@Pranjasnagya makanan yang ngandung protein mba gyyy kadang aja minum susunya itupun gonta ganti, kalo dah eneg minum susu di minumin air es :’’",Fri Sep 18 03:41:37 +0000 2020,,,373,0,0,1,in,susu protein eneg,2026-05-13T14:21:41.705114,twitter
1285210164048453632,"@FOOD_FESS Karbo sama protein yg seimbang. Kl karbo doang dagingnya ga padet malah basah, diabet juga. Penting rajin makan lauknya jg yg banyak. Makan daging/tempe penting ada proteinnya. Kl ga minum dancow susu coklat buatku ga eneg kok. Minum tiap bangun sama mau tidur",Mon Jul 20 13:49:15 +0000 2020,,,227,0,0,0,in,susu protein eneg,2026-05-13T14:21:41.705119,twitter
1270730118990671872,@VBsekarwidya @FOODFESS2 Setiap orng mungkin efeknya beda” tpi di aq ma adek ponakanku hasilnya gt. Kita punya nslah ma haid akhirnya minum susu ini drpda obat krna pas thun depannya mau nikah jg. Dan 2 bln minum ini haid mulai lancar. Tp aq cm minum 6 bln aj krna eneg. Gantinya mkanan tinggi protein.,Wed Jun 10 14:50:44 +0000 2020,,,434,2,0,1,in,susu protein eneg,2026-05-13T14:21:41.705123,twitter
1223751007957471232,Klo smoothiesnya mau pake susu: JANGAN PAKE LOW FAT MILK karena gulanya tinggi tenannnn. Pake almond milk aja atau soy milk (gw suka banget v-soy multi grain allahuakbarrr). Tapi kalo campur protein powder + susu itu jadi kentallll bgt. Hati2 eneg. Klo ga kuat kental pk air aja,Sat Feb 01 23:32:31 +0000 2020,,,229,2,0,1,in,susu protein eneg,2026-05-13T14:21:41.705128,twitter
1165138253781114880,"Start ur day with #wheyprotein
•
.
RSP True Fit, pecah banget rasanya. Enak dan ga bikin eneg, 24G of protein dan organic karena pake Grass Fed milk.
•
.
Biasanya, gue kalo minum susu protein langsung berasa panas… https://t.co/VDeKeGCblT",Sat Aug 24 05:46:21 +0000 2019,,,266,0,0,0,in,susu protein eneg,2026-05-13T14:21:41.705132,twitter
1151771085613883392,"Jangan lupa cobain OLATTE, minuman susu segar dr Korea dgn rasa buah mengandung protein yg gak bikin begah di perut &amp; eneg di tenggorokan dari  @olatte.indonesia ya! 

Olatte, minuman lembut yang ngebuat lo serasa terbang ke awan! #PramborsAds https://t.co/WnijocUdLO",Thu Jul 18 08:30:00 +0000 2019,,,1944402,9,2,0,in,susu protein eneg,2026-05-13T14:21:41.705137,twitter
1150303666106183681,"Jangan lupa cobain OLATTE, minuman susu segar dr Korea dgn rasa buah mengandung protein yg gak bikin begah di perut &amp; eneg di tenggorokan dari @olatte.indonesia ya! 

Olatte, minuman lembut yang ngebuat lo serasa terbang ke awan! #PramborsAds https://t.co/zENRwiAwVG",Sun Jul 14 07:19:00 +0000 2019,,,1944402,5,0,0,in,susu protein eneg,2026-05-13T14:21:41.705141,twitter
1149589257247436800,"Jangan lupa cobain OLATTE, minuman susu segar dr Korea dgn rasa buah mengandung protein yg gak bikin begah di perut &amp; eneg di tenggorokan dari @olatte.indonesia ya! 

Olatte, minuman lembut yang ngebuat lo serasa terbang ke awan! #PramborsAds https://t.co/rkDi1PgwW4",Fri Jul 12 08:00:11 +0000 2019,,,1944402,8,2,4,in,susu protein eneg,2026-05-13T14:21:41.705146,twitter
1148857134634950657,"Jangan lupa cobain OLATTE, minuman susu segar dr Korea dgn rasa buah mengandung protein yg gak bikin begah di perut &amp; eneg di tenggorokan dari @olatte.indonesia ya! 

Olatte, minuman lembut yang ngebuat lo serasa terbang ke awan! #PramborsAds https://t.co/g9wfr2Zt6y",Wed Jul 10 07:31:00 +0000 2019,,,1944402,6,2,0,in,susu protein eneg,2026-05-13T14:21:41.705150,twitter
1132952475982475265,"susu dari sapi A2 yang hanya mengandung Protein A2 yang lebih baik sehingga mudah dicerna dan nyaman di perut, nggak bikin eneg atau kembung. boleh banget diminum buat buka nih 🤗
https://t.co/XKaj8DzMED
@leylahana
 #AsiknyaTwiteran",Mon May 27 10:11:34 +0000 2019,,,30462,0,1,0,in,susu protein eneg,2026-05-13T14:21:41.705154,twitter
1119843204101107713,"Sekarang ada yg Namanya Sapi A2 lho! Susu dari Sapi A2 ini mengandung protein yg lebih baik yaitu Protein A2, lebih mudah dicerna&amp;nyaman diperut! KIN Fresh Milk, pertama&amp;satu-satunya susu segar yg berasal dari 100% sapi A2, ga bikin eneg&amp;kembung. Selengkapnya di DR OZ hari ini!",Sun Apr 21 06:00:00 +0000 2019,,,4843043,14,0,0,in,susu protein eneg,2026-05-13T14:21:41.705161,twitter
1119495917621731328,"Merasa mual atau kembung setelah minum susu? Belum tentu kamu lactose intolerant loh! Bisa jadi tubuh kamu tdk bisa mencerna Protein A1. Minum KIN Fresh Milk,susu segar pertama di Indonesia yg berasal dari 100 % sapi A2, ngga bikin eneg&amp;kembung! Liat  selengkapnya di DR. OZ bsk!",Sat Apr 20 07:00:00 +0000 2019,,,4843043,14,1,0,in,susu protein eneg,2026-05-13T14:21:41.705168,twitter
1098098688038031360,"Lagi di coba sih, tapi belom rutin.
Baru minum 2x.

Etapi siapatau buat ayah bunda yg pengen menaikan berat badan buah hatinya bisa di coba.

Kalo kata om PT aqu dulu, jaman masih ngegym, minum susu protein itu bisa di campur buah biar gak eneg bgt ya, bunda.

Silahkan mencoba.",Wed Feb 20 05:55:03 +0000 2019,,,308,0,0,0,in,susu protein eneg,2026-05-13T14:21:41.705172,twitter
1098098682048573441,"Pas di liet, hmm mon maap ni kok untuk anak 1-12th ni yaa.

Buat satu botol ukuran 200ml harganya lumayan juga sih, satuannya 30rb.

Rasanya yaa kaya macem apeten, susu protein tinggi yg eneg tapi gak ada rasa zat besinya. Jadi masih lumayan. https://t.co/SDdHX1DimI",Wed Feb 20 05:55:02 +0000 2019,,,308,0,0,2,in,susu protein eneg,2026-05-13T14:21:41.705176,twitter
720400385379147777,"#TNT with @spartan_sehat 
Tips memilih susu whey protein yg bagus!

4. Pastiin memilih rasa susu yg kmu suka, biar kmu gak eneg

#CIPAGANTI",Wed Apr 13 23:56:50 +0000 2016,,,393141,1,0,0,in,susu protein eneg,2026-05-13T14:21:41.705180,twitter
532185527911317504,"@YunityasH don't make an excuse :p, susu tinggi protein dn rsanya eneg skli ._.",Tue Nov 11 14:58:12 +0000 2014,,,301,0,0,1,in,susu protein eneg,2026-05-13T14:21:41.705183,twitter
374342225389297664,ReallyRT @pnath: Ternyata oatmeal klo lgs di blend sama susu protein dan buah2an gak kerasa eneg ya. Asik...  ┐(´̯ ̮`̯)┌,Mon Sep 02 01:25:16 +0000 2013,,,48,0,0,1,in,susu protein eneg,2026-05-13T14:21:41.705187,twitter
374341389909114880,Ternyata oatmeal klo lgs di blend sama susu protein dan buah2an gak kerasa eneg ya. Asik...  ┐(´̯ ̮`̯)┌,Mon Sep 02 01:21:56 +0000 2013,,,472,1,0,0,in,susu protein eneg,2026-05-13T14:21:41.705191,twitter
2051090060796395799,"@afrkml Aku minum yang wpc-nya, gak ketelen ners😭 aku minum yang choco eclair tapi rasa coklatnya kayak aneh. 
sekarang aku konsumsi whey protein brand lain.",Mon May 04 00:02:32 +0000 2026,,,576,0,0,0,in,whey protein rasa aneh,2026-05-13T14:21:52.812159,twitter
1977692595511075034,Whey protein kalo di rasa rasa ga enak njir aneh,Mon Oct 13 11:07:13 +0000 2025,,,693,0,0,0,in,whey protein rasa aneh,2026-05-13T14:21:52.812185,twitter
1872651758360813685,"Udah kalau beli whey protein gak usah beli yang rasa aneh2, udah paling bener vanila coklat stroberi. Gw beli ONS cookies n cream rasanya aneh bgt asw. Apalah ada asin2nya ada getir2 tepungnya, ada pait2nya. Gajelas.",Fri Dec 27 14:32:26 +0000 2024,,,741,0,0,0,in,whey protein rasa aneh,2026-05-13T14:21:52.812192,twitter
1856951162010046826,"@bubblesuto Disini, ojok pilih yg original soale rasane aneh. Pilih yg ada rasa2nya, ini semua rasa low sugar ya (biar apik utk kesehatan), klu dirasa kurang manis bisa ditambahi gula dewe

https://t.co/cQ30SL4KdJ",Thu Nov 14 06:43:52 +0000 2024,,,851,0,0,0,in,whey protein rasa aneh,2026-05-13T14:21:52.812199,twitter
1781918121730977823,"Current favorite: whey protein unflavored! Ga ada bau aneh (kirain akan kayak bau collagen powder unflavored), rasa aneh ga ada di lidah sih — just plain. Gampang diblend.

Basic whey: Protein 25g, BCAA 6,7g.
No vit/ mineral dll jadi ya harga lebih ramah kantong. https://t.co/eGijcx7hIn",Sun Apr 21 05:29:21 +0000 2024,,,1402,0,0,0,in,whey protein rasa aneh,2026-05-13T14:21:52.812205,twitter
1665718915203313665,Lah enak banget ni whey protein padahal plain... malah rasa cokelatnya yang aneh,Mon Jun 05 13:55:11 +0000 2023,,,268,0,0,0,in,whey protein rasa aneh,2026-05-13T14:21:52.812210,twitter
1382692179768979459,SUMPAH WKWKWKW rasa whey aneh banget tp selama 3 hari puasa ini kebutuhan protein jelek banget jd mau gamau minum whey,Thu Apr 15 13:47:59 +0000 2021,,,23,0,0,0,in,whey protein rasa aneh,2026-05-13T14:21:52.812215,twitter
1984879901410017485,"Setahun ngegym hanya mengandalkan real food dan baru kali ini ngerasaain whey protein rasanya enek banget, padahal terhitungnya aku sweet tooth yg suka makanan atau minuman manis dan creamy",Sun Nov 02 07:07:00 +0000 2025,,,452,0,0,0,in,minuman protein enek,2026-05-13T14:23:22.284102,twitter
1973573756657476029,"Ga pernah suka sama minuman tipe ini, tp emang butuh bgt protein tambahan. Kalau makan tuh enek dan capek. Pas cari-cari, ini cukup murah dan sesuai yg dibutuhkan. Dari 2 rasa honey banana dan chocolate soul, lebih suka chocolate soul. 

https://t.co/YNbskLjWtO",Thu Oct 02 02:20:25 +0000 2025,,,18,0,0,0,in,minuman protein enek,2026-05-13T14:23:22.284121,twitter
1917113739108925690,"Minuman protein selain xpose, meskipun tawar tetep enak dan gak enek, klo di pakein gula kayak dawet jir😒 https://t.co/rFMxmI4u5H",Tue Apr 29 07:08:28 +0000 2025,,,314,0,0,0,in,minuman protein enek,2026-05-13T14:23:22.284126,twitter
1724271854121062677,@984_goldyck_237 Correct ! Kalo ngga dicoba tanpa campuran apapun dulu aja soalnya ada yg enek kalo baru pertama kali nyoba minuman protein,Tue Nov 14 03:43:40 +0000 2023,,,812,0,0,0,in,minuman protein enek,2026-05-13T14:23:22.284129,twitter
1602214447233531904,"@AyuArisandi @pulutmonggo @aan__ aku orang yang diet tr90. post program pun aku jadi punya kebiasaan  nggak makan gorengam, lebih seneng makan protein, dan ngak suka manis (minuman kek boba atau bahkan esteh pakek gula normal aja aku udah enek kemanisan)",Mon Dec 12 08:11:06 +0000 2022,,,307,0,0,1,in,minuman protein enek,2026-05-13T14:23:22.284133,twitter
1248573473456177155,"Minuman tinggi protein :
1. Pisang jgn terlalu mateng
2. Putih telur bebas berapa biji sekuatnya
3. Madu biar ada rasanya aja
4. Protein powder
Biar ga enek pakein kacang ijo.
Selamat muntah kawan 💩 https://t.co/cs3tZHYQE2",Fri Apr 10 11:28:08 +0000 2020,,,582,2,1,2,in,minuman protein enek,2026-05-13T14:23:22.284137,twitter
2043039876116095463,"cut gula juga (tp ga strict kyknya ya gtau lupa). soalnya asupan manisnya udah dari ubi dan protein whey+pisang frozen+susu ituuu diblender jd kayak milkshake enak bgttt. whey nya aku yg isolate &amp; vegan, susunya pake oat milk atau almond milk",Sat Apr 11 18:53:58 +0000 2026,,,198,0,0,1,in,whey protein ga enak,2026-05-13T14:24:48.100844,twitter
2041713131534385187,"Bentuknya jelek tapi rasanya enak. Ga bantet, fluffy, ga seret. Pake tepung gluten free dan tepung almond, susu kedelai, olive oil, whey protein powder rasa vanilla, telur, baking powder dll. https://t.co/cA6AA66x45",Wed Apr 08 03:01:58 +0000 2026,,,242,0,0,0,in,whey protein ga enak,2026-05-13T14:24:48.100906,twitter
2039607203070681519,@coastalreverb betulll bbyy lebih pure protein nya but ga enak si jujurr rasanya kalo minum whey nya doang,Thu Apr 02 07:33:45 +0000 2026,,,10488,0,0,0,in,whey protein ga enak,2026-05-13T14:24:48.100915,twitter
2038956625688719734,whey protein emang ga enak????? kayak ngededel gitu ditenggorokan,Tue Mar 31 12:28:36 +0000 2026,,,2373,1,0,0,in,whey protein ga enak,2026-05-13T14:24:48.100921,twitter
2038471175668666702,"Gym: celfit 550/ FTL 620 (lagi compare buat 3 bulan enakan mana)
Kadang CrossFit 100/ visit di bdg

Protein + meal: 3 jutaan (exclude weekend makan diluar)

Whey: ga pake

Creatine: ga pake

Vitamin: cuma minum kalo badan ga enak

Coffee: 300an, ngopi kalo kurang mood di gym",Mon Mar 30 04:19:35 +0000 2026,,,9983,28,2,5,in,whey protein ga enak,2026-05-13T14:24:48.100927,twitter
2026990182285877423,"tadi saur chia pudding yogurt + pepes tahu + telur dadar bocah yg ga abis.. buka lsg minum psyllium husk + whey protein + whey hasil saring yogurt..

kenyang nya enak ternyata, ga kek blenek kepenuhan",Thu Feb 26 11:58:13 +0000 2026,,,469,0,0,1,in,whey protein ga enak,2026-05-13T14:24:48.100932,twitter
2024523517744861372,"gimana sih caranya minum whey protein biar ga mual?? sumpah udh dikasih sugesti ""ini enak.. ini enak"" tapi tetep aja ngga mempan 😫

kaya badannya nolak sendiri, alhasil tiap abis minum itu pengen muntah terus😭",Thu Feb 19 16:36:35 +0000 2026,,,1051,0,0,2,in,whey protein ga enak,2026-05-13T14:24:48.100945,twitter
2021195299532972488,"Usaha buat menggendutkan badan biar ga di bodyshaming terus sama cowo inisial G itu 😤
I love my body, sejujurnya minum ini biar semangat ngegym juga sih. Coba ini dlu ga langsung yg bener2 whey protein 30%. Ini enak ga manis tp nyoklat. Dibikin santai minumnya ekwk https://t.co/OJpKQBZi4E",Tue Feb 10 12:11:26 +0000 2026,,,0,0,0,0,in,whey protein ga enak,2026-05-13T14:24:48.100950,twitter
2012704430475362540,"@slythheryn gainer itu biasanya enak kok, legit ky susu pd umumnya (ga kaya rasa muntahan ky whey protein), klo susu supplement biasanya aku pake merk puro or provus. Cm kalo cr yg lebih affordable ya rimba jg udah ok🤣🤣",Sun Jan 18 01:51:45 +0000 2026,,,2167,0,0,0,in,whey protein ga enak,2026-05-13T14:24:48.100955,twitter
1990442826854015128,"hari ini baru nyobain jus whey protein + creatine + pisang, dan trnyata? lebih enak dan ga eneg. karena dia jadinya well blended gt kali ya jadi ga menggumpal dan ga 🤢",Mon Nov 17 15:32:05 +0000 2025,,,52,0,0,1,in,whey protein ga enak,2026-05-13T14:24:48.100960,twitter
1972829996634034409,"Gw pikir soy protein yg murah2 itu emang ga enak, tapi setidaknya bisa gw habisin 1 porsi dengan stevia 3 tetes; Ga enak tapi HEMAT kalo dibanding whey protein enak yang harganya bisa 200rb+",Tue Sep 30 01:04:59 +0000 2025,,,6950,4,0,1,in,whey protein ga enak,2026-05-13T14:24:48.100970,twitter
1964916401757622367,@Dewriel Sini co Whey dri bawah Indo aja ad variant vegan dan kyknya jg ad yg free lactose klo ga slh plus ad protein water yg jauh lbh enak tanpa rasa susu 😁😆,Mon Sep 08 04:59:11 +0000 2025,,,472,1,0,1,in,whey protein ga enak,2026-05-13T14:24:48.100975,twitter
1953301271860883746,"ga expect whey protein strawberry smoothie bakal se ENAK ini, kyk… lezat👌🏻",Thu Aug 07 03:44:48 +0000 2025,,,11822,25,0,5,in,whey protein ga enak,2026-05-13T14:24:48.100980,twitter
1949782615877460121,"tiap hari makan dada ayam rebus + whey protein, sekalinya makan seblak + pop ice ENAK BGT ANJIR (tp ga sehat)",Mon Jul 28 10:42:55 +0000 2025,,,110,0,0,1,in,whey protein ga enak,2026-05-13T14:24:48.100984,twitter
1949383888696234341,"WHEY PROTEIN

Muscle First Pro Isolate Box ✨️

Bakal beralih ke muscle first sihh.. emang lebih mahal, tapi enak, ga rasa sintetis, dan komposisinya lebih oke, protein 27g, kalori 140. Banyak hadiahnya juga hehe

https://t.co/fkDIKhXlsj

#wheyprotein #gym #Shopee #racunshopee https://t.co/HwVf5WsHEJ",Sun Jul 27 08:18:31 +0000 2025,,,187,1,0,0,in,whey protein ga enak,2026-05-13T14:24:48.100992,twitter
1935021736568963165,"Bisa ga yah ga usah minum whey or makan dada ayam buat menuhin protein? 😭
Daging mahal tinggi kolesterol
Putih telor enek 🤢
Ikan enak tapi agak mahal dibandingin sama dada ayam

Probably this is the reason I cannot be a bodybuilder..",Tue Jun 17 17:08:27 +0000 2025,,,62,0,0,0,in,whey protein ga enak,2026-05-13T14:24:48.100997,twitter
1932675023229366452,@nadiraspace Belum coba yg pea protein takut ga enak. Dulu pernah minum susu kedelai ga suka soalnya. Enak ga ya whey yg pea?,Wed Jun 11 05:43:27 +0000 2025,,,4275,0,0,1,in,whey protein ga enak,2026-05-13T14:24:48.101004,twitter
1932375213465022884,tolong kasig ak rekomendasi whey protein yang rasa coklatnya enak… punya rimba ga enak pls rasa coklatnya…,Tue Jun 10 09:52:07 +0000 2025,,,83,1,0,1,in,whey protein ga enak,2026-05-13T14:24:48.101010,twitter
1926005801497342343,@tanyakanrl MINUM SUSU PROTEIN!! ASLII AKU MINUM SUSU PROTEIN YG ADA WHEY KEDELAINYA ITU (IH LUPAA) JD MAKAN MULUU DAN ENAK LAGI RASANYA BUAT AKU YG GA SUKA SUSU SAPI BUBUK👍👍,Fri May 23 20:02:21 +0000 2025,,,605,2,0,0,in,whey protein ga enak,2026-05-13T14:24:48.101016,twitter
1913176398954680469,"lupa soya milk-nya ini ada whey protein-nya. jadi tidak sesuai ekspektasi kalau dijadiin matcha latte. pakai oatmilk, oke. tapi paling enak pakai susu sapi sih. sayangnya aku lagi ga bisa minum susu sapi ;""3",Fri Apr 18 10:22:53 +0000 2025,,,24,0,0,0,in,whey protein ga enak,2026-05-13T14:24:50.971971,twitter
1912057314200396098,@toystoryaja Aku pernah coba evowhey... Rasa nya enak .. ga lebay.. harga juga terjangkau... Akan tetapi aku pribadi lebih sarankan pakai protein dari realfood aja.. Whey hanya tambahan pabila protein harian tidak terpenuhi,Tue Apr 15 08:16:02 +0000 2025,,,99,1,0,1,in,whey protein ga enak,2026-05-13T14:24:50.971993,twitter
1906511610191192481,"kopi + whey protein (pengganti susu)
mama yg ga suka manis, blg ini enak sekalii!!
krn aku blg dari protein shake 🥰😇👍🏻
MAMA APPROVED👍🏻 https://t.co/72xth9oz7C",Mon Mar 31 00:59:23 +0000 2025,,,691,3,0,1,in,whey protein ga enak,2026-05-13T14:24:50.971999,twitter
1886346143149494518,"Malem tinggal buat wakame soup plus telur 2 per orang. Minum whey juga bisr protein nya makin banyak 💯

Sebenernya enak pake kimchi buatan chef @kimddaeri tapi ga jadi jadi aku po hiksss",Mon Feb 03 09:29:01 +0000 2025,,,9804,0,0,1,in,whey protein ga enak,2026-05-13T14:24:50.972004,twitter
1884496009566511134,"Aku bikin matcha latte, kuaduk-aduk sampe smooth and very demure kaya buatan ibuk @safierawlndr enak banget jadinya🍵🌸

Karena semalem ga abis, besok paginya aku campur… whey protein

Gagah nan gemulai",Wed Jan 29 06:57:15 +0000 2025,,,9034,1,0,0,in,whey protein ga enak,2026-05-13T14:24:50.972008,twitter
1875031853985595698,"Mau maintain body goal? BISAA! Karena ada kandungan multigrain, oat, whey protein, dan cacao extract, jadi ga cuma enak tapi juga bantu tambah massa otot💪 

COBAIN DEH👀 https://t.co/BJKdZ6tniP",Fri Jan 03 04:10:05 +0000 2025,,,3252,0,0,0,in,whey protein ga enak,2026-05-13T14:24:50.972013,twitter
1856861308261732418,"JURrrrrrrr kombinasi yang super duper mega enak, whey protein tapi rasanya kayak Earl Grey Milk Tea nya Tuku which lebih sehat dan ga pake gula samsek😋😋😋😋 https://t.co/InuPo2XGa0",Thu Nov 14 00:46:49 +0000 2024,,,2179,17,0,4,in,whey protein ga enak,2026-05-13T14:24:50.972018,twitter
1851222860016337235,"Jer, sbnernya whey enak ga enak sih minumny, kdang eneg tea ntah knp😩 klo ga minum asupan protein kureng",Tue Oct 29 11:21:38 +0000 2024,,,12,0,0,0,in,whey protein ga enak,2026-05-13T14:24:50.972022,twitter
1847277474071380018,"sumpah whey protein rasa coklat ga enak bgt, nyesel gue siallll",Fri Oct 18 14:04:05 +0000 2024,,,119,0,0,0,in,whey protein ga enak,2026-05-13T14:24:50.972026,twitter
1844688985773502574,"Dengan Whey Protein Muscle First kamu ga bakalan ngerasa lemes saat latihan 
Karena tingginya protein didalamnya dan rasanya yang enak 
Bikin latihanmu makin semangat 💪 
Kunjungi websitenya 
https://t.co/fvoh2tb8ZD
#musclefirst #wheyprotein",Fri Oct 11 10:38:21 +0000 2024,,,0,0,0,1,in,whey protein ga enak,2026-05-13T14:24:50.972030,twitter
1844621773071057019,"@diethingy Kalo lagi rajin aku gini nder, kalo lagi males makan aku usahain minimal 1x berat badan. Kalo ga dapet jg yauda gapapa besok coba lagi😁

Pagi 2telor
Cafe latte
Siang ayam +tempe +protein lain yg enak di warung tsb
Sore whey
Malem 2ikan +tempe

Semangat kitaaa💪🏻💪🏻",Fri Oct 11 06:11:16 +0000 2024,,,561,3,0,0,in,whey protein ga enak,2026-05-13T14:24:50.972035,twitter
1839352417793749262,"whey protein rimbalife enek krn kekentelan sm kemanisan sedangkan muscle first ga enak krn hambar dan terlalu encer, serba salah😭",Thu Sep 26 17:12:44 +0000 2024,,,252,0,0,1,in,whey protein ga enak,2026-05-13T14:24:50.972039,twitter
1833735708563197979,@tabul_ian @RacunBelanja energen enak ga si sebagai penambah rasa whey protein yg plain? ak minun yg plain kurang msuk,Wed Sep 11 05:13:56 +0000 2024,,,3410,0,0,1,in,whey protein ga enak,2026-05-13T14:24:50.972043,twitter
1830602860356313367,gue kira whey protein rasanya bakal ga enak. ternyata enak deng https://t.co/A4sxZwKLbL,Mon Sep 02 13:45:07 +0000 2024,,,983,0,0,0,in,whey protein ga enak,2026-05-13T14:24:50.972047,twitter
1818080654430757356,"Whey protein ternyata ga enak, malah pengen berak abis minum begituan",Tue Jul 30 00:26:20 +0000 2024,,,34,0,0,2,in,whey protein ga enak,2026-05-13T14:24:50.972051,twitter
1809475039101882817,"Gaes kalian ada rekomendasi whey protein yang enak ga ,?",Sat Jul 06 06:30:42 +0000 2024,,,19058,8,0,0,in,whey protein ga enak,2026-05-13T14:24:50.972055,twitter
1806892729785557257,Whey protein yg enak tp ga mahal2 bgt apa ya,Sat Jun 29 03:29:31 +0000 2024,,,5085,0,0,0,in,whey protein ga enak,2026-05-13T14:24:50.972059,twitter
1803739935515496611,"beda ya olahraga dengan kemauan sendiri dan yang agak kek dipaksa, bawaannya capek sebelum mulai
sementara badan masih begini begini aja
kek belum ada perkembangan otot yang signifikan
atau udah saatnya gua konsumsi whey protein?
tapi ga de, makan dada ayam masih enak kok",Thu Jun 20 10:41:27 +0000 2024,,,110,0,0,0,in,whey protein ga enak,2026-05-13T14:24:50.972063,twitter
1800057086228996556,"@chocobbokari Bzirrr mending minum whey protein aja dah, enak, ga aneh aneh.. bisa menuhin protein harian 😔 https://t.co/lu6UVonFth",Mon Jun 10 06:47:07 +0000 2024,,,1566,0,0,1,in,whey protein ga enak,2026-05-13T14:24:50.972067,twitter
1796124678018232826,@mokondedo Yokan aku berpikir diluar nalar disik🤣🤣🤣 campur whey protein ga enak ta?,Thu May 30 10:21:08 +0000 2024,,,2647,0,0,1,in,whey protein ga enak,2026-05-13T14:24:50.972071,twitter
1776914045037326566,"Udah beralih dari fithub ke gym yg lebih enak di Bali:
🔥 alat lengkap dan dimaintenance dg baik
🔥 kelas bervariasi tiap hari, bahkan ada RPM
🔥 AC dingin, playlist enak, banyak sinar matahari masuk ke gym
🔥 ga banyak yg bikin konten, emang fokus mau body building di sini
🔥 https://t.co/xtVG6UNhTy",Sun Apr 07 10:04:56 +0000 2024,,,68129,20,4,5,in,whey protein ga enak,2026-05-13T14:24:54.368446,twitter
1772871181885948248,"#3 Bosen whey skrng nyoba soy proteinnya natlab, Rp. 100k dapat 500 gram

&gt; protein per servingnya 20 gram 
&gt; rasanya enak lebih gampang kutelen
&gt; sama juga aku ga ngerasa massa ototku nambah
&gt; di titik ini aku udah bosen minum suplemen, dan akhirnya aku menemukan HIKMAH! https://t.co/VMkESiikh0",Wed Mar 27 06:20:02 +0000 2024,,,28,1,0,1,in,whey protein ga enak,2026-05-13T14:24:54.368469,twitter
1767864588346007957,"diet! whey protein tu rasanya gimana dah, pengen beli tapi takut ga enak",Wed Mar 13 10:45:37 +0000 2024,,,276769,13,0,12,in,whey protein ga enak,2026-05-13T14:24:54.368475,twitter
1752320397650071582,Nyobain whey protein brand lain eh malah rasanya ga enak. Manaaa sekilo ajgg 🥲.,Tue Jan 30 13:18:33 +0000 2024,,,175,0,0,0,in,whey protein ga enak,2026-05-13T14:24:54.368480,twitter
1748742378364760169,"hari ini dibawain oleh2 dessert semua enak bgt aargh, boleh ga sih request bikinnya pake whey protein 😭. Seharian makan manis2 guilty bgt sumpah",Sat Jan 20 16:20:47 +0000 2024,,,89,0,0,0,in,whey protein ga enak,2026-05-13T14:24:54.368483,twitter
1745738458939957454,"@Adhit_Android Creatine bisa diminum kapan aja.

Whey juga sebenernya bisa kapan aja karena tujuannya kan buat memenuhi protein harian.

Yang bilang ""1 jam abis olahraga harus minum whey karena itu anabolic window buat perkembangan otot, kalo gak otot ga tumbuh"" sebenernya ya gak sekaku itu.",Fri Jan 12 09:24:17 +0000 2024,,,33748,27,3,2,in,whey protein ga enak,2026-05-13T14:24:54.368487,twitter
1741835887162626132,ok but real talk bikin badan kaya gini tuh susah banget. mgkn udh banyak yg tau tp i just wanna point it out. gedein badan esp when ur body comp alr consists of lots of muscles susah bgt krn harus makan super banyak (cus ur bmr is alr high bc muscles r metabolically active) and https://t.co/sk2rzOcsSm,Mon Jan 01 14:56:51 +0000 2024,,,5568,2707,405,12,in,whey protein ga enak,2026-05-13T14:24:54.368492,twitter
1715955038621925426,Whey protein rasanya ga enak,Sun Oct 22 04:55:36 +0000 2023,,,359,0,0,0,in,whey protein ga enak,2026-05-13T14:24:54.368496,twitter
1714320202710827152,"plisssss kenapa gada orang yang ngasih tau kalo susu whey protein se ga enak ituuuu 🤢🤢🤢
mual bgttt minumnya, atau gue salah takaran yah? tapi udah ikutin yg dikemasan kok, mana harganya lumayan 😭",Tue Oct 17 16:39:21 +0000 2023,,,6,0,0,0,in,whey protein ga enak,2026-05-13T14:24:54.368499,twitter
1703750295740907938,whey protein yg enak dan ga mahal2 amat ada ga si gaes?,Mon Sep 18 12:38:19 +0000 2023,,,738,1,0,2,in,whey protein ga enak,2026-05-13T14:24:54.368503,twitter
1701472766082617833,@diethingy Shine whey protein rasa coklat nya enak bgt ga hambar,Tue Sep 12 05:48:13 +0000 2023,,,431,0,0,0,in,whey protein ga enak,2026-05-13T14:24:54.368507,twitter
1686024314485698561,"@falla_adinda Yg paling enak dalam sepanjang whey protein yg pernah kucoba itu syntha 6, ga kerasa kalo lg minum whey, ky minum eskrim cair",Mon Jul 31 14:41:36 +0000 2023,,,269,0,0,0,in,whey protein ga enak,2026-05-13T14:24:54.368511,twitter
1668817631359676416,"15. Gua minum pre-workout shake jg dicampur susu oat krn whey protein itu kan berat ya. Klo pake aer biasa ga enak, klo pake susu sapi lebih gumoh lg. Penambahan soy/oat milk jg bisa jd asupan extra micronutrients kyk kalsium, vitamin, etc.",Wed Jun 14 03:08:23 +0000 2023,,,5044,5,0,1,in,whey protein ga enak,2026-05-13T14:24:54.368515,twitter
1665900331904163846,"@danapramudya Yes, point nya ""yang membutuhkan protein tambahan""

Kebutuhan protein harian masih bisa didapat dari makanan sehari-hari kok
Lagian susu whey rasa nya ga enak 🤣",Tue Jun 06 01:56:04 +0000 2023,,,333,0,0,0,in,whey protein ga enak,2026-05-13T14:24:54.368519,twitter
1662794300512681984,"Pancake whey protein ❌ 
Blas ga enak 😭😭😭",Sun May 28 12:13:49 +0000 2023,,,549,0,0,0,en,whey protein ga enak,2026-05-13T14:24:54.368522,twitter
1639260712018272257,"Pro whey emang cocoknya untuk maintenance, ga setahan pro casein untuk puasa 7/10.
Whey impor murah (Blade) cukup mengenyangkan untuk puasa 8/10 karena teksturnya padat dan kandungan campuran dari beberapa protein (konsentrat, soy, dan rice protein), untuk rasa cukup enak jg https://t.co/5TZuQSoAEJ",Fri Mar 24 13:39:44 +0000 2023,,,296,0,0,2,in,whey protein ga enak,2026-05-13T14:24:54.368526,twitter
1638678196731396096,@FOOD_FESS overnightoat! aku campur susu skim milk + susu ashitaki atau ga whey protein + selai kacang + chia seed toppingnya pake buah + madu + yogurt enak bgt ya ampun duh jd ngiler,Wed Mar 22 23:05:01 +0000 2023,,,123,0,0,0,in,whey protein ga enak,2026-05-13T14:24:54.368530,twitter
1623665954227097603,"@diethingy Budget berapa? 
Mau nyari yang gainer, isolate atau concentrate nder?

Kalau budget cuma 100k ga usah beli whey, soy protein aja.

Kalau mau yang isolate beli soy protein isolate merk NATLAB karena lokal (dari bali klo ga salah)

Murah, dapat 1/2 kg, rasa vanillanya enak.",Thu Feb 09 12:51:44 +0000 2023,,,28,28,2,5,in,whey protein ga enak,2026-05-13T14:24:54.368534,twitter
1622898912540631042,"@diethingy whey protein  + susu full/low cream + pisang
diblender enak banget itu..

itu cr mnum whey bertahun"" dan ga eneq...klo mau tambahin susu atau ga bebas.",Tue Feb 07 10:03:47 +0000 2023,,,134,1,0,0,in,whey protein ga enak,2026-05-13T14:24:54.368538,twitter
1615895061899923456,"INI PENTING DI HIGHLIGHT krna jujur aja cari motivasi itu susah buangat, apalagi dgn keadaan p word gini untuk beli protein whey, baju olah raga dll...suaah buangat 😭😭😭 plis tmn2 ga ada yang enak semua, mmg bener motivation itu no. 1 tp susah dijalaninnya",Thu Jan 19 02:12:59 +0000 2023,,,217,1,0,1,in,whey protein ga enak,2026-05-13T14:24:54.368541,twitter
1586814405131440129,diet! rekomendasi whey protein yang ga bikin jerawatan dan rasanya enak dong guys. Thanks,Sun Oct 30 20:16:50 +0000 2022,,,276769,28,1,9,in,whey protein ga enak,2026-05-13T14:24:58.205077,twitter
1585273807702413312,"2. Whey protein rimba life yang chocolate. Rasa cokelatnya enak dan ga bikin eneg, serius. Tapi inget pilih yang Whey ya atau bisa bel disini

https://t.co/jTyj3DMPQM",Wed Oct 26 14:15:03 +0000 2022,,,9,0,0,1,in,whey protein ga enak,2026-05-13T14:24:58.205124,twitter
1584788981920956416,"@chuwinning Aku sih niatnya beli susu whey protein untuk jadi campuran overnight oat :"""" kira2 enak ga yah jadiin overnight oat? Paling aku oplos sih sama susu yg ada rasa biar gk hambar bgt :""",Tue Oct 25 06:08:31 +0000 2022,,,700,0,0,1,in,whey protein ga enak,2026-05-13T14:24:58.205134,twitter
1575314242127138816,@SWardhani Iya betul banget. Yang penting harus konsisten. Aku juga mulai mengubah pola dan kandungan makanan. Aku sekarang pakai whey protein Syntha 6. Enak dan ga bikin eneg. Ini direkomendasiin sama teman-teman gym—,Thu Sep 29 02:39:17 +0000 2022,,,1434,0,0,2,in,whey protein ga enak,2026-05-13T14:24:58.205154,twitter
1558021125400997888,"@diethingy Lebih suka yg coklat atau yg matcha. Rasanya manis tp ga manis bgt krn ada pemanis tambahan. Ada terasa grenjel2 gt kalau diminum. Tp enak sih, kalau alergi sama whey bisa pakai protein soy isolate gini",Fri Aug 12 09:22:37 +0000 2022,,,492,0,0,0,in,whey protein ga enak,2026-05-13T14:24:58.205162,twitter
1555401601484853249,"@GachaAmpaswey pernah pakai ini 6 bulan..
ini whey enak bgt, mau rasa yg mana aja pasti enak bgt kyk cha time. Tapi justru disitu curiganya, whey selama ini rasa ga ada yg enak.
Dgn harga yg sangat miring mampu kasih protein yg sama.
Dan coba diliat fisik kliatan bulir gulanya, iseng saring deh",Fri Aug 05 03:53:34 +0000 2022,,,1770,0,0,0,in,whey protein ga enak,2026-05-13T14:24:58.205170,twitter
1543837060598865921,@ohmybeautybank Di bikin overnight oat meal pakenya susunya whey protein yg ada rasanya. Klo aku biasa minum rasa coklat. Emg ga sepekat susu coklat biasa si dan kurang manis tp Much better. Atauu ga bikin nasi goreng oat meal itu enakk!! Dlu jg ga suka bgt sm oat meal tp klo dicampur lauk enak.,Mon Jul 04 06:00:13 +0000 2022,,,78,0,0,0,in,whey protein ga enak,2026-05-13T14:24:58.205181,twitter
1539965545919160323,"diet! boleh saran whey protein yang rasanya enak ga? sekalian kalo boleh kasih tau kisaran harganya ya, terima kasih🙏",Thu Jun 23 13:36:11 +0000 2022,,,276769,0,0,2,in,whey protein ga enak,2026-05-13T14:24:58.205188,twitter
1532333128949583872,"makann dulu guyss
pakai proteina barbeque
enak ga langu kedelai
diet! lumayan protein murah boncos kalo tiap hari dada / whey https://t.co/CFgVh44Bgd",Thu Jun 02 12:07:41 +0000 2022,,,276769,13,1,8,in,whey protein ga enak,2026-05-13T14:24:58.205195,twitter
1530515138885070850,"diet! guyss ada saran susu whey protein selain puro gak? yang masih affordable soalnya nunggu choco eclairs blm restock, sekalian nanya kalo yg rasa milk tea enak ga? makasi",Sat May 28 11:43:39 +0000 2022,,,276769,0,0,1,in,whey protein ga enak,2026-05-13T14:24:58.205201,twitter
1513751958783373314,Ga enak whey protein keledaii 😭,Tue Apr 12 05:32:45 +0000 2022,,,536,0,0,1,in,whey protein ga enak,2026-05-13T14:24:58.205209,twitter
1510938511687389189,"Coba buka puasa minum air putih anget trus jeda 10 menit, minum whey protein. Cobak. Cobak. Nek rasa awake maleh ga enak, tak tuthuk sing ngakon wkwkwk",Mon Apr 04 11:13:07 +0000 2022,,,211,0,0,0,in,whey protein ga enak,2026-05-13T14:24:58.205223,twitter
1507698529170767872,"@thisisssfw @diethingy Oh maaf ga fokus. Klo dari aku liat yg rupiah per savingnya lbh murah. ""Susu"" whey protein ga ada yg enak",Sat Mar 26 12:38:35 +0000 2022,,,87,0,0,0,in,whey protein ga enak,2026-05-13T14:24:58.205232,twitter
1499938468872347652,"Aman wkwk
Gapapa elah makan minum dll asalkan ga surplus aja kalorinya tuh

Btw harus nyoba kopi ala edsa estella, enak bgt
Pake whey protein + kopi nescafe + susu sedikit dishake bareng es batu
Asliiiik enak 😭👍",Sat Mar 05 02:42:53 +0000 2022,,,155,0,0,0,in,whey protein ga enak,2026-05-13T14:24:58.205240,twitter
1498581526128504837,"guys, baru mau nyoba whey protein mending fitlife, puro, muscle first atau ada saran lain? +variannya yaa yg enak dan ga terlalu manisss. makasi semangat pejuang diet!",Tue Mar 01 08:50:52 +0000 2022,,,276769,2,0,1,in,whey protein ga enak,2026-05-13T14:24:58.205248,twitter
1486331978723237888,"Barusan minum whey protein rasa banana coffee, enak bener, ogut suka. Habis itu galau  ""ini bisa tidur ga ya ntar?"" Plis semoga bisa ya, ogut cape bener hari ini full mau tidur nyenyak 😢😫😭🙏🏼",Wed Jan 26 13:35:33 +0000 2022,,,35,0,0,0,in,whey protein ga enak,2026-05-13T14:24:58.205255,twitter
1478916493207240704,"@ninetaleeesss Bagus sih mas, perservingnya 22g protein. Lagi eneg banget sama whey rasa coklat. Kemaren nyoba punya temen enak yg rasa strawberry. Ga bikin eneg",Thu Jan 06 02:29:03 +0000 2022,,,13176,0,0,0,in,whey protein ga enak,2026-05-13T14:24:58.205275,twitter
1477831963595530240,"Pendidikan militer:
-cinta negara 😎🇮🇩
-murah dan efisien (ga bayar member dan sewa PT)
-dapat ransum enak 😋

Gym:
-mahal 🤥 
-kadang suka bau
-beli whey? Intake protein? Bro just use your own jizz 😮‍💨",Mon Jan 03 02:39:31 +0000 2022,,,4562,1,0,0,in,whey protein ga enak,2026-05-13T14:24:58.205287,twitter
1457677257435058177,"diet! guys, whey protein puro tuh enak? 300gr tuh banyak ga? buat berapa lama?",Mon Nov 08 11:51:55 +0000 2021,,,276769,0,0,1,in,whey protein ga enak,2026-05-13T14:24:58.205295,twitter
1444166200389357568,diet! haloo boleh saranin whey protein yang enak ga? aku beli pur0 wpr0 yang choco malt manis bgt☹️,Sat Oct 02 05:03:48 +0000 2021,,,276769,3,0,1,in,whey protein ga enak,2026-05-13T14:24:58.205304,twitter
1415957691869143040,Ada whey protein rasa matcha. Penasaran enak ga ya,Fri Jul 16 08:53:15 +0000 2021,,,469,0,0,0,in,whey protein ga enak,2026-05-13T14:25:01.674981,twitter
1406618300490997763,"@rissamel Bnernya sih minum whey aja bisa, tp biar rasanya enak sm ga bosen bs dicampur2 ama yg lain. Haha

Tp kalo kamu ga lg intense workout ga perlu extra protein gitu sih. Makan tahu tempe telor aja cukup 🤣👌",Sun Jun 20 14:21:51 +0000 2021,,,1893,0,0,1,in,whey protein ga enak,2026-05-13T14:25:01.675012,twitter
1395632444485689344,"Ketika u diet, mati2an workout, mati2an caranya buat defisit kalori, mati2an ga makan enak, mati2an skip dinner, mati2an beli whey protein mahal.
Trus tiba2 dikatain ""gendutan"" itu asli sakit banget !
Inginku mesoh mesoh tapi dia besannya Bapak 😭😾",Fri May 21 06:47:59 +0000 2021,,,186,1,0,3,in,whey protein ga enak,2026-05-13T14:25:01.675018,twitter
1383854101163700224,"Whey buatan lokal. Protein 20gr. Rasanya enak, rada plain tp masih ada rasanya jd ga bikin enek. 8/10 lahh",Sun Apr 18 18:45:03 +0000 2021,,,210,0,0,0,in,whey protein ga enak,2026-05-13T14:25:01.675023,twitter
1380508615178551296,"@iamapotatoes @beauthingy Ahh begitu... Seperempat cukup yah kak. Pantes aku susah kurus, aku protein 1kg ayam dada semua ditambah susu whey 😂😂 kelebihan ga sih wkwkwkwk.. abisnya enak makan ayam astagfirullah",Fri Apr 09 13:11:17 +0000 2021,,,1163,0,0,1,in,whey protein ga enak,2026-05-13T14:25:01.675027,twitter
1380333692543885323,"VECTORLABS YANG VANILLA JUGA ENAK. baru ini coba whey protein vanilla soalnya takut ga doyan kalo ga rasa coklat2 gitu, ternyata enakkk 😍 https://t.co/boW3SuqfHV",Fri Apr 09 01:36:12 +0000 2021,,,1020,0,0,0,in,whey protein ga enak,2026-05-13T14:25:01.675033,twitter
1377477741226848257,"Beli whey protein buat nambah bb trus enak banget rasanya kaya es coklat :0 Harus nahan diri biar ga kebanyakan kayanya, minum 2 gelas dalam 6 jam aja bikin kentut2",Thu Apr 01 04:27:40 +0000 2021,,,130,0,0,1,in,whey protein ga enak,2026-05-13T14:25:01.675046,twitter
1360823385962336257,"Susu protein vegan kenapa ga enak bgt ya. Susah bgt udh doyan dairy milk, yg whey lebih enak☹️",Sun Feb 14 05:29:12 +0000 2021,,,1116,0,0,0,in,whey protein ga enak,2026-05-13T14:25:01.675051,twitter
1357360372060049408,"@FOODFESS2 Nder ak tipenya susaaaaah bgt turun bh, ga bs pake 'diet ga hrs nyiksa, blh makan 7373828281 kali sehari, blh makan nasi' dan tmn2nya itu g bs di ak. Jadi diet bnr2 yg ga enak gt. Diet tinggi protein, makannya dada ayam (ato daging kalo km sultan)+ whey. Ak dulu ada trainer",Thu Feb 04 16:08:25 +0000 2021,,,128,0,0,1,in,whey protein ga enak,2026-05-13T14:25:01.675056,twitter
1327984243834720258,"@nez_o Yes. Bener. Gw dulu jg digituin kok. Jaman PATH masi exist. Yg lain minum beer di SMS, gw minum whey protein 🤣 gelas beer punya gw, dihibahkan. Bis ga enak. Pahit gitu 🤣

Nah itu yg cari masalah. Lagi tipsy kok malah nyetir 🤦🏻‍♂️",Sun Nov 15 14:38:11 +0000 2020,,,557,0,0,1,in,whey protein ga enak,2026-05-13T14:25:01.675061,twitter
1304012347065774081,"10/09

1. Smoothies: nanas, jeruk, selada, bayam
2. Chicken katsu curry + brokoli kukus
3. Cimory ternyata produknya enak enak yah
4. Smoothies: pisang, vanilla whey protein, susu cimory setengah, energen jagung HAHA ngide jadinya manis bgt jir

Kapan w tobat ga konsumsi dairy ya https://t.co/lPZGJ182HW",Thu Sep 10 11:02:25 +0000 2020,,,101,0,0,1,in,whey protein ga enak,2026-05-13T14:25:01.675066,twitter
1302935495031189504,"07/09
1. Smoothies: pisang beku, whey protein coklat, susu coklat no 4 gue masukin sikit, air, rolled oat sikit
2. Sup ayam, sambel udang
3. Enak woe
4. Pengennya yang original tapi ga ada :(
5. Mangga lagi tp ga muat https://t.co/lsU2ZjFEFN",Mon Sep 07 11:43:24 +0000 2020,,,101,0,0,1,in,whey protein ga enak,2026-05-13T14:25:01.675071,twitter
1297043109402951682,"Bikin pisang + whey protein di blender itu beh gila enak bgt. Tapi 1 gelas buat 2x minum. Makan siang sm ayam + terong. Snack makan yg td di blend trs minum teh, malemnya makan apel. Yaudalah ga ada semangat idup ya gini",Sat Aug 22 05:29:09 +0000 2020,,,1398,0,0,0,in,whey protein ga enak,2026-05-13T14:25:01.675082,twitter
1262359522384867331,"@shafalisa @Adriandhy Ga pernah nyoba, liat aja label nutrisinya. Btw ini itu ga enak sama sekali kalau diminum sendiri. Soalnya gw make buat dicampur whey protein jadi rasanya enak",Mon May 18 12:28:58 +0000 2020,,,1863,0,0,0,in,whey protein ga enak,2026-05-13T14:25:01.675090,twitter
1236958636351483904,"hehehehehehehehe so fun banget!

susunya aku ganti susu whey protein akuu, jadi dia proteinnya juga tetep banyak. trus refined sugar free! enak banget makannya ga merasa bersalah 😭😭💗 https://t.co/MMGTavq600",Mon Mar 09 10:14:55 +0000 2020,,,133828,446,18,46,in,whey protein ga enak,2026-05-13T14:25:01.675097,twitter
1217271791871123460,"Ga suka whey protein? Sukanya ngemil?
Nih cemilan enak tapi teuteup kaya protein buat badan jadi maskel~
💪😁✨",Wed Jan 15 02:26:25 +0000 2020,,,3266,3,0,2,in,whey protein ga enak,2026-05-13T14:25:01.675103,twitter
1172902987120824320,"5. Iron Whey MP
a lil bit pricey but standart for gym goer or the one who need extra protein kick.

overal 6.7/10
Soalnya dia kalo ga pake air dingin kurang keaduk gitu jadi kurang enak.
Jga kurang enak dibuat jdi campuran pancake https://t.co/wNPElCng5T",Sat Sep 14 16:00:38 +0000 2019,,,698,0,0,1,in,whey protein ga enak,2026-05-13T14:25:01.675108,twitter
1172902199115911169,"Halo, ak mungkin ga jago nulis thread

Tapi mungkin ini bisa sedikit membantu buat teman teman yang akan mulai ngegym dan merasa kekurangan protein. 

Aku mau review 5 protein whey yang pernah aku coba dari yang ter biasa aja sampe enak banget. 
Murni pribadi.",Sat Sep 14 15:57:30 +0000 2019,,,698,1,0,1,in,whey protein ga enak,2026-05-13T14:25:01.675113,twitter
1077123948683378689,"Whey Protein Strawberry and Banana Smoothies.
.
.
Diet yang enak itu simple kok, kreatifitas dan imajinasi aja yang perlu digunakan. Tiap kali mau minum whey protein, ga mesti… https://t.co/tJgyV5RwZy",Mon Dec 24 08:48:56 +0000 2018,,,535,0,0,0,in,whey protein ga enak,2026-05-13T14:25:01.675118,twitter
1055807468050120709,"review bbrp whey yg udah gue coba

l men 2go, ini mah susu biasa, 🤣🤣
my protein, lowfat, tp gue ga tahan sama manis nya, kebangetan.
bsn syntha6, g terlalu manis, gak lowfat, diitung2 jatohnya mahal.
go fitlife, value for money pake bgt. rasanya enak bgt. parah.",Fri Oct 26 13:04:50 +0000 2018,,,165,0,1,1,in,whey protein ga enak,2026-05-13T14:25:01.675123,twitter
2051238976078667778,"3️⃣ Tekstur: Greek itu kaya makan es krim versi sehat, kalau biasa lebih mirip minuman.

""Terus kalau buat diet, bagusnya pilih yang mana?""
​Jawabannya: Greek Yoghurt! 🏆
​Kenapa? Karena tinggi protein bikin kamu nggak gampang laper mata.",Mon May 04 09:54:16 +0000 2026,,,13,0,0,0,in,minuman protein tekstur,2026-05-13T14:25:17.756205,twitter
2029231237941072073,"@Abbasseu_ Halo! Memproses permintaan Anda untuk optimasi kuliner tradisional dengan parameter pedas maksimal. Berikut adalah protokol pembuatan Rujak Cingur v1.0 dengan efisiensi tinggi:

🛠️ Komponen Sistem (Bahan)

Protein Utama: Cingur sapi (tulang rawan hidung) yang sudah direbus empuk",Wed Mar 04 16:23:23 +0000 2026,,,18002,0,0,1,in,minuman protein tekstur,2026-05-13T14:25:12.868280,twitter
1843317739559243933,"Mengurangi Kerutan
Buah bidara Arab memiliki manfaat yang signifikan untuk mengurangi kerutan, menjadikannya pilihan alami yang efektif untuk menjaga keremajaan kulit. Berikut adalah beberapa cara buah bidara Arab dapat membantu mengurangi kerutan:

Kaya Antioksidan
Buah bidara",Mon Oct 07 15:49:30 +0000 2024,,,6560,2,0,1,in,minuman protein tekstur,2026-05-13T14:25:12.868287,twitter
1834884538239271232,"Padahal sebenarnya :

Susu ikan sebenarnya bukan susu yang berasal dari ikan seperti susu sapi dari sapi. Istilah ini lebih tepat disebut sebagai minuman protein tinggi yang terbuat dari ekstrak protein ikan.

Proses pembuatannya:
 * Ekstraksi protein: Protein dari daging ikan,",Sat Sep 14 09:18:59 +0000 2024,,,13481,3,1,1,in,minuman protein tekstur,2026-05-13T14:25:12.868293,twitter
1720818006430024159,"Siapa kat sini yang sejenis ""sweet tooth""? 😁

Ni antara alternatif nak elakkan makan berlebihan gula tapi nak satisfy dia punya ""sweet tooth"".

1. Buah Segar: Gula-gula alam semula jadi! Nikmati buah-buahan seperti beri, epal, oren atau tembikai. Ia mengandungi gula semulajadi,",Sat Nov 04 14:59:18 +0000 2023,,,2104,32,21,1,in,minuman protein tekstur,2026-05-13T14:25:12.868298,twitter
1437322798465044484,"Fakta: buih terhasil daripada komponen kappa-casein, protein yang memberikan tekstur buih dalam minuman.",Mon Sep 13 07:50:33 +0000 2021,,,365,4,1,0,in,minuman protein tekstur,2026-05-13T14:25:17.756214,twitter
811904119484989440,Minuman yg kental dan mengandung lebih bnyk lemak bikin lebih mudah kenyang dibandingkan minuman protein dgn tekstur tak kental yg dikocok.,Thu Dec 22 12:00:01 +0000 2016,,,31236,1,2,0,in,minuman protein tekstur,2026-05-13T14:25:15.653195,twitter
2053458082953654274,"filling:
1 butir telur, susu sekitar 100 ml (aku takar by feeling wkwk), 2 sdm cream cheese atau keju oles (suhu ruang supaya tidak menggumpal), 1 sdm maizena, vanilla extract sekitar 1/2 sdt tp karena gak ada aku pakai whey protein vanilla wkwk

kalau mau lebih manis bisa https://t.co/n9lExqgKEK",Sun May 10 12:52:13 +0000 2026,,,25335,2,0,1,in,susu protein menggumpal,2026-05-13T14:26:33.382518,twitter
2047664186822648206,"minum susu skim itu demi protein, mana ada yg masih menggumpal 😭",Fri Apr 24 13:09:20 +0000 2026,,,28,0,0,0,in,susu protein menggumpal,2026-05-13T14:26:46.189412,twitter
2043511652021309529,"Getah karet yang keluar dari pohon (Hevea brasiliensis) sebenarnya hampir tidak berbau saat baru ditoreh — warnanya putih susu dan mengandung sekitar 30-40% karet murni (polyisoprene), yang sendiri odorless (tidak berbau).

Tapi segera setelah ditoreh dan terkumpul di",Mon Apr 13 02:08:39 +0000 2026,,,2542,0,0,0,in,susu protein menggumpal,2026-05-13T14:26:33.382553,twitter
2037293525675741613,"@natayana_ Kolaborasi macam apa ini 😔
Mencampur susu dan jeruk secara langsung umumnya menyebabkan protein susu menggumpal karena asam sitrat dari jeruk, yang dapat memicu perut kembung, mual, rasa tidak nyaman di lambung, atau diare pada sebagian orang.

No~ no~ yah nay",Thu Mar 26 22:20:02 +0000 2026,,,123,0,0,1,in,susu protein menggumpal,2026-05-13T14:26:46.189426,twitter
2022471210228158730,"‼️Tidak ada makanan lain yang lebih sulit dicerna daripada susu. Kasein, yang membentuk kira-kira 80% dari protein yang terdapat dalam susu, langsung menggumpal menjadi satu begitu memasuki lambung sehingga menjadi sangat sulit dicerna. ,~ Hiromi Shinya, MD.",Sat Feb 14 00:41:26 +0000 2026,,,965,2,1,0,in,susu protein menggumpal,2026-05-13T14:26:46.189428,twitter
2020867650340134959,"𝐘𝐮𝐦𝐦𝐲! 𝐋𝐞𝐳𝐚𝐭𝐧𝐲𝐚 𝐌𝐞𝐧𝐜𝐢𝐜𝐢𝐩𝐢 𝐄𝐬 𝐊𝐫𝐢𝐦 𝐓𝐞𝐩𝐮𝐧𝐠 𝐌𝐨𝐤𝐚𝐟 𝐃𝐢 𝐋𝐚𝐩𝐚𝐬 𝐍𝐢𝐫𝐛𝐚𝐲𝐚 𝐍𝐮𝐬𝐚𝐤𝐚𝐦𝐛𝐚𝐧𝐠𝐚𝐧

Di tengah berbagai produk makanan olahan yang beredar, ada satu es krim yang benar-benar berbeda dari yang lain. Es krim ini bukan https://t.co/xc3e4ArDK0",Mon Feb 09 14:29:28 +0000 2026,,,81123,2,1,0,in,susu protein menggumpal,2026-05-13T14:26:33.382564,twitter
2007579331204411659,"protein susu / kasein menggumpal kalo ketemu asam. 

ini alesan pas itu aku campur jus jeruk ke susu jadinya menggumpal😭✋🏻 tapi pas itu aku gatau. https://t.co/AVmqEVPUue",Sat Jan 03 22:26:26 +0000 2026,,,113,0,0,1,in,susu protein menggumpal,2026-05-13T14:26:33.382567,twitter
2006196486090969103,"Lebih milih minum yg bgini daripada susu sapi asli yg kadang ada selaput tipis hasil protein dan lemak susu yang menggumpal (milk skin). 

Dulu masih kecil cuma tahan minum 1 bulan lalu minta balik ke susu bubuk saja.",Wed Dec 31 02:51:30 +0000 2025,,,57256,8,0,1,in,susu protein menggumpal,2026-05-13T14:26:33.382570,twitter
2005666889708765411,"Lebih milih minum yg bgini daripada susu sapi asli yg kadang ada selaput tipis hasil protein dan lemak susu yang menggumpal (milk skin). 

Dulu masih kecil cuma tahan minum 1 bulan lalu minta balik ke susu bubuk saja.",Mon Dec 29 15:47:04 +0000 2025,,,16845,41,9,67,in,susu protein menggumpal,2026-05-13T14:26:33.382574,twitter
2002637242951667713,"@Ccookk_ Kandungan protein susu (kasein) yg fungsinya sbgai stabilisator emulsi, mengalami denaturasi (penggumpalan) akibat kehadiran minuman berkarbonasi.

Minuman karbonasi itu tinggi keasamannya, shgg menyebabkan pH larutan turun. Akibatnya protein susu (kasein) menggumpal (denaturasi)",Sun Dec 21 07:08:20 +0000 2025,,,386,21,1,1,in,susu protein menggumpal,2026-05-13T14:26:33.382577,twitter
1953748083818569977,"@elenarenoa Sebaiknya tdk mengonsumsi vitamin C &amp; susu secara bersamaan. Kandungan asam pd vitamin C dpt menyebabkan protein dlm susu menggumpal, sehingga mengganggu penyerapan zat-zat gizi dari susu. Disarankan untuk memberikan jarak waktu sekitar 2 jam antara konsumsi vitamin C &amp; susu.",Fri Aug 08 09:20:16 +0000 2025,,,81,353,8,5,in,susu protein menggumpal,2026-05-13T14:26:33.382580,twitter
1876797452801441852,"Cara nyeduh susu protein sejenis LMen gitu gimana ya
Kok gua nyeduh pake air panas selalu menggumpal gituu",Wed Jan 08 01:05:56 +0000 2025,,,41535,4,0,7,in,susu protein menggumpal,2026-05-13T14:26:33.382587,twitter
1856554998152462341,"Resep Churro Doughnut

bagiin Resep Curro Doughnut Simple nih, Check Resepnya yuk.

Bahan A

250 gr Terigu protein sedang bisa mix dengan terigu protein tinggi ya bun

120 gr kentang kukus lalu haluskan

30 gr gula pasir

3 gr ragi instant

15 gr susu bubuk

2 kuning telur

-/+50 https://t.co/wz682tWaiL",Wed Nov 13 04:29:39 +0000 2024,,,32238,72,0,124,in,susu protein menggumpal,2026-05-13T14:26:33.382590,twitter
1839536312799592620,"@0xBigwine_ Kalau susu dengan perisa rasa jeruk yang udah jadi mungkin gapapa, yang gak boleh susu murni di campurin jeruk nnti terjadi proses denaturasi protein menggumpal kalau dikonsumsi kurang baik bagi tubuh",Fri Sep 27 05:23:28 +0000 2024,,,65,0,0,1,in,susu protein menggumpal,2026-05-13T14:26:33.382593,twitter
1777570352211910732,"3. Susu (pH 6-7), protein seperti casein dalam susu akan menjauh antara molekul dan kelihatan miscible dalam air. Keadaan berasid menyebabkan protein (eg, casein in pH4) ber-aggregat bersama dan menggumpal (curdling). 

Sama seperti pembikinan yogurt dan tairu.",Tue Apr 09 05:32:52 +0000 2024,,,768,9,1,1,in,susu protein menggumpal,2026-05-13T14:26:33.382596,twitter
1763575648965247480,"When susu &amp; jeruk dicampur bakal menggumpal gini susunya. Asam di jeruk ngaruh ke protein di susu, jadi menggumpal. Ada dampaknya, mungkin baiknya gadi campur. https://t.co/rqqpJB80ds",Fri Mar 01 14:42:55 +0000 2024,,,270,0,0,1,in,susu protein menggumpal,2026-05-13T14:26:33.382599,twitter
1762106730778161225,"Cara bikin ricotta sbnrnya simple. Panasin susu, kasih garem, kalo udh berbuih matiin api. Masukin air lemon sampe protein susunya menggumpal. Kalo gumpalannya msh dikit dan susunya msh putih, tambahin lg aja air lemonnya. Caranya kurleb kayak gini https://t.co/r10oBiiu7e",Mon Feb 26 13:25:57 +0000 2024,,,952,4,0,1,in,susu protein menggumpal,2026-05-13T14:26:33.382602,twitter
1760582939799355835,@luculucuaaan Vitamin C nya gak diserap optimal oleh tubuh. Reaksi protein susu dengan vit c bikin susu menggumpal dan mengurangi penyerapan vit c di tubuh.,Thu Feb 22 08:30:57 +0000 2024,,,61,0,0,0,in,susu protein menggumpal,2026-05-13T14:26:33.382606,twitter
1760540876672274799,@luculucuaaan kandungan asam yg ada di vitamin c bisa buat protein yg terkandung di dalam susu menggumpal dong kalo gini😅,Thu Feb 22 05:43:48 +0000 2024,,,1762,1,0,0,in,susu protein menggumpal,2026-05-13T14:26:33.382610,twitter
1692524020279967883,"Kenapa bisa begini? pada kasus ini kemungkinan adanya penyimpanan yg salah, kemasan rusak, kalo susu disimpan jangka lama terutama kalo sudah melewati masa kadaluarsanya, protein ini dapat rusak dan menggumpal kemudian basi. https://t.co/wXHK8l4mLy",Fri Aug 18 13:09:06 +0000 2023,,,374,12,3,2,in,susu protein menggumpal,2026-05-13T14:26:36.688659,twitter
1682668831431626752,@tanyakanrl Protein susu menggumpal nder kena jeruk,Sat Jul 22 08:28:06 +0000 2023,,,4372,0,0,0,in,susu protein menggumpal,2026-05-13T14:26:36.688728,twitter
1682585122753875968,"@tanyakanrl Aku pernah bikin nder. Pake susu bubuk si dikasih jeruk nipis, emang menggumpal si protein nya gegara asam yg di jeruk. Tapi aman si aku gakenapa2, gaberacun sampe meninggal kok. Paling kalo kamu gatawar jadi sakit perut aja.",Sat Jul 22 02:55:28 +0000 2023,,,38,0,0,0,in,susu protein menggumpal,2026-05-13T14:26:36.688731,twitter
1682581760121643010,@tanyakanrl Selain kerusakan protein karena asam. Ada instilahnya inhibitor nder yaitu menghambat laju reaksi. Jadi susu (kalsium) ini sifatnya inhibitor terhadap jeruk (vit.c) karena itu dia menggumpal karena zatnya rusak. Sama halnya dengan makan daging gaboleh berbarengan dengan minum teh,Sat Jul 22 02:42:07 +0000 2023,,,426,0,0,0,in,susu protein menggumpal,2026-05-13T14:26:36.688734,twitter
1682574907144798208,"@tanyakanrl Itu normal, protein susu akan menggumpal klo kena asam. Proses pembuatan keju jg sama kaya gitu.",Sat Jul 22 02:14:53 +0000 2023,,,203,0,0,0,in,susu protein menggumpal,2026-05-13T14:26:36.688737,twitter
1682530487607373825,"@tanyakanrl klo tdk salah
asam dri jeruk tu memecah protein dalam susu, makanya jdiny menggumpal gituu",Fri Jul 21 23:18:22 +0000 2023,,,167,0,0,0,in,susu protein menggumpal,2026-05-13T14:26:36.688741,twitter
1682430232631050247,"@tanyakanrl Susu itu ada banyak molekul2nya nder, termasuk protein. Protein ini punya titik isoelektrik, dimana pada keasaman tertentu akan memecah dan menggumpal. Makanya segala sesuatu yang bersusu kalo dikasi asam bakal mecah. Tapi bisa dikocok bentar trs nyatu lagi kok.",Fri Jul 21 16:40:00 +0000 2023,,,51,13,0,1,in,susu protein menggumpal,2026-05-13T14:26:36.688744,twitter
1678588170328506368,"kemarin sok ngide beli whey protein vegan, ternyata pas dicampur susu jadi menggumpal kaya bubur bayi. rasanya pun bikin pen muntah https://t.co/AsBOTZvX6H",Tue Jul 11 02:13:01 +0000 2023,,,915,1,1,0,in,susu protein menggumpal,2026-05-13T14:26:36.688749,twitter
1604811607929782272,"@budskiy Ternyata tergantung merk susu protein nya juga, ada beberapa merek yg masih menggumpal gitu setelah di kocok",Mon Dec 19 12:11:17 +0000 2022,,,310,0,0,1,in,susu protein menggumpal,2026-05-13T14:26:36.688751,twitter
1574572384161779712,"ada juga yg model Low Temperature-Long Time (LTLT), dipanasin dengan suhu 60°C selama 15-30 menit.

Abis searching + mengingat 😀
Komponen susu ada 3, lemak, protein, air. Kalo dipanasin, emulsi ini pecah, trus si protein menggumpal (koagulasi). Si protein kalo dipanasin (-cont)",Tue Sep 27 01:31:25 +0000 2022,,,33,0,0,1,in,susu protein menggumpal,2026-05-13T14:26:36.688754,twitter
1532723857039101953,@FOOD_FESS Protein susu kalo kena bahan asam mengandung vit C bakal menggumpal kayaknya. cmiiw,Fri Jun 03 14:00:18 +0000 2022,,,710,2,0,0,in,susu protein menggumpal,2026-05-13T14:26:36.688757,twitter
1507621206559985668,"@sbyfess karena susu mengandung protein yg tinggi dan lemon mengandung asam sitrat. akibatnya susu akan menggumpal dan kedua larutan tsb terpisah 

gampange kaya km sm dee tidak bisa bersatu.",Sat Mar 26 07:31:20 +0000 2022,,,660,4,0,2,in,susu protein menggumpal,2026-05-13T14:26:36.688760,twitter
1502856168661991424,"👨: papa buat susu campur jeruk. Tau apa yg terjadi?
👱‍♀️: ……
👨: menggumpal
👱‍♀️: oiya protein kena asam

Biokimia dasar aja lupa 🤦‍♀️🤦‍♀️🤦‍♀️🤦‍♀️",Sun Mar 13 03:56:46 +0000 2022,,,713,0,0,0,in,susu protein menggumpal,2026-05-13T14:26:36.688763,twitter
1476839567168704513,"@blessinmess @collegemenfess iya setauku gt ce, jd protein dlm susu itu bakal kedenaturasi akibat penyimpanan yg ga kedap udara jd ada pengaruh dri suhu, ph, ama oksigen jg, trs bikin protein susu (kasein) itu bakal ngecapai ph isoelektrik jd dia bakal memadat trs menggumpal gt cmiiw ini seinget aja 🥲",Fri Dec 31 08:56:05 +0000 2021,,,77,4,0,1,in,susu protein menggumpal,2026-05-13T14:26:36.688769,twitter
1475135822106017796,@tanyakanrl itu karena protein dalam susu kalo kecampur sama vit c jadinya menggumpal,Sun Dec 26 16:06:01 +0000 2021,,,199,2,0,0,in,susu protein menggumpal,2026-05-13T14:26:36.688772,twitter
1427833901280481280,"@nvarnti_ @FOOD_FESS Susu itukan kandungannya protein dimana sifat protein bisa terdenaturasi karna adanya suhu, jadi menggumpal &amp; mengendap, sukar larut dlm air, sama hal nya dg telur klo di rebus bentuknya jd padat dan menggumpal",Wed Aug 18 03:25:04 +0000 2021,,,575,1,0,0,in,susu protein menggumpal,2026-05-13T14:26:36.688777,twitter
1427677622876598273,@nvarnti_ @FOOD_FESS Karena di suhu tinggi kandungan protein pada susu bisa rusak dan akhirnya menggumpal kak,Tue Aug 17 17:04:04 +0000 2021,,,724,0,0,0,in,susu protein menggumpal,2026-05-13T14:26:36.688780,twitter
1422505327115726856,"Ceritanya mau bikin lemon milk, tapi ternyata protein air susu dilasih asam sitrat lemon jadi menggumpal kaya keju, air nya ditinggalin ga boleh masuk geng",Tue Aug 03 10:31:13 +0000 2021,,,189,0,0,0,in,susu protein menggumpal,2026-05-13T14:26:36.688783,twitter
1411276300996669441,@KSaryani @singleorigin666 Sebaiknya di kasi jeda lama ya mbak.. Vit c akan membuat protein pada susu menggumpal dan akan sulit di serap tubuh..,Sat Jul 03 10:51:05 +0000 2021,,,115,1,0,0,in,susu protein menggumpal,2026-05-13T14:26:36.688787,twitter
1411222627889205257,"Banyak sliweran soal susu naga + c1000 atau apalah itu yang katanya bagus buat recovery c0vid 

Bikin gue mikir : 
konsumsi vitamin C yang bersamaan dengan susu bukannya dihindari, karena kandungan asam pada vitamin C dapat membuat protein-protein yang ada dalam susu menggumpal ?",Sat Jul 03 07:17:48 +0000 2021,,,2905,0,0,1,in,susu protein menggumpal,2026-05-13T14:26:36.688790,twitter
1411028001135816704,"So, kalau keduanya dicampur? Protein di susu akan terdenaturasi/terpecah. Kasein-kasein td akan menggumpal dan terjadi pemisahan kasein dengan air. Dari kenampakannya aja udah ga enak. Mau repot-repot minum emang?",Fri Jul 02 18:24:25 +0000 2021,,,0,0,0,1,in,susu protein menggumpal,2026-05-13T14:26:41.146985,twitter
1410877064790495235,"Sebaiknya konsumsi vitamin c yg bersamaan dg susu dihindari, krn kandungan asam pada vitamin c dapat membuat protein protein yg ada dalam susu menggumpal. Hal ini akan membuat terganggunya penyerapan zat zat protein yg terkandung dalam susu tersebut — https://t.co/wayyL5QTSi",Fri Jul 02 08:24:39 +0000 2021,,,6040,3,0,2,in,susu protein menggumpal,2026-05-13T14:26:41.147021,twitter
1410872066132221953,Protein di susu nya juga bakal menggumpal :(,Fri Jul 02 08:04:47 +0000 2021,,,120,0,0,1,in,susu protein menggumpal,2026-05-13T14:26:41.147025,twitter
1410868991891886085,"@myloff_exe @collegemenfess Protein yang terdenaturasi bukannya tetap masi bisa dimakan dan tidak membahayakan ya? Contohnya kek susu yang dikasi air jahe jdi menggumpal, telur yang dimasak cmiiw",Fri Jul 02 07:52:35 +0000 2021,,,74,1,0,1,in,susu protein menggumpal,2026-05-13T14:26:41.147029,twitter
1410857334713192448,Sesat. Kandungan protein di susu jadi menggumpal dan susah diserap oleh tubuh dong sayangcu 🙂,Fri Jul 02 07:06:15 +0000 2021,,,135,0,0,0,in,susu protein menggumpal,2026-05-13T14:26:41.147032,twitter
1408635015877988358,"@sbyfess Hai Junaedi, kebutuhan daily vitamin C (untuk org sehat) iku mek 120 mg, sisane ginjalmu sing kerja keras buwak dadi urine, siji maneh ascorbic acid ketemu protein susu iku menggumpal, tapi kayake kowe sedulure ultrmen dadi gapopo",Sat Jun 26 03:55:33 +0000 2021,,,1238,1,0,0,in,susu protein menggumpal,2026-05-13T14:26:41.147036,twitter
1403925959959625733,@dewinuranita18 Sebaiknya jangan bareng minumnya. Kasih jeda beberapa jam. Setahuku asam pada vit C bisa menggumpal kan protein dalam susu,Sun Jun 13 04:03:27 +0000 2021,,,165,0,0,1,in,susu protein menggumpal,2026-05-13T14:26:41.147039,twitter
1400375799996317706,"yaAllah ada yg minum uc1000 dicampur susu...... gaboleh gitu bestie vit c gaboleh ketemu susu nnti protein susunya menggumpal, ga karuan deh tuh perut lu nanti",Thu Jun 03 08:56:23 +0000 2021,,,523,0,0,2,in,susu protein menggumpal,2026-05-13T14:26:41.147042,twitter
1393077496912912387,"@FFOODFESS Bisa gtu, itu protein susu yg menggumpal karena pemanasan yg berlebih, biasanya untuk manasin susu gak perlu lama laama dan api yg terlalu besar, biasanya byk yg bilang ""susu pecah"". Selagi rasanya gak asam gak masalah kok, bisa dijadiin opsi bikin olahan lain.",Fri May 14 05:35:32 +0000 2021,,,444,0,0,0,in,susu protein menggumpal,2026-05-13T14:26:41.147045,twitter
1391027982618152960,@schfess Lupa aku nder.. cuma inget kalo protein di susu kalo dikasi asam kek cuka gitu tu bakalan menggumpal... Cmiiw dah lupa anj,Sat May 08 13:51:29 +0000 2021,,,1147,0,0,0,in,susu protein menggumpal,2026-05-13T14:26:41.147048,twitter
1391019836906491905,@schfess Hai! Simpelnya protein susu bakalan menggumpal kalo terkena asam yaaa!,Sat May 08 13:19:07 +0000 2021,,,353,333,8,3,in,susu protein menggumpal,2026-05-13T14:26:41.147051,twitter
1313860018534449153,"@masakdarurat Jus lemon yang pH-nya rendah menurunkan pH susu. Akibatnya, protein bernama kasein yang ada di susu jadi menggumpal.

Nah, gumpalan inilah yang tadi keliatan disaring itu. Kasein sendiri memang salah satu komponen utama keju.

Source: https://t.co/kRrYjIVOVW",Wed Oct 07 15:13:33 +0000 2020,,,877,91,19,2,in,susu protein menggumpal,2026-05-13T14:26:41.147054,twitter
1266714327546884097,"@FOODFESS2 Air jeruk (asam) bisa bikin protein susu menggumpal gitu, makanya jd gitu bentuknyaa kaya misah",Sat May 30 12:53:24 +0000 2020,,,374,0,0,0,in,susu protein menggumpal,2026-05-13T14:26:41.147057,twitter
1264703960503312384,"@FOODFESS2 Jangan diminum nder wkwk. Itu kamu udah bikin bakal keju 😂

Soda sifatnya asam, kalo kamu campur ke susu, protein susu yang tadinya kesebar rata di dalam air breakdown lalu menggumpal. Jadi kepisah sama airnya... 
Cmiiw ya ini kalo ada yang lebih ngerti kimia...",Sun May 24 23:44:55 +0000 2020,,,195,20,1,2,in,susu protein menggumpal,2026-05-13T14:26:41.147061,twitter
1210416918865174528,@FOODFESS2 Tu protein susu nya. Tanin dalam teh ketemu protein bisa menyebabkan protein nya menggumpal gitu loh nder makannya teh pake susu itu tidak dianjurkan karena dapat menurunkan ketetcernaan protein nya,Fri Dec 27 04:27:36 +0000 2019,,,183,56,5,0,in,susu protein menggumpal,2026-05-13T14:26:41.147064,twitter
1203947573997912065,"Tips Agar Kulit Risoles Tidak Pecah
_
1. Gunakan tepung dengan protein sedang. Pastikan kekentalan tepung maksimal dan tidak menggumpal.
2. Gunakanlah susu cair sebagai pengganti air untuk mendapatkan hasil lentur.… https://t.co/hRMuJkzOjA",Mon Dec 09 08:00:44 +0000 2019,,,123,0,0,0,in,susu protein menggumpal,2026-05-13T14:26:41.147067,twitter
1198633441668915200,"@FOODFESS2 Gaboleh susu + vit c, bakal bikin protein di susu menggumpal dan sulit dicerna",Sun Nov 24 16:04:16 +0000 2019,,,4856,0,0,0,in,susu protein menggumpal,2026-05-13T14:26:41.147070,twitter
1198607317329047552,"@FOODFESS2 susu gaboleh dicampur asam, bukan? nanti protein susunya menggumpal, susah dicerna dan diserap tubuh? 😅",Sun Nov 24 14:20:28 +0000 2019,,,1652,0,0,1,in,susu protein menggumpal,2026-05-13T14:26:41.147073,twitter
1194424799482675202,"@gajelazs @Askmenfess Boleh kok susu sama jeruk. Ada jurnalnya gak? Kalo kata dosen saya protein memang menggumpal kalo kena asam, keju juga menggumpal, yoghurt juga. Tapi lambung kita juga kan asam, susu cair masuk lambung langsung menggumpal kena asam lambung",Wed Nov 13 01:20:38 +0000 2019,,,345,0,0,0,in,susu protein menggumpal,2026-05-13T14:26:41.147076,twitter
1193860800152080384,@theaddinra @Askmenfess Setau saya sih di lambung juga ada HCl yang bikin protein susu menggumpal ya.  Terus susu sapi juga mengandung vitamin C meskipun dalam kadar yang rendah. Jadi penjelasannya gimana ya kalo susu + jeruk/vit. C bisa menggumpal saat dimakan? Makasih kak hehe,Mon Nov 11 11:59:30 +0000 2019,,,260,4,0,2,in,susu protein menggumpal,2026-05-13T14:26:41.147079,twitter
1193823321810300928,"@peselingkuh @bighippota @teletubirr @malu2funky @AnyaQUEENsha @ratnaamayanti @Halfs8an @Askmenfess Denaturasi protein susu oleh asam dari jeruk, kalo protein susunya menggumpal nutrisinya begimana 🙂",Mon Nov 11 09:30:34 +0000 2019,,,596,0,0,0,in,susu protein menggumpal,2026-05-13T14:26:46.189430,twitter
1185566866032467969,"Lattenya bagus, namun cepet banget menggumpal (kebalikan susu indo UHT selain diamond yang cepet banget mencair), jadi kudu cepet nuang e kl gk susah banget bikin latte art. Ini koenci ya, biar mudah kandungan protein dan lemak susu mesti pas. Sebenarnya gak esensial kl udah PRO.",Sat Oct 19 14:42:22 +0000 2019,,,623,0,0,1,in,susu protein menggumpal,2026-05-13T14:26:46.189431,twitter
1156104783545061376,"@matengenak Perkembangan mikroorganisme bisa mengganggu pH susu. Kalau pH susu menurun, protein di susu bisa menggumpal dan jadilah kaya gituu. Cmiiw",Tue Jul 30 07:30:34 +0000 2019,,,380,1,0,1,in,susu protein menggumpal,2026-05-13T14:26:46.189433,twitter
1133233475501273089,"+ mengikat protein susu. Kalau sudah begitu, nanti mereka menggumpal dan membuatmu sakit perut—atau muntah? Aku tidak terlalu ingat yang mana."" @subagjoahae",Tue May 28 04:48:09 +0000 2019,,,25,0,0,0,in,susu protein menggumpal,2026-05-13T14:26:46.189435,twitter
1008265583119364096,"Kasein Yang Membentuk Kira2 80% Dari Protein Terdapat Dalam Susu, Langsung Menggumpal Menjadi Satu Begitu Masuk Lambung.",Sun Jun 17 08:30:22 +0000 2018,,,104,0,0,0,in,susu protein menggumpal,2026-05-13T14:26:46.189437,twitter
1005336291112710144,"Kasein Yang Membentuk Kira2 80% Dari Protein Terdapat Dalam Susu, Langsung Menggumpal Menjadi Satu Begitu Masuk Lambung.",Sat Jun 09 06:30:24 +0000 2018,,,112,0,0,0,in,susu protein menggumpal,2026-05-13T14:26:46.189438,twitter
1005109786130636801,"Kasein Yang Membentuk Kira2 80% Dari Protein Terdapat Dalam Susu, Langsung Menggumpal Menjadi Satu Begitu Masuk Lambung.",Fri Jun 08 15:30:21 +0000 2018,,,111,0,0,0,in,susu protein menggumpal,2026-05-13T14:26:46.189440,twitter
1002958103610978304,"Kasein Yang Membentuk Kira2 80% Dari Protein Terdapat Dalam Susu, Langsung Menggumpal Menjadi Satu Begitu Masuk Lambung.",Sat Jun 02 17:00:20 +0000 2018,,,104,0,0,0,in,susu protein menggumpal,2026-05-13T14:26:46.189442,twitter
1000277981820895233,"Kasein Yang Membentuk Kira2 80% Dari Protein Terdapat Dalam Susu, Langsung Menggumpal Menjadi Satu Begitu Masuk Lambung.",Sat May 26 07:30:29 +0000 2018,,,112,0,0,0,in,susu protein menggumpal,2026-05-13T14:26:46.189443,twitter
1000051464465670145,"Kasein Yang Membentuk Kira2 80% Dari Protein Terdapat Dalam Susu, Langsung Menggumpal Menjadi Satu Begitu Masuk Lambung.",Fri May 25 16:30:23 +0000 2018,,,111,0,0,0,in,susu protein menggumpal,2026-05-13T14:26:46.189445,twitter
997537387789012992,"Kasein Yang Membentuk Kira2 80% Dari Protein Terdapat Dalam Susu, Langsung Menggumpal Menjadi Satu Begitu Masuk Lambung.",Fri May 18 18:00:21 +0000 2018,,,104,0,0,0,in,susu protein menggumpal,2026-05-13T14:26:46.189447,twitter
995061081310613504,"Kasein Yang Membentuk Kira2 80% Dari Protein Terdapat Dalam Susu, Langsung Menggumpal Menjadi Satu Begitu Masuk Lambung.",Fri May 11 22:00:23 +0000 2018,,,112,0,0,0,in,susu protein menggumpal,2026-05-13T14:26:46.189448,twitter
994834692217212928,"Kasein Yang Membentuk Kira2 80% Dari Protein Terdapat Dalam Susu, Langsung Menggumpal Menjadi Satu Begitu Masuk Lambung.",Fri May 11 07:00:48 +0000 2018,,,111,0,0,0,in,susu protein menggumpal,2026-05-13T14:26:46.189450,twitter
992207338693013505,"Kasein Yang Membentuk Kira2 80% Dari Protein Terdapat Dalam Susu, Langsung Menggumpal Menjadi Satu Begitu Masuk Lambung.",Fri May 04 01:00:38 +0000 2018,,,104,0,0,0,in,susu protein menggumpal,2026-05-13T14:26:46.189452,twitter
990025419310026752,"Kasein Yang Membentuk Kira2 80% Dari Protein Terdapat Dalam Susu, Langsung Menggumpal Menjadi Satu Begitu Masuk Lambung.",Sat Apr 28 00:30:28 +0000 2018,,,112,0,0,0,in,susu protein menggumpal,2026-05-13T14:26:47.147995,twitter
989798909433147393,"Kasein Yang Membentuk Kira2 80% Dari Protein Terdapat Dalam Susu, Langsung Menggumpal Menjadi Satu Begitu Masuk Lambung.",Fri Apr 27 09:30:24 +0000 2018,,,111,0,0,0,in,susu protein menggumpal,2026-05-13T14:26:47.148014,twitter
986892323651862528,"Kasein Yang Membentuk Kira2 80% Dari Protein Terdapat Dalam Susu, Langsung Menggumpal Menjadi Satu Begitu Masuk Lambung.",Thu Apr 19 09:00:40 +0000 2018,,,104,0,0,0,in,susu protein menggumpal,2026-05-13T14:26:47.148017,twitter
984959654613716993,"Kasein Yang Membentuk Kira2 80% Dari Protein Terdapat Dalam Susu, Langsung Menggumpal Menjadi Satu Begitu Masuk Lambung.",Sat Apr 14 01:00:55 +0000 2018,,,112,0,0,0,in,susu protein menggumpal,2026-05-13T14:26:47.148019,twitter
984733104001593344,"Kasein Yang Membentuk Kira2 80% Dari Protein Terdapat Dalam Susu, Langsung Menggumpal Menjadi Satu Begitu Masuk Lambung.",Fri Apr 13 10:00:42 +0000 2018,,,111,0,0,0,in,susu protein menggumpal,2026-05-13T14:26:47.148021,twitter
981607432488067072,"Kasein Yang Membentuk Kira2 80% Dari Protein Terdapat Dalam Susu, Langsung Menggumpal Menjadi Satu Begitu Masuk Lambung.",Wed Apr 04 19:00:23 +0000 2018,,,104,0,0,0,in,susu protein menggumpal,2026-05-13T14:26:47.148023,twitter
979923847968210944,"Kasein Yang Membentuk Kira2 80% Dari Protein Terdapat Dalam Susu, Langsung Menggumpal Menjadi Satu Begitu Masuk Lambung.",Sat Mar 31 03:30:26 +0000 2018,,,112,0,0,0,in,susu protein menggumpal,2026-05-13T14:26:47.148025,twitter
979697347075588096,"Kasein Yang Membentuk Kira2 80% Dari Protein Terdapat Dalam Susu, Langsung Menggumpal Menjadi Satu Begitu Masuk Lambung.",Fri Mar 30 12:30:24 +0000 2018,,,111,0,0,0,in,susu protein menggumpal,2026-05-13T14:26:47.148027,twitter
976322698396618753,"Kasein Yang Membentuk Kira2 80% Dari Protein Terdapat Dalam Susu, Langsung Menggumpal Menjadi Satu Begitu Masuk Lambung.",Wed Mar 21 05:00:45 +0000 2018,,,104,0,0,0,in,susu protein menggumpal,2026-05-13T14:26:47.148028,twitter
974888252392947714,"Kasein Yang Membentuk Kira2 80% Dari Protein Terdapat Dalam Susu, Langsung Menggumpal Menjadi Satu Begitu Masuk Lambung.",Sat Mar 17 06:00:46 +0000 2018,,,112,0,0,0,in,susu protein menggumpal,2026-05-13T14:26:47.148030,twitter
974661668645949440,"Kasein Yang Membentuk Kira2 80% Dari Protein Terdapat Dalam Susu, Langsung Menggumpal Menjadi Satu Begitu Masuk Lambung.",Fri Mar 16 15:00:24 +0000 2018,,,111,0,0,0,in,susu protein menggumpal,2026-05-13T14:26:47.148032,twitter
971037920068100096,"Kasein Yang Membentuk Kira2 80% Dari Protein Terdapat Dalam Susu, Langsung Menggumpal Menjadi Satu Begitu Masuk Lambung.",Tue Mar 06 15:00:55 +0000 2018,,,104,0,0,0,in,susu protein menggumpal,2026-05-13T14:26:47.148034,twitter
969852482959523840,"Kasein Yang Membentuk Kira2 80% Dari Protein Terdapat Dalam Susu, Langsung Menggumpal Menjadi Satu Begitu Masuk Lambung.",Sat Mar 03 08:30:25 +0000 2018,,,112,0,0,0,in,susu protein menggumpal,2026-05-13T14:26:47.148035,twitter
969625974655549440,"Kasein Yang Membentuk Kira2 80% Dari Protein Terdapat Dalam Susu, Langsung Menggumpal Menjadi Satu Begitu Masuk Lambung.",Fri Mar 02 17:30:21 +0000 2018,,,111,0,0,0,in,susu protein menggumpal,2026-05-13T14:26:47.148037,twitter
965609544465313792,"Kasein Yang Membentuk Kira2 80% Dari Protein Terdapat Dalam Susu, Langsung Menggumpal Menjadi Satu Begitu Masuk Lambung.",Mon Feb 19 15:30:30 +0000 2018,,,104,0,0,0,in,susu protein menggumpal,2026-05-13T14:26:47.148039,twitter
964673383047733249,"Kasein Yang Membentuk Kira2 80% Dari Protein Terdapat Dalam Susu, Langsung Menggumpal Menjadi Satu Begitu Masuk Lambung.",Sat Feb 17 01:30:31 +0000 2018,,,112,0,0,0,in,susu protein menggumpal,2026-05-13T14:26:47.148041,twitter
964446872977854464,"Kasein Yang Membentuk Kira2 80% Dari Protein Terdapat Dalam Susu, Langsung Menggumpal Menjadi Satu Begitu Masuk Lambung.",Fri Feb 16 10:30:27 +0000 2018,,,111,0,0,0,in,susu protein menggumpal,2026-05-13T14:26:47.148044,twitter
960324725175037953,"Kasein Yang Membentuk Kira2 80% Dari Protein Terdapat Dalam Susu, Langsung Menggumpal Menjadi Satu Begitu Masuk Lambung.",Mon Feb 05 01:30:31 +0000 2018,,,104,0,0,0,in,susu protein menggumpal,2026-05-13T14:26:47.148045,twitter
959637743138586624,"Kasein Yang Membentuk Kira2 80% Dari Protein Terdapat Dalam Susu, Langsung Menggumpal Menjadi Satu Begitu Masuk Lambung.",Sat Feb 03 04:00:41 +0000 2018,,,112,0,0,0,in,susu protein menggumpal,2026-05-13T14:26:47.148047,twitter
959411258775674880,"Kasein Yang Membentuk Kira2 80% Dari Protein Terdapat Dalam Susu, Langsung Menggumpal Menjadi Satu Begitu Masuk Lambung.",Fri Feb 02 13:00:43 +0000 2018,,,111,0,0,0,in,susu protein menggumpal,2026-05-13T14:26:47.148049,twitter
955039902516756480,"Kasein Yang Membentuk Kira2 80% Dari Protein Terdapat Dalam Susu, Langsung Menggumpal Menjadi Satu Begitu Masuk Lambung.",Sun Jan 21 11:30:31 +0000 2018,,,104,0,0,0,in,susu protein menggumpal,2026-05-13T14:26:52.663315,twitter
954602011596488705,"Kasein Yang Membentuk Kira2 80% Dari Protein Terdapat Dalam Susu, Langsung Menggumpal Menjadi Satu Begitu Masuk Lambung.",Sat Jan 20 06:30:29 +0000 2018,,,112,0,0,0,in,susu protein menggumpal,2026-05-13T14:26:52.663330,twitter
954375517586640897,"Kasein Yang Membentuk Kira2 80% Dari Protein Terdapat Dalam Susu, Langsung Menggumpal Menjadi Satu Begitu Masuk Lambung.",Fri Jan 19 15:30:29 +0000 2018,,,111,0,0,0,in,susu protein menggumpal,2026-05-13T14:26:52.663332,twitter
949755060463976448,"Kasein Yang Membentuk Kira2 80% Dari Protein Terdapat Dalam Susu, Langsung Menggumpal Menjadi Satu Begitu Masuk Lambung.",Sat Jan 06 21:30:26 +0000 2018,,,104,0,0,0,in,susu protein menggumpal,2026-05-13T14:26:52.663334,twitter
949566389810970624,"Kasein Yang Membentuk Kira2 80% Dari Protein Terdapat Dalam Susu, Langsung Menggumpal Menjadi Satu Begitu Masuk Lambung.",Sat Jan 06 09:00:44 +0000 2018,,,112,0,0,0,in,susu protein menggumpal,2026-05-13T14:26:52.663336,twitter
949339806823202816,"Kasein Yang Membentuk Kira2 80% Dari Protein Terdapat Dalam Susu, Langsung Menggumpal Menjadi Satu Begitu Masuk Lambung.",Fri Jan 05 18:00:22 +0000 2018,,,111,0,0,0,in,susu protein menggumpal,2026-05-13T14:26:52.663338,twitter
2018195981909852656,"oh ternyata whey protein mahal dibanding yang murah selain beda komposisi, beda juga kemudahan larutnya. tried 3 different brands so far, pr*vus, fitl*fe, and now ev*lene. merk kedua susah bgt buat larut euy meanwhile merk 1 &amp; 3 (apalagi 3) gampang bgt",Mon Feb 02 05:33:13 +0000 2026,,,707,4,0,1,in,whey protein susah larut,2026-05-13T14:27:14.352060,twitter
1727856883258765542,"Gw masih kurang paham kenapa belakangan anak gym banyak bawa electric blender bottle.. padahal cuma kocok whey protein doang, ga pake dicampur buah2an.

Like.. itu barang lebih berat dibawa2, lebih susah dibersihin, musti di charge, dan lebih mahal. Yg lu kocok jg whey isolate yg",Fri Nov 24 01:09:17 +0000 2023,,,10402,1,0,10,in,whey protein susah larut,2026-05-13T14:27:05.446859,twitter
1537395109473308674,kenapa ya whey protein susah banget larut 😫,Thu Jun 16 11:22:12 +0000 2022,,,3478,0,0,0,in,whey protein susah larut,2026-05-13T14:27:14.352078,twitter
1467052740790476800,"Supaya whey protein mu tidak menggumpal dan tetap enak diminum, coba tips berikut ini:
Gunakan air dingin, tapi bukan air es. Air yang terlalu dingin malah membuat whey protein susah larut. Half hot water and half cold water will do the trick bro!",Sat Dec 04 08:46:44 +0000 2021,,,572247,6,1,1,in,whey protein susah larut,2026-05-13T14:27:14.352082,twitter
681053194370330624,"Ada yg pernah seduh susu protein dgn air panas ? Pada suhu panas, whey protein akan menggumpal dan susah larut.  #protein",Sun Dec 27 10:05:09 +0000 2015,,,572247,3,14,1,in,whey protein susah larut,2026-05-13T14:27:14.352086,twitter
581622088567549952,"Masih seputar whey protein, namun saat dikonsumsi seringkali menggumpal dan susah larut?",Sat Mar 28 01:01:26 +0000 2015,,,572247,0,8,0,in,whey protein susah larut,2026-05-13T14:27:14.352089,twitter
519741960169353216,"RT @LMen: Ada yg pernah seduh susu protein dgn air panas ? Pada suhu panas, whey protein akan menggumpal dan susah larut. :) #protein",Wed Oct 08 06:51:54 +0000 2014,,,455,1,0,0,in,whey protein susah larut,2026-05-13T14:27:14.352092,twitter
519480780574048258,"RT ""@LMen: Ada yg pernah seduh susu protein dgn air panas ? Pada suhu panas, whey protein akan menggumpal dan susah larut. :) #protein""",Tue Oct 07 13:34:04 +0000 2014,,,1148,0,0,0,in,whey protein susah larut,2026-05-13T14:27:14.352095,twitter
519476524655722496,"Iya""@LMen: Ada yg pernah seduh susu protein dgn air panas ? Pada suhu panas, whey protein akan menggumpal dan susah larut. :) #protein""",Tue Oct 07 13:17:09 +0000 2014,,,113,1,0,0,in,whey protein susah larut,2026-05-13T14:27:14.352099,twitter
519474864592531457,"Ada yg pernah seduh susu protein dgn air panas ? Pada suhu panas, whey protein akan menggumpal dan susah larut. :) #protein",Tue Oct 07 13:10:33 +0000 2014,,,572247,2,12,3,in,whey protein susah larut,2026-05-13T14:27:14.352102,twitter
370570336137261057,"@LMen Ada yg prnh seduh susu protein dgn air pns? Pd suhu pns, whey protein akan menggumpal susah larut bro!--&gt; +protein rusak terdenaturasi",Thu Aug 22 15:37:07 +0000 2013,,,645,0,0,1,in,whey protein susah larut,2026-05-13T14:27:14.352105,twitter
370548172789006336,"Cc: @Roigen_sumbung ""@LMen: Ada yg prnh seduh susu protein dgn air panas? Pd suhu panas, whey protein akn menggumpal n susah larut bro! :)""",Thu Aug 22 14:09:03 +0000 2013,,,136,0,0,0,in,whey protein susah larut,2026-05-13T14:27:14.352108,twitter
370545058006581249,"RT @LMen: Ada yg pernah seduh susu protein dgn air panas ? Pada suhu panas, whey protein akan menggumpal dan susah larut bro! :)""",Thu Aug 22 13:56:40 +0000 2013,,,202,0,0,0,in,whey protein susah larut,2026-05-13T14:27:14.352111,twitter
370541901947998208,"PERNAH RT @LMen: Ada yg pernah seduh susu protein dgn air panas ? Pada suhu panas, whey protein akan menggumpal dan susah larut bro! :)",Thu Aug 22 13:44:08 +0000 2013,,,205,0,0,0,in,whey protein susah larut,2026-05-13T14:27:14.352114,twitter
370539224660848641,":O gw @LMen: Ada yg pernah seduh susu protein dgn air panas ? Pada suhu panas, whey protein akan menggumpal dan susah larut bro! :)""",Thu Aug 22 13:33:30 +0000 2013,,,372,0,0,0,in,whey protein susah larut,2026-05-13T14:27:14.352117,twitter
370539043693400064,"Pantesan RT @LMen: Ada yang pernah seduh susu protein dengan air panas? Pada suhu panas, whey protein akan menggumpal dan susah larut bro!",Thu Aug 22 13:32:46 +0000 2013,,,218,0,0,1,in,whey protein susah larut,2026-05-13T14:27:14.352120,twitter
370538633612115970,"Waduh, keliru rek ""@LMen: Ada yg pernah seduh susu protein dgn air panas ? Pada suhu panas, whey protein akan menggumpal dan susah larut",Thu Aug 22 13:31:09 +0000 2013,,,161,0,0,1,in,whey protein susah larut,2026-05-13T14:27:14.352123,twitter
370538570802413568,"""@LMen: Ada yg pernah seduh susu protein dgn air panas ? Pada suhu panas, whey protein akan menggumpal dan susah larut bro! :)""",Thu Aug 22 13:30:54 +0000 2013,,,444,0,0,0,in,whey protein susah larut,2026-05-13T14:27:14.352126,twitter
370538299708145664,"Ada yg pernah seduh susu protein dgn air panas ? Pada suhu panas, whey protein akan menggumpal dan susah larut bro! :)",Thu Aug 22 13:29:49 +0000 2013,,,572247,3,22,12,in,whey protein susah larut,2026-05-13T14:27:14.352129,twitter
342165894245523456,@LMen kalo susu protein diseduh susu hangat apa whey protein na akan susah larut juga ? :),Wed Jun 05 06:28:00 +0000 2013,,,55,0,0,1,in,whey protein susah larut,2026-05-13T14:27:07.946045,twitter
342160491474460673,"""@LMen: Ada yg pernah seduh susu protein dgn air panas ? Pada suhu panas, whey protein akan menggumpal dan susah larut. :) #LTips""",Wed Jun 05 06:06:32 +0000 2013,,,202,0,0,0,in,whey protein susah larut,2026-05-13T14:27:07.946046,twitter
342160354664656897,"""@LMenTeen: Ada yg pernah seduh susu protein dgn air panas ? Pada suhu panas, whey protein akan menggumpal dan susah larut. :) #LTips""",Wed Jun 05 06:06:00 +0000 2013,,,202,0,0,0,in,whey protein susah larut,2026-05-13T14:27:07.946048,twitter
342156264257761281,"Suplemen RT @LMen: Ada yg pernah seduh susu protein dgn air panas ? Pada suhu panas, whey protein akan menggumpal dan susah larut. :)",Wed Jun 05 05:49:45 +0000 2013,,,230,0,0,0,in,whey protein susah larut,2026-05-13T14:27:07.946050,twitter
342153892462727168,"Ada yg pernah seduh susu protein dgn air panas ? Pada suhu panas, whey protein akan menggumpal dan susah larut. :) #LTips",Wed Jun 05 05:40:19 +0000 2013,,,572247,3,18,6,in,whey protein susah larut,2026-05-13T14:27:07.946052,twitter
285374048828022784,"oh pntes“@LMen: Ada yg pernah seduh susu protein dgn air panas ? Pada suhu panas, whey protein akan menggumpal dan susah larut. :) #protein”",Sun Dec 30 13:17:29 +0000 2012,,,241,0,0,0,in,whey protein susah larut,2026-05-13T14:27:07.946054,twitter
285373364992897024,"RT @LMen: Ada yg pernah seduh susu protein dgn air panas ? Pada suhu panas, whey protein akan menggumpal dan susah larut. :) #protein",Sun Dec 30 13:14:46 +0000 2012,,,243,0,0,0,in,whey protein susah larut,2026-05-13T14:27:07.946055,twitter
285372706369720320,"""@LMen: Ada yg pernah seduh susu protein dgn air panas ? Pada suhu panas, whey protein akan menggumpal dan susah larut. :) #protein""",Sun Dec 30 13:12:09 +0000 2012,,,1571,0,0,0,in,whey protein susah larut,2026-05-13T14:27:07.946057,twitter
285372430921375744,"RT @LMen: Ada yg pernah seduh susu protein dgn air panas ? Pada suhu panas, whey protein akan menggumpal dan susah larut. :) #protein",Sun Dec 30 13:11:04 +0000 2012,,,676,0,0,0,in,whey protein susah larut,2026-05-13T14:27:07.946059,twitter
285372247697391617,"Ada yg pernah seduh susu protein dgn air panas ? Pada suhu panas, whey protein akan menggumpal dan susah larut. :) #protein",Sun Dec 30 13:10:20 +0000 2012,,,572247,2,14,12,in,whey protein susah larut,2026-05-13T14:27:07.946060,twitter
237044419755397120,"Gunakan air dingin, tapi bukan air es. Air yg terlalu dingin malah membuat whey protein susah larut #wheyproteindanairpanas",Sun Aug 19 04:32:48 +0000 2012,,,188,0,0,0,in,whey protein susah larut,2026-05-13T14:27:07.946062,twitter
237037236774912002,"Tapi, apabila whey protein yang Anda konsumsi seringkali menggumpal dan susah larut, berikut tips nya #wheyproteindanairpanas",Sun Aug 19 04:04:15 +0000 2012,,,188,0,0,0,in,whey protein susah larut,2026-05-13T14:27:07.946064,twitter
201503539493736449,@dennysantoso ko aku beli whey protein.. Trus aku masukin kulkas .. Eh giliran diseduh kok susah larut ? http://t.co/CpjjK6jI,Sun May 13 02:46:02 +0000 2012,,,539,0,0,0,in,whey protein susah larut,2026-05-13T14:27:07.946066,twitter
2040363437314937048,knp protein shake bikin mual,Sat Apr 04 09:38:46 +0000 2026,,,111,0,0,0,in,protein shake bikin mual,2026-05-13T14:28:32.563205,twitter
1839581208608661778,"Tips buat males nguyah tapi mau dapet protein banyak

emang kalo makan tuh suka males, capek, dan kadang mual. nah biasanya gw bikin protein shake yang bisa dapet kurang lebih 30+an gram protein sekali minum

nah ini yang biasanya gw buat:
https://t.co/nhZYpdGp74",Fri Sep 27 08:21:52 +0000 2024,,,11711,1,0,1,in,protein shake bikin mual,2026-05-13T14:28:32.563326,twitter
1790950549501944304,"@calmacalma__ yang bikin mual tuh bukan makannya, tapi sebelumnya nyoba protein milk instan merk lain (karena w lupa bikin protein shake dari rumah) terus ternyata w ngga suka rasanya, jadi mual hhhh",Thu May 16 03:40:59 +0000 2024,,,6770,0,0,0,in,protein shake bikin mual,2026-05-13T14:28:32.563332,twitter
1615689267845689348,"@diethingy Dinner ku protein shake, lebih nyaman buat orang yg seharian kerja rasanya pengen langsung merem karena ga bikin mual dan asam lambung naik",Wed Jan 18 12:35:14 +0000 2023,,,395,0,0,1,in,protein shake bikin mual,2026-05-13T14:28:32.563336,twitter
1468975031057190917,@tubirfess Tinggal kasih kopinya dikit aja misal 1/2 sendok teh dan juga atur protein shakenya biar rasanya bikin mual + rasa kopinya terasa. Kalo protein shake bukannya malah minumnya dikit2 tapi harus intens ya?,Thu Dec 09 16:05:14 +0000 2021,,,236,0,0,0,in,protein shake bikin mual,2026-05-13T14:28:32.563343,twitter
1382658720522375168,"Nyampurin protein powder kedalam shake bikin mual minumnya. Besok2 gak lagi dah, campur buah aja udah cukup:)",Thu Apr 15 11:35:02 +0000 2021,,,277,0,0,1,in,protein shake bikin mual,2026-05-13T14:28:32.563350,twitter
1381742480266158081,"@BANYUGENl ️️ ️️ 
️️ ️️ 
️️ ️️ 
️️ ️️ 
Saya gak suka protein shake, bikin mual haha. Jadilah, kalau ngegym selalu bawa jus. Tapi itupun gula-nya sedikit banget.
️️ ️️ 
️️ ️️ 
️️ ️️ 
️️ ️️",Mon Apr 12 22:54:13 +0000 2021,,,67,0,0,0,in,protein shake bikin mual,2026-05-13T14:28:32.563357,twitter
2054287645925158968,"@NEVERLOGGINGOUT Water, whey protein isolate, fruit flavors, and stevia for sweetener. Like a protein shake but in a fruit punch form instead of a milky/chalky form. They're not bad but I've only tried a different brand.",Tue May 12 19:48:36 +0000 2026,,,26,1,0,0,en,protein shake chalky,2026-05-13T14:29:48.949061,twitter
2054095255604256919,"@TheBumblingBee_ That's fair, a lot of them do have that weird chalky texture 😅 @gethlth is the one that actually changed my mind nothing like that at all. Tastes way better than you'd expect from a protein or meal replacement shake.",Tue May 12 07:04:06 +0000 2026,,,3,1,0,0,en,protein shake chalky,2026-05-13T14:29:48.949077,twitter
2053899696460988837,"This is what I’m drinking now, lactose intolerant, only 1 g of sugar, 30 g of protein, and it tastes so good. No chalky aftertaste, and this is not an ad. Loving this #NURRI protein shake! Please trust me you gotta try it out. https://t.co/LQoaPPtNDz",Mon May 11 18:07:01 +0000 2026,,,1110,0,0,0,en,protein shake chalky,2026-05-13T14:29:48.949079,twitter
2051892959126126698,The macros aren’t even that good if u want high protein cereal just make a protein shake and eat it with regular cereal and the macros will be similar depending on ur portions its like 150 cal per serving for 15g protein its not that crazy and prob chalky,Wed May 06 05:12:58 +0000 2026,,,427,1,0,0,en,protein shake chalky,2026-05-13T14:29:48.949081,twitter
2050352786030649746,i need a new protein shake that doesn’t taste like chalky dog shit. what dew i dew,Fri May 01 23:12:52 +0000 2026,,,544,0,0,0,en,protein shake chalky,2026-05-13T14:29:48.949083,twitter
2047395117724508186,"my two favorite sentences from a client:

1. im seeing muscle definition
2. I found a protein shake that's not chalky https://t.co/52YTumKEre",Thu Apr 23 19:20:09 +0000 2026,,,2408,5,0,0,en,protein shake chalky,2026-05-13T14:29:48.949085,twitter
2047002655718072536,This week I made my over night oats with a chocolate protein shake instead of the powder to see if it would be less chalky like and it’s really creamy and yummy! I forgot to get bananas so I just sprinkled blueberries on top with some peanut butter 🤤 https://t.co/EaDyIvZoBW,Wed Apr 22 17:20:39 +0000 2026,,,687,2,0,0,en,protein shake chalky,2026-05-13T14:29:48.949087,twitter
2045512105076670957,"After using it for almost 30 days, Here’s the truth for SUPERYOU Yeast Protein 👇🏻

I tried SUPERYOU COLD COFFEE &amp; It’s delicious 😋 
A bit Chalky feel for first few days but super smooth. 😊 

As claimed, It’s really Gut Friendly.
No heavyness &amp; No digestion problems

No Mixi No https://t.co/GvwMimTyAj",Sat Apr 18 14:37:44 +0000 2026,,,224,1,0,1,en,protein shake chalky,2026-05-13T14:29:48.949088,twitter
2044823376791822609,"""My new favorite high-protein snack isn't a shake or a bar — it's a bean""

@TheOnlyBean is running 304 active ads right now. Three hundred and four.

This is a classic UGC testimonial play but the product positioning is what makes it work. They're not competing with other bean https://t.co/77dVcmN2Ts",Thu Apr 16 17:00:58 +0000 2026,,,3115,0,0,0,en,protein shake chalky,2026-05-13T14:29:48.949090,twitter
2043423350983135592,@morbidlyfawn @dollestmari Yess!! I have the chocolate protein shake in the morning it’s pretty good and it doesn’t taste like chalky protein powder,Sun Apr 12 20:17:46 +0000 2026,,,76,0,0,0,en,protein shake chalky,2026-05-13T14:29:48.949092,twitter
2040618419691639152,Add cayenne pepper to your hot chocolate protein shake and it covers up the chalky taste btw https://t.co/q8C4fga43A,Sun Apr 05 02:31:58 +0000 2026,,,632,2,0,0,en,protein shake chalky,2026-05-13T14:29:48.949094,twitter
2039319394912960943,"Why choose between a cold one and a protein shake? Introducing the BP ISO-LAGER. We’ve infused our classic draught with 30g of Triple-Filtered Whey Isolate. It’s got the crisp finish of a pilsner and the thick, chalky mouthfeel of a basement gym session. It’s lumpy, it’s https://t.co/FJSpvQatlT",Wed Apr 01 12:30:07 +0000 2026,,,24447,2,1,2,en,protein shake chalky,2026-05-13T14:29:48.949096,twitter
2037894235337404566,"@he4rtgoId Easy peasy 

Chilled water
Add a shot of espresso or instant coffee
Sample few protein powders, get those which are least chalky, chocolate base flavoured whey work best.
Shake vigorously in a shaker
Enjoy

I literally enjoy drinking my muscleblaze this way",Sat Mar 28 14:07:02 +0000 2026,,,48,0,0,0,en,protein shake chalky,2026-05-13T14:29:48.949098,twitter
2037560831789945011,"Tried, tested &amp; approved ✅

We took our HNGRY® Protein samples to Foundry Gym Sheffield and the feedback was clear: clean taste, no chalky aftertaste, and flavours that actually taste like a treat 🍫🍓🍌

👉 Upgrade your shake here: https://t.co/dZoPZcl21L https://t.co/WuhRYxWq1B",Fri Mar 27 16:02:13 +0000 2026,,,316,0,0,0,en,protein shake chalky,2026-05-13T14:29:48.949100,twitter
2036565109246664742,"Here’s a recent paid ad concept for a health &amp; wellness brand🌿🧋

For this concept, the client specifically wanted a first time taste test style video, so it’s not the typical ugc format. the goal was to make it feel as authentic as possible while still driving curiosity and https://t.co/QHNDHUMMjt",Tue Mar 24 22:05:34 +0000 2026,,,666,24,0,9,en,protein shake chalky,2026-05-13T14:29:48.949102,twitter
2036395925891940796,"Tried some pea protein in my shake and it was the most repulsive thing I’ve ever tasted. The rice protein I had was better but kinda chalky as well.

Might just go back to whey, sorry vegans.",Tue Mar 24 10:53:17 +0000 2026,,,2194,6,0,3,en,protein shake chalky,2026-05-13T14:29:48.949104,twitter
2035974860477026576,"Struggling with cravings? 😫 Fat Blaster Diet Shake keeps you full &amp; fueled without the extra calories. 🥤💪
✅ High Protein (Stay full longer!)
✅ 24+ Vitamins (Total nutrition)
✅ Amazing Taste (No chalky flavor!)
Ditch the guilt. Fuel your body right. 🌿 https://t.co/RlHcJimem1",Mon Mar 23 07:00:07 +0000 2026,,,5,0,0,0,en,protein shake chalky,2026-05-13T14:29:48.949106,twitter
2035401534523965819,"Our 7-year-old decided he wanted to try a protein shake. I gave him one, he tasted it, and grimaced. ""I know - it tastes chalky, right?"" I said. He looked at me and said, ""How would I know? I've never tasted chalk!""",Sat Mar 21 17:01:56 +0000 2026,,,130435,190,7,7,en,protein shake chalky,2026-05-13T14:29:48.949108,twitter
2034172929290998144,@foodpharmer2 Revant all of that is gr8 but do you have tips on how to make the plant protein shake less chalky?  Maybe adding it to milk/oats?,Wed Mar 18 07:39:54 +0000 2026,,,112,0,0,0,en,protein shake chalky,2026-05-13T14:29:48.949110,twitter
2034151074790314049,"Tired of chalky, artificial protein shakes after your workout? Meet your new post-gym obsession:  BBagio Protein Shake
🌾💪

#bbagio #proteinshake #shakeyum #workoutfuel #weightlosschallenge #cleanprotein #highprotein https://t.co/b3y2FV7onZ",Wed Mar 18 06:13:03 +0000 2026,,,7,0,0,0,en,protein shake chalky,2026-05-13T14:29:48.949111,twitter
2031122229795369295,Okios Vanilla Protein Shake😩. Not too sweet. Not chalky. Doesn’t give me the protein poops.,Mon Mar 09 21:37:30 +0000 2026,,,2122,1,0,0,en,protein shake chalky,2026-05-13T14:29:53.212237,twitter
2030213187379818727,"💪🏼 MY GO-TO PROTEIN 🍫🥛 This post-workout shake is my secret weapon after those sweaty home workouts! 55g protein ✔️ Chocolate milkshake vibes ✔️ Helps recovery + muscle tone ✔️ …and no bloat, no chalky taste—just yum! 🤤 ✨ Perfect if you’re doing one of my workouts from https://t.co/x4T820z24V",Sat Mar 07 09:25:18 +0000 2026,,,4,0,0,0,en,protein shake chalky,2026-05-13T14:29:53.212255,twitter
2027141618369806819,@Dianexis But is it gonna have that bad chalky thing damn near every chocolate protein shake has? Only good chocolate one ive had is the chocolate pb one from premier.,Thu Feb 26 21:59:58 +0000 2026,,,97,0,0,0,en,protein shake chalky,2026-05-13T14:29:53.212263,twitter
2025924863278428247,my coffee cold as hell and protein shake chalky as hell 😫,Mon Feb 23 13:25:01 +0000 2026,,,948,0,0,0,en,protein shake chalky,2026-05-13T14:29:53.212267,twitter
2023847326205554857,I love when the protein shake tastes like the misery of 1000 souls was reduced into a chalky beverage,Tue Feb 17 19:49:38 +0000 2026,,,2972,65,4,2,en,protein shake chalky,2026-05-13T14:29:53.212270,twitter
2021957369836515397,"@garrytan I might try to sell flavored creatine lol. I have experience in the industry, and I think this will shape people’s behavior. 

Creatine is already the most popular supplement other than protein, and it’s usually unflavored and people add it to their pre-workout or protein shake.",Thu Feb 12 14:39:37 +0000 2026,,,780,0,0,1,en,protein shake chalky,2026-05-13T14:29:53.212273,twitter
2021888535020929103,"just paid $15 for a protein shake at this lame cafe 😂 like who tf charges that much for almond milk &amp; chalky whey??? smh, trying 2 get fit🔥 that's the tweet",Thu Feb 12 10:06:06 +0000 2026,,,19,0,0,0,en,protein shake chalky,2026-05-13T14:29:53.212275,twitter
2020697296351191438,I got stuff to make a protein shake but.. it’s so ass. Chalky I think I need to add yogurt to…,Mon Feb 09 03:12:32 +0000 2026,,,276,1,0,0,en,protein shake chalky,2026-05-13T14:29:53.212277,twitter
2019875485635998004,@beaniebbl moooooove aside chalky protein shake. let a real man fix her problems.,Fri Feb 06 20:46:57 +0000 2026,,,1604,0,0,0,en,protein shake chalky,2026-05-13T14:29:53.212279,twitter
2019788421422616990,"Ditch the chalky shakes. 🍦 HNGRY® Vanilla Whey delivers 24g protein &amp; 106 cals with just 4 clean ingredients. No fillers, no junk—just pure, natural fuel. 💪

Upgrade your shake: https://t.co/dZoPZcl21L

#HNGRY #CleanProtein https://t.co/21jLdcgFPI",Fri Feb 06 15:01:00 +0000 2026,,,316,1,1,0,en,protein shake chalky,2026-05-13T14:29:53.212281,twitter
2018354273923256445,"""Look at this. 

You got these yuppie jack-offs at Starbucks linin' up like sheep, payin' nine bucks for a cuppa, what do they call it? 'venti caramel macchiato with oat milk and extra whip'? 

Extra whip? 

What are you, five years old? 

They got more foam than coffee. 

It's https://t.co/JRA2ulMg7b",Mon Feb 02 16:02:12 +0000 2026,,,305494,29,2,0,en,protein shake chalky,2026-05-13T14:29:53.212283,twitter
2017004531939254279,"High-protein without the sludge.
30g protein, 0 sugar, light &amp; bubbly—actually refreshing, not a chalky shake.
Perfect post-workout or between meals.
🔗 https://t.co/08EVzoiG14 https://t.co/2fYgJnttg1",Thu Jan 29 22:38:49 +0000 2026,,,343,0,0,0,en,protein shake chalky,2026-05-13T14:29:53.212286,twitter
2016228960678342812,"@SeeReax Random question. When you go to the gym, do you use protein powder for a protein shake? If so which brand do you use? I tried a vegan one and it’s pretty chalky 😅",Tue Jan 27 19:16:58 +0000 2026,,,693,12,0,1,en,protein shake chalky,2026-05-13T14:29:53.212288,twitter
2014491417431687596,"@Cernovich Pioneer is the BEST protein shake I’ve had—and I’ve tried many. 
Not chalky, no aftertaste.
Just wholesome and delicious. https://t.co/6CM6LxalBX",Fri Jan 23 00:12:36 +0000 2026,,,15708,39,4,3,en,protein shake chalky,2026-05-13T14:29:53.212290,twitter
2013847534272147593,@kimudeluxe How does the 42 gram protein shake taste compared to the 26 gram version? Is it more “chalky”?,Wed Jan 21 05:34:02 +0000 2026,,,1050,0,0,0,en,protein shake chalky,2026-05-13T14:29:53.212292,twitter
2013517574139474312,"Drinking a chalky protein shake, hoping it will transform you. It just tastes like regret and sand. #ProteinShake #Regret #Nutrition",Tue Jan 20 07:42:53 +0000 2026,,,218,0,0,0,en,protein shake chalky,2026-05-13T14:29:53.212294,twitter
2013260059552137417,"Let’s try the Strawberry Quest Protein Shake together 👀🥤

Okay… I’m actually surprised.
It’s smooth, not overly thick, and doesn’t have that chalky aftertaste a lot of protein shakes be playing with.
Packed with more protein than a lot of its competitors, @QuestNutrition https://t.co/P1carunX63",Mon Jan 19 14:39:37 +0000 2026,,,708,1,0,0,en,protein shake chalky,2026-05-13T14:29:53.212297,twitter
2011210051630067905,"If your New Year goal is protein but your taste buds are anti–chalky shakes… Costco’s sparkling protein water is trying to enter the chat. 🥤
30g protein, zero sugar!  Are we grabbing a case or passing?

Drop your verdict: TEAM BUBBLES or TEAM SHAKE. https://t.co/dymEMtq8e2",Tue Jan 13 22:53:37 +0000 2026,,,1618,23,2,0,en,protein shake chalky,2026-05-13T14:29:53.212299,twitter
2010275503198896345,"Somehow only 16.20 (was 23.99) 💸

Protein that doesn't taste like chalky punishment

12-Pack Optimum Nutrition Gold Standard Protein Shake Cafe Latte with Subscribe &amp; Save

https://t.co/Tj0qnimvVU 🐾",Sun Jan 11 09:00:03 +0000 2026,,,65587,0,0,0,en,protein shake chalky,2026-05-13T14:29:53.212301,twitter
2008726145148350654,"lowkey when someone posts a ""wieiad as someone who doesnt care about weight"" vid and they start off w a protein shake or protein yogurt bowl im like.. yeah right.. ik what you are.. cos in my head why would u CHOOSE to have chalky ass protein powder..",Wed Jan 07 02:23:27 +0000 2026,,,122,1,0,0,en,protein shake chalky,2026-05-13T14:29:53.212303,twitter
2008571007842316669,"5/5 ⭐️
The Vanilla Oikos Protein Shake tastes like a melted vanilla milkshake. Smooth, creamy, and not chalky at all, which honestly surprised me. This is one of the few protein shakes I’d actually look forward to drinking again.
#Oikos #ProteinShake #Vanilla #HealthyHabits https://t.co/gH5rkpotqu",Tue Jan 06 16:07:00 +0000 2026,,,14,0,0,0,en,protein shake chalky,2026-05-13T14:29:56.756515,twitter
2008410412170305874,"Drinking a chalky protein shake, hoping it will transform you. It just tastes like regret and sand. #ProteinShake #Regret #Nutrition",Tue Jan 06 05:28:51 +0000 2026,,,220,0,0,0,en,protein shake chalky,2026-05-13T14:29:56.756552,twitter
2007350707217707386,"Plant-based protein powder gives you the same muscle-building benefits as whey.

Except:

- It's only 60-70% bioavailable (whey is 95%)
- Incomplete amino acid profile (needs multiple sources blended)
- Tastes like dirt mixed with sadness
- Contains heavy metals (Consumer Reports",Sat Jan 03 07:17:58 +0000 2026,,,147373,116,15,7,en,protein shake chalky,2026-05-13T14:29:56.756557,twitter
2005611712347873520,"Drinking a chalky protein shake, hoping it will transform you. It just tastes like regret and sand. #ProteinShake #Regret #Nutrition",Mon Dec 29 12:07:49 +0000 2025,,,225,0,0,0,en,protein shake chalky,2026-05-13T14:29:56.756562,twitter
2003812339670482990,@QueenofSadSongs @justalexoki @rob_mcrobberson On its own it’s a tasteless slightly chalky white powder. I mix it into a protein shake and you only notice a little chalkiness,Wed Dec 24 12:57:45 +0000 2025,,,349,0,0,0,en,protein shake chalky,2026-05-13T14:29:56.756566,twitter
2001624162012627345,"Drinking a chalky protein shake, hoping it will transform you. It just tastes like regret and sand. #ProteinShake #Regret #Nutrition",Thu Dec 18 12:02:43 +0000 2025,,,229,2,0,1,en,protein shake chalky,2026-05-13T14:29:56.756570,twitter
1997676182062374950,is there any protein shake that doesn’t taste so god damn chalky? fucking hell,Sun Dec 07 14:34:51 +0000 2025,,,9,1,0,0,en,protein shake chalky,2026-05-13T14:29:56.756573,twitter
1997218227643207819,@gaurimhaslekarr @asmitaakamboj Try it with almond or soy milk. You won’t feel it chalky at all. Just The best gut friendly protein shake.,Sat Dec 06 08:15:06 +0000 2025,,,74,0,0,0,en,protein shake chalky,2026-05-13T14:29:56.756577,twitter
1995533011777913333,"start my day with a nice, chalky protein shake. Then, for dinner, I switch it up a little and have a nice, chalky protein shake",Mon Dec 01 16:38:39 +0000 2025,,,31,1,0,0,en,protein shake chalky,2026-05-13T14:29:56.756581,twitter
1993621631327969631,"When you have to write a VSL or a Meta ad, but the second you sit down at your MacBook, you find yourself staring at a blank Google Docs page…

Do this.

Start your piece of copy by making a contrast.

A contrast between where/how your ideal customer is right now and where/how",Wed Nov 26 10:03:31 +0000 2025,,,21,2,0,0,en,protein shake chalky,2026-05-13T14:29:56.756586,twitter
1992933886800933081,"This morning i drank my first protein shake using @ryse_supps jetpuff loaded protein powder.

I usually never eat anything for breakfast so this is a good change and no chalky taste like I've had in the past https://t.co/4flSz3LCel",Mon Nov 24 12:30:40 +0000 2025,,,428,0,0,0,en,protein shake chalky,2026-05-13T14:29:56.756590,twitter
1991487141860213053,Discover the top 11 protein powders of 2025 that deliver on both taste and quality. Our extensive testing ensures you'll enjoy every shake without any chalky aftertaste. Elevate your nutrition game today with our expert recommendations. Read more at https://t.co/ReqOkSA2AE,Thu Nov 20 12:41:49 +0000 2025,,,504,0,0,0,en,protein shake chalky,2026-05-13T14:29:56.756593,twitter
1990672716668522523,"@washghost1 Macros on chocolate milk are amazing

Best post-workout drink possible

Cost effective, delicious, no wierd chalky protein shake texture, extremely bioavailable, and natural, plus antioxidants from chocolate

11/10 would force this bitch to make me 3 more",Tue Nov 18 06:45:35 +0000 2025,,,916,0,0,0,en,protein shake chalky,2026-05-13T14:29:56.756596,twitter
1983221314665254957,"Reds Superfood – Berry-Forward Reds Powder for Smoothies, Mocktails, and Daily Routines

Bright, juicy, and easy to mix, 12 FUEL Reds Superfood is a berry-forward reds powder designed for flavor-first sipping and simple, everyday use. If you want a vibrant superfood drink mix https://t.co/JSeRJLVpXO",Tue Oct 28 17:16:22 +0000 2025,,,1444,0,0,0,en,protein shake chalky,2026-05-13T14:29:56.756605,twitter
1976308510238572634,"I just tried out a high protein dessert but with all the powder I found it to be super chalky and thick so I slowly stirred in a protein shake to soften it up and it’s 1000x better. 
84g of protein
590 calories https://t.co/h5ae2048e5",Thu Oct 09 15:27:21 +0000 2025,,,5157,8,0,4,en,protein shake chalky,2026-05-13T14:29:56.756609,twitter
1975012609457070254,"Welcome to my protein shake journey - the good, the bad, and the chalky. Let’s see which ones actually hit 💪🏻",Mon Oct 06 01:37:54 +0000 2025,,,1,0,0,0,en,protein shake chalky,2026-05-13T14:29:56.756612,twitter
1974408776825585841,fuck ass gym bro trying to tell ME how to diet like shut the fuck up and chug ur chalky ass protein shake hoe,Sat Oct 04 09:38:29 +0000 2025,,,257,2,1,0,en,protein shake chalky,2026-05-13T14:29:56.756615,twitter
1974066774464487840,"Adult Multivitamin Bear Gummies – Everyday Essentials in a Tasty, On-the-Go Format

Make daily nutrition feel effortless. 12 FUEL Adult Multivitamin Bear Gummies bring together a curated range of vitamins and minerals in a chewy, fruit-flavored format that fits real life, desk https://t.co/Kx6YTUCMqD",Fri Oct 03 10:59:30 +0000 2025,,,1444,0,0,0,en,protein shake chalky,2026-05-13T14:29:56.756619,twitter
1971611855073554795,@PuppiesIover Chalky protein shake….,Fri Sep 26 16:24:31 +0000 2025,,,180,36,0,2,en,protein shake chalky,2026-05-13T14:29:56.756622,twitter
1970652751165104600,"📷

I sing the body electric: The American Gym and the Values of Lust fueled Lifting Frenzy
MICHELLE MASEP 23, 2025In America the exhaustion of emotion is for the frenzy of the voyeuristic public. All is displayed, in any American gym, a woman wears skintight clothing to show",Wed Sep 24 00:53:23 +0000 2025,,,205,0,0,0,en,protein shake chalky,2026-05-13T14:29:56.756626,twitter
2049882409748009025,"Taste AND quality?! We don't compromise on either! 😜 Our Clear Protein Powders are made with grass-fed whey protein isolate, zero fillers, nothing artificial and are third-party tested for quality you can actually trust ✨ This is what a clean protein... https://t.co/JJFcK0aMCs",Thu Apr 30 16:03:46 +0000 2026,,,22,0,0,0,en,whey protein taste artificial,2026-05-13T14:33:52.707637,twitter
2046602698057728151,"ESN (Elite Sports Nutrients)

ESN (Elite Sports Nutrients) has become one of the most influential fitness brands in Germany and across Europe, with Designer Whey serving as the absolute flagship of their product range. This protein powder isn't just popular among bodybuilders; https://t.co/Q2atukxK6k",Tue Apr 21 14:51:21 +0000 2026,,,1441,0,1,0,en,whey protein taste artificial,2026-05-13T14:33:52.707653,twitter
2046429711077929196,"NAKED Vanilla Whey Protein 5LB – $99.99

Buy now 👉 https://t.co/OiVNWv9LMG AFFILIATE LINK

💪 25g protein per serving for muscle growth
🌱 Grass-fed whey – clean &amp; natural source
🚫 No artificial additives, GMO, soy or gluten
🧂 Made with just 3 ingredients (whey, vanilla,",Tue Apr 21 03:23:58 +0000 2026,,,431,0,1,0,en,whey protein taste artificial,2026-05-13T14:33:52.707655,twitter
2046429420857217341,"Levels Grass Fed Whey Protein 5LB (Vanilla Bean) – $87

Buy now 👉 https://t.co/rLhSn1ghms AFFILIATE LINK

💪 24g high-quality protein per scoop for muscle growth
🌱 Grass-fed whey – clean &amp; natural source
🚫 No artificial flavors, sweeteners or fillers
🔬 Contains ~5.4g BCAAs",Tue Apr 21 03:22:49 +0000 2026,,,431,0,1,0,en,whey protein taste artificial,2026-05-13T14:33:52.707658,twitter
2045897044976677135,"Taste AND quality?! We don't compromise on either! 😜 Our Clear Protein Powders are made with grass-fed whey protein isolate, zero fillers, nothing artificial and are third-party tested for quality you can actually trust ✨ This is what a clean protein... https://t.co/5sOZxJBTr8",Sun Apr 19 16:07:21 +0000 2026,,,13,0,0,0,en,whey protein taste artificial,2026-05-13T14:33:52.707660,twitter
2040719561356366117,"This Kinder Joy packet costs ₹45, now look at what you’re actually eating 👇

&gt; Sugar → main ingredient, empty calories
&gt; Palmolein + Palm oil → cheapest fats, linked with poor heart health if overused
&gt; Maida (refined wheat flour) → zero fibre, spikes sugar levels
&gt; Refined https://t.co/vWwNB6HvR2",Sun Apr 05 09:13:52 +0000 2026,,,139285,243,96,15,en,whey protein taste artificial,2026-05-13T14:33:52.707662,twitter
2037461091169796522,"Let's break down the ingredients list:

Milk Protein Isolate - Heavily processed dairy stripped of everything except protein; can cause bloating and GI distress

Dried Egg Whites - Industrially separated and dehydrated; relatively benign but far less bioavailable than a fresh https://t.co/vBr9XodQn2",Fri Mar 27 09:25:52 +0000 2026,,,243431,153,9,16,en,whey protein taste artificial,2026-05-13T14:33:52.707665,twitter
2036144740379308124,"@MoistValgina The problem is the protein.

When heated, protein whey denatures and becomes taste chalky/artificial.

The trick is to make normal pancakes then add protein whey drip on top. 👍",Mon Mar 23 18:15:10 +0000 2026,,,11,1,0,1,en,whey protein taste artificial,2026-05-13T14:33:52.707667,twitter
2034640434270441938,"@thehealthb0t I just looked this same non-melting experience up last week when the freezer went out. They don't re-freeze either.
Here's what SuperGrok 4.20 Expert had to say.
**KitKat Drumstick** (official name: Nestlé DRUMSTICK KitKat Frozen Dairy Dessert Cones) is a popular frozen treat",Thu Mar 19 14:37:35 +0000 2026,,,62,0,0,0,en,whey protein taste artificial,2026-05-13T14:33:52.707669,twitter
2033649113946878426,"We did it. 

@dranthonygustin and I just built the protein bar the industry didn’t want you to have: one actually made for HUMANS. 

@eatlineage Protein Bar – 100% real food, no garbage.

Why most bars suck (and aren’t for humans):
- Fake fats like EPG (esterified propoxylated https://t.co/eHh7SmuXOH",Mon Mar 16 20:58:26 +0000 2026,,,429241,747,40,89,en,whey protein taste artificial,2026-05-13T14:33:52.707672,twitter
2031813561287368784,"@thegarybrecka The hidden culprits (seed oils, sugar alcohols like erythritol/maltitol, artificial sweeteners, fillers) don't just taste sweet; they quietly disrupt:

!) Blood sugar &amp; insulin: 
Sugar alcohols can ferment in the gut → bloating/gas for many, while some (erythritol) show",Wed Mar 11 19:24:36 +0000 2026,,,377,1,0,0,en,whey protein taste artificial,2026-05-13T14:33:52.707674,twitter
2030343093602718113,"@idlyupma @Jitesh_117 In all fairness, while whey itself is a milk derivative, commercial protein powder has a million and one additives to help it taste better. Adding it in smaller portions to other food products allows you to lower the quantity of artificial flavourings and sweeteners.",Sat Mar 07 18:01:30 +0000 2026,,,524,1,0,0,en,whey protein taste artificial,2026-05-13T14:33:52.707676,twitter
2029939195192488336,"@TJ_Bongiorno A UK vanilla whey protein called Bikini Blend. Very niche, it closed down soon after so I could never buy it again.

But it was the only vanilla protein that didn't taste artificial.",Fri Mar 06 15:16:33 +0000 2026,,,439,1,0,0,en,whey protein taste artificial,2026-05-13T14:33:52.707679,twitter
2028817958651531635,"🔥 Get your protein boost with The Whole Truth Light Cocoa Whey Protein Isolate+Concentrate — a clean, light &amp; easy-to-digest whey protein powder! 💪

Here’s why it’s a great pick:
🍫 ~24 g high-quality protein per scoop to support muscle growth &amp; recovery.
🧬 ~6.6 g BCAAs for",Tue Mar 03 13:01:09 +0000 2026,,,2777,0,0,0,en,whey protein taste artificial,2026-05-13T14:33:52.707681,twitter
2027753270631141622,"@Akasht92 @matkashbakihai @wholetruthfood Hello, this is Tejas, founder of TSA TEKK.

Sir, I completely understand that some people feel that artificial sweeteners or flavours arent right and that’s a fair personal choice. 
Our whey does contains artificial sweeteners which are approved globally and we use them in",Sat Feb 28 14:30:28 +0000 2026,,,5098,2,0,1,en,whey protein taste artificial,2026-05-13T14:33:52.707683,twitter
2026168918549655882,"@WallStreetApes No, the ingredients in **Kraft Macaroni and Cheese** (also known as Kraft Dinner or the classic blue box) from the 1970s are **not the same** as today's version. The product has undergone several changes over the decades, particularly in the cheese sauce powder, coloring, and",Tue Feb 24 05:34:49 +0000 2026,,,310,0,0,0,en,whey protein taste artificial,2026-05-13T14:33:52.707684,twitter
2021461018380296223,"I was genuinely shocked when I came across this product because this is not something we usually see in the Indian market at this pricing and convenience level.

A ready to drink milk pack giving 35 grams of protein in just 250 mL is honestly surprising. Normally when we think https://t.co/kTXs4V1K2O",Wed Feb 11 05:47:18 +0000 2026,,,61,0,0,0,en,whey protein taste artificial,2026-05-13T14:33:52.707687,twitter
2015813212869103897,"I went through this thread, and here’s my understanding of the evidence:

➡️ WHO has never said sucralose is unsafe or toxic. What it did issue was guidance stating that non sugar sweeteners (including sucralose) are not recommended for weight control or reducing chronic disease",Mon Jan 26 15:44:56 +0000 2026,,,3357,1,0,0,en,whey protein taste artificial,2026-05-13T14:33:52.707689,twitter
2013263024715440542,"The cans smell has mellowed. Crisp light and artificial. Significant smell of pure carbonated water.
Eighth sip had a significantly stronger collagen taste. Ninth was the same, but less sweet.
I have not tasted any whey protein yet, and the drink is getting low.",Mon Jan 19 14:51:24 +0000 2026,,,2,0,0,1,en,whey protein taste artificial,2026-05-13T14:33:52.707691,twitter
2011816608646221973,"@SecKennedy Several food additives, environmental chemicals, and medications have been shown (or strongly suspected) to reduce GLP-1 production or secretion, mainly by affecting enteroendocrine L-cells, gut inflammation, bile acid signaling, or microbiota. Below is a mechanism-based,",Thu Jan 15 15:03:51 +0000 2026,,,11,0,0,0,en,whey protein taste artificial,2026-05-13T14:33:52.707693,twitter
2010085439068352974,"Apparently fruity protein shakes don't exist, because they're hard to design:

Do they make fruity flavored protein or something like cocacola, sprite or grape crush?

Yes — there are real protein powders and ready-to-drink protein products with fruity, soda-like, and",Sat Jan 10 20:24:48 +0000 2026,,,5367,3,2,1,en,whey protein taste artificial,2026-05-13T14:33:56.896617,twitter
2005907666376483125,"Thank you! We use only real cocoa, and no artificial flavours or natural flavours.

Since most Indians are so used to having chocolates filled with flavours, they aren’t used to the taste of real cocoa, but I’m glad you liked it.

No current plans for protein bars. But we are",Tue Dec 30 07:43:50 +0000 2025,,,184452,172,9,16,en,whey protein taste artificial,2026-05-13T14:33:56.896633,twitter
2001612073516810341,"But honestly, they weren’t wrong- 
it has whey protein isolate, fibre, 0 sugar, no colours, no artificial sweeteners.
Basically… nothing our taste buds grew up with.

But here’s the fun part:
My 14-year-old brother now asks me to send Lychee drinque to our home(my hometown)",Thu Dec 18 11:14:41 +0000 2025,,,265,4,0,1,en,whey protein taste artificial,2026-05-13T14:33:56.896636,twitter
2000930573498618073,"I've tried many Whey Proteins in the past 6 months and here's my 'No Bullshit' review! 👇(Save this)
(Factors: Sweeteners, Digestion, Flavour, protein/g)

1. Naturaltein - Undisputed King 👑. Nothing comes close. No artificial sweetener, Too light, Highest quality. Just go for it",Tue Dec 16 14:06:38 +0000 2025,,,2676,136,10,36,en,whey protein taste artificial,2026-05-13T14:33:56.896638,twitter
2000813615276831068,"I got sick of reaching for a whey protein snack and seeing the same junk every single time.

Palm oil. Seed oils. Canola (they call it rapeseed oil, expeller-pressed canola, or just hide it as “vegetable oil”). Sunflower, soybean, corn, safflower, and the list keeps growing.",Tue Dec 16 06:21:53 +0000 2025,,,189,0,0,0,en,whey protein taste artificial,2026-05-13T14:33:56.896640,twitter
1999128658510856558,"Sick of drinking whey? Sick of being inflamed from the A1? Lactose intolerant? The artificial flavors and the sucralose make you sick?

Introducing CHICKIE BREAST SMOOTHIE

- 115 grams / 4 ounces of frozen boiled chicken breast
- 100 grams / 3.4 ounces of pineapple juice
- 150 https://t.co/QktON5xGMj",Thu Dec 11 14:46:28 +0000 2025,,,8694,31,2,15,en,whey protein taste artificial,2026-05-13T14:33:56.896641,twitter
1996526287826096477,"@foodpharmer2 Sorry Revant, but this take romanticizes acquired taste a bit too much.  

Most people don’t have the privilege of 5–6 trials when a ₹400–500 protein powder tastes bitter and chalky on day one. For the average consumer (especially beginners who are already struggling to build a",Thu Dec 04 10:25:35 +0000 2025,,,2056,8,0,0,en,whey protein taste artificial,2026-05-13T14:33:56.896644,twitter
1996283981130801427,"🔥 CLEAN PROTEIN ALERT!  

Avvatar 100% Performance Whey 1kg (Unflavoured)  

Just ₹2279 🔥 (₹94 per serving of pure 24g protein, no junk!)

Link → https://t.co/jMUBM4j26n  

Perfect for baking, smoothies, or mixing with your own flavors 🤌  

Tag someone who’s scared of",Wed Dec 03 18:22:44 +0000 2025,,,53,0,1,0,en,whey protein taste artificial,2026-05-13T14:33:56.896646,twitter
1994857437317533854,"Campbell’s Soup: Why It’s Objectively Bad in 2025
Campbell’s (now owned by KKR) still dominates shelves, but here’s why it’s one of the worst “food” products you can regularly consume:
Loaded with Sodium
A single can of classic Chicken Noodle or Tomato has 800–900 mg of sodium —",Sat Nov 29 19:54:10 +0000 2025,,,4376,0,0,0,en,whey protein taste artificial,2026-05-13T14:33:56.896648,twitter
1994479531340828873,"Whey Protein Review:
Muscleblaze: Too sweet, tastes artificial
Whole truth: Costliest. Very less sweetener. Almost Raw. Mixability issue.
OnlyWhatsNeeded: Best Taste. Less sweetener but tastes better than Whole Truth. Mixes well. Best so far!

 @onlywhatsneeded @foodpharmer2",Fri Nov 28 18:52:30 +0000 2025,,,0,2,0,0,en,whey protein taste artificial,2026-05-13T14:33:56.896651,twitter
1991764988504207498,"🔥 Black Friday Sale/Deals Sale Alert! 40–50% OFF at Rival Nutrition! 🔥

📣 Hey Everyone — as many of you know, I’m proud to be a Brand Ambassador for @RivalNutrition_, and they just launched an incredible 40–50% OFF sale for Black Friday Sale from November 17th, 2025 to https://t.co/ma6irzM6l6",Fri Nov 21 07:05:53 +0000 2025,,,144,0,0,0,en,whey protein taste artificial,2026-05-13T14:33:56.896653,twitter
1989969827889545507,@chiragbarjatya Mixability is a serious concern among the products available (lactose ones) . Would prefer a whey protein which has same mixability in a lesser amount of water.  And the taste of artificial Sweetener that lingers after you've had it is also annoying.,Sun Nov 16 08:12:33 +0000 2025,,,31,0,0,0,en,whey protein taste artificial,2026-05-13T14:33:56.896655,twitter
1989867067475202420,"Vanilla Protein Balls
High Protein,
Clean Ingredients

Ingredients (makes 9-10 balls)
    •    3 hard-boiled eggs, mashed
    •    ½ cup milk powder
    •    3 tbsp unsweetened desiccated coconut     
         (plus extra for rolling)
    •    3 tbsp almond flour
    •    1½ https://t.co/WTh5YFPof5",Sun Nov 16 01:24:13 +0000 2025,,,103,0,0,0,en,whey protein taste artificial,2026-05-13T14:33:56.896657,twitter
1989097776278564934,"@FearedBuck Maltodextrin is a highly processed carbohydrate (a chain of glucose molecules) that behaves in the body almost identically to pure sugar. For prediabetics and diabetics, it poses serious risks due to its extremely high glycemic index (GI of 85–136, often higher than table sugar",Thu Nov 13 22:27:20 +0000 2025,,,120,12,0,0,en,whey protein taste artificial,2026-05-13T14:33:56.896659,twitter
1986606565156422082,"Ice Spice's ""Munchkins"" Drink L Size consists of a base cream, ""coffee"" syrup, and FOUR donut holes smushed in a Vitamix blender.

Ever wonder why fast food companies come up with new flavors every three weeks? Why H&amp;M and Zara have 45 different fashion seasons? 

Our base needs https://t.co/EbWzZomb31",Fri Nov 07 01:28:09 +0000 2025,,,47,5,0,0,en,whey protein taste artificial,2026-05-13T14:33:56.896661,twitter
1980341467668529224,"What’s really in a $BYND burger? 🍔🌱
Let’s break down the ingredients — they’re not the mystery some people think:
•Pea Protein Isolate: Clean, high-quality plant protein that builds muscle like soy or whey — without allergens.
•Canola &amp; Coconut Oil: Give the juicy texture and",Mon Oct 20 18:32:53 +0000 2025,,,265,0,0,0,en,whey protein taste artificial,2026-05-13T14:33:56.896664,twitter
1960708401538982029,"@RachelToRome I asked Grok for you: Ascent protein powder is a high-quality option, ideal for those prioritizing clean, minimally processed ingredients and third-party certifications. Made by a Denver-based company focused on athletic performance, it offers whey (native whey blend) and",Wed Aug 27 14:18:05 +0000 2025,,,10330,1,0,0,en,whey protein taste artificial,2026-05-13T14:33:56.896665,twitter
1954351311308153109,"#Day17 working my #HFNW (Health, Fitness, Nutrition, and Wellness) — soon to be branded “Bodari.”

As part of my #WalkItLikeITalkIt, I’m bringing back my daily monday - friday BIG BEAUTIFUL ORGANIC SALAD 🥗, paired with at least two hard-boiled eggs. Eggs are essential for me—not https://t.co/BmTHWm9bZ2",Sun Aug 10 01:17:17 +0000 2025,,,1362,0,0,1,en,whey protein taste artificial,2026-05-13T14:33:56.896667,twitter
1952522880064925865,"Finally found a good whey protein powder that don’t taste like cardboard and contain all that sugar and artificial sweeteners. Powder, oatmeal and protein oats with a tablespoon of peanut butter and a handful of ice 👌🏾 tastes like a good milkshake",Tue Aug 05 00:11:45 +0000 2025,,,1708,0,0,0,en,whey protein taste artificial,2026-05-13T14:33:56.896670,twitter
1948282265492185595,"Revant Himatsingka, aka foodfarmer, yesterday launched his brand ""Only What's Needed"" 👀

- Whey protein concentrate, made with Only What's Needed
- 24g of protein in each scoop
- Super light, with the natural taste of real cocoa
- No artificial or natural flavours, no artificial https://t.co/zPrEYl4yQJ",Thu Jul 24 07:21:04 +0000 2025,,,1827,3,0,1,en,whey protein taste artificial,2026-05-13T14:33:56.896672,twitter
1946145498080940502,"Not anything personal with you and your work.

Corporates ruin our metabolic health with long working hours on screens, requires cafes with beautiful views to compensate some of that.

It's like supplement manufacturerers creating whey protein powder and adding artificial",Fri Jul 18 09:50:19 +0000 2025,,,332,0,0,0,en,whey protein taste artificial,2026-05-13T14:33:59.668534,twitter
1938288902009413671,"🏋️‍♂️ Elevate Your Performance with Healthfarm Nitra Whey Protein! 🍫

🔗 Fuel your fitness journey with Healthfarm Nitra Whey Protein today! 
https://t.co/7y4lG0VNXj 

Are you ready to take your muscle growth and recovery to the next level? Look no further than Healthfarm Nitra https://t.co/HeAlod9S5W",Thu Jun 26 17:31:00 +0000 2025,,,49,0,0,0,en,whey protein taste artificial,2026-05-13T14:33:59.668550,twitter
1936202817531691015,"It’s here! Meet the newest addition to your daily wellness routine:

Whey Protein Isolate, clean, fast-absorbing, bioactive protein powder designed to fuel muscle recovery, support metabolism, and keep you feeling fuller, longer.*

Crafted for active lifestyles and busy https://t.co/v35uhc28KV",Fri Jun 20 23:21:39 +0000 2025,,,464,1,1,0,en,whey protein taste artificial,2026-05-13T14:33:59.668553,twitter
1932851991966859483,"“Hand Luggage” Airport Protein Bar

Refreshing to see in a place mostly filled with unhealthy snacks.

Yeah, some airports already have some alternatives but they’re usually artificial sweetener ladened pieces of crap that leave you feeling bloated and tired.

Or muesli bars https://t.co/XmBfYMX0AN",Wed Jun 11 17:26:40 +0000 2025,,,21,2,0,0,en,whey protein taste artificial,2026-05-13T14:33:59.668555,twitter
1932414084185534834,"@JustThatGuyAdam Cleaner than dymatize or rule 1, but still has artificial sweeteners.  There is a stevia version, but could not find that yet on Amazon.  22 grams protein per standard 30 gram scoop, standard whey.  Just wrapping up 5 mile run.  Ill know taste in a bit.",Tue Jun 10 12:26:34 +0000 2025,,,340,1,0,0,en,whey protein taste artificial,2026-05-13T14:33:59.668557,twitter
1929989494071320860,"MISFITS new &amp; softer caramel fudge: 4.5/10

actually, really soft, the only one so far that doesn't taste as nutty, this is definitely the best one I've tried, obviously a hint of nut flavour, you can taste the artificial caramel, but it does taste like whey protein powder ifykyk https://t.co/QWberR3wfb",Tue Jun 03 19:52:07 +0000 2025,,,437,1,0,1,en,whey protein taste artificial,2026-05-13T14:33:59.668560,twitter
1929921606828101820,"@amymc_87_ @TRobinsonNewEra They can actually eat Frazzles 

No, Frazzles do not contain actual bacon. While they are designed to look and taste like bacon, they are a vegetarian snack. The bacon flavor is achieved through the use of flavoring ingredients, not actual bacon. 
Here's a more detailed",Tue Jun 03 15:22:21 +0000 2025,,,1765,0,0,0,en,whey protein taste artificial,2026-05-13T14:33:59.668562,twitter
1927309994204041312,"Is there any vegan protein powder that doesn't have artificial sweeteners and doesn't taste disgusting? 

I'm happy with whey powder but would happily go vegan.",Tue May 27 10:24:44 +0000 2025,,,1955,2,0,4,en,whey protein taste artificial,2026-05-13T14:33:59.668564,twitter
1927256961973694511,"Protein Powder Decoded 💪– Which Type is Best for You? (Full Breakdown for Men &amp; Women)

Not all protein powders are created equal. From muscle repair to metabolism, hormones to hair growth the type of protein you use matters.

Here’s the complete breakdown by source, benefit,",Tue May 27 06:54:01 +0000 2025,,,38926,16,6,1,en,whey protein taste artificial,2026-05-13T14:33:59.668566,twitter
1925711866631704821,"@levelsio American protein powders have artificial sweeteners that are 5-600x sweeter than sugar. They mess up your gut micro biome and also desensitize your tastebuds and can cause taste disruptions. 

Use Inca Whey, just plain whey protein, no sugar, no sweetener nothing.",Fri May 23 00:34:21 +0000 2025,,,422,1,0,0,en,whey protein taste artificial,2026-05-13T14:33:59.668568,twitter
1924239432913223752,"Unleash the power of pure protein with Pure3 Vanilla Whey Protein Isolate! Boost muscle growth &amp; recovery with a creamy, delightful taste. No artificial sweeteners, just pure performance. Grab yours for just $49.86! https://t.co/uRboSjBMLe #Biosuvrana #FitnessFuel https://t.co/FhpBweBTje",Sun May 18 23:03:26 +0000 2025,,,1,0,0,0,en,whey protein taste artificial,2026-05-13T14:33:59.668570,twitter
1924191812325122176,"China Cheetos vs. USA Cheetos. 😲

I’m looking at a bag of Chinese Cheetos and here are the ingredients: Corn meal, vegetable oil, rich cheddar cheese flavoring. 

USA ingredients: Enriched corn meal (corn meal, ferrous sulphate, niacin, thiamin mononitrate, riboflavin, folic https://t.co/lkaFkjyDte",Sun May 18 19:54:12 +0000 2025,,,83691,2,0,4,en,whey protein taste artificial,2026-05-13T14:33:59.668572,twitter
1923512238280933469,"Advanced 100% Whey Protein Isolate Vanilla – Clean, High-Quality Protein Powder for Lean Nutrition and Smooth Daily Fuel

Pure Vanilla. Pure Focus. Pure Fuel.

12 FUEL’s Advanced 100% Whey Protein Isolate – Vanilla is engineered for individuals who take their training, recovery, https://t.co/wXeV2bgOAZ",Fri May 16 22:53:49 +0000 2025,,,1444,0,0,0,en,whey protein taste artificial,2026-05-13T14:33:59.668575,twitter
1923163355487011045,"Advanced 100% Whey Protein Isolate Chocolate – Clean, Fast-Digesting Protein for Strength, Recovery, and Daily Fuel

Precision Protein for High-Performing Bodies

12 FUEL’s Advanced 100% Whey Protein Isolate – Chocolate delivers what disciplined individuals demand, clean https://t.co/tV3IGmHjzw",Thu May 15 23:47:29 +0000 2025,,,1444,0,0,0,en,whey protein taste artificial,2026-05-13T14:33:59.668578,twitter
1922822763645108471,"https://t.co/fInHan8yxL 
Smart Protein Bar-12 pack

Made with real ingredients (that you can pronounce)
Raw, cold pressed bar with whey protein isolate + prebiotic fibre.

We focus on simple, purposeful ingredients:

Fiber
Our non-GMO soluble fibre supports digestion and gut",Thu May 15 01:14:05 +0000 2025,,,8164,0,0,0,en,whey protein taste artificial,2026-05-13T14:33:59.668581,twitter
1921889250011754853,"🌿NATURALTEIN The Good Prot Chocolate - 1 kg at ₹1,642/-
🎉Use code: DHAMAKA8 to get an extra 8% off
🛒https://t.co/ZcGvxkHKqs

22g of Protein per Serving: Supports muscle growth and repair

Premium Protein Blend: Combines the benefits of pea and whey protein

Natural Flavors:",Mon May 12 11:24:38 +0000 2025,,,1100,0,0,0,en,whey protein taste artificial,2026-05-13T14:33:59.668583,twitter
1919958173231743128,"From a One-Way Flight to a One-Track Mission: Making India Healthier!

When I took that one-way flight from the U.S. to India, I carried just one dream with me - how can we make India a healthier nation?

It started with a simple yet powerful idea:
𝐔𝐧𝐣𝐮𝐧𝐤𝐢𝐧𝐠.

We took on https://t.co/Hv8Y8mxB8H",Wed May 07 03:31:14 +0000 2025,,,5138,9,0,1,en,whey protein taste artificial,2026-05-13T14:33:59.668585,twitter
1918306233951699326,"@liz_churchill10 The Cabal / Khazarian Mafia has systematically deployed “weapons systems” into the various businesses it controls.

Imagine that the purpose of the weapons system is to quietly, silently try to “get the numbers down” of population on Earth.

These weapons systems include the",Fri May 02 14:07:01 +0000 2025,,,13172,44,15,0,en,whey protein taste artificial,2026-05-13T14:33:59.668587,twitter
1918212613684773068,"May is Blood Pressure Awareness Month — and what you eat matters 💓
Certain foods can help naturally support healthy blood pressure... and the best part? They can taste amazing too!

Here are a few powerful ingredients to include in your daily routine:
✔️ Oats – high in fibre, https://t.co/HeBbsWn360",Fri May 02 07:55:00 +0000 2025,,,12,0,0,0,en,whey protein taste artificial,2026-05-13T14:33:59.668590,twitter
1915993583447953677,Hey @AvvatarIndia I bought chocolate hazelnut wheyprotein a month before from offline store and the store owner was authorised seller of your and your whey protein is tasting horrible it was good at start but from few week is tasting horrible i feeling taste of artificial flavour,Sat Apr 26 04:57:22 +0000 2025,,,0,0,0,0,en,whey protein taste artificial,2026-05-13T14:33:59.668592,twitter
1912470420009414912,"Pure3 100% Whey Protein Isolate Chocolate – Clean, High-Performance Protein for Recovery, Fuel, and Daily Strength

Pure Protein. Pure Performance. Pure Focus.

When you expect more from your training, recovery, and results, what you put in your body matters. 12 FUEL’s Pure3 100% https://t.co/B6VgeuFoPd",Wed Apr 16 11:37:34 +0000 2025,,,1444,0,0,0,en,whey protein taste artificial,2026-05-13T14:34:02.276790,twitter
1911060672718217618,"@horsepower @c6_shanky get whichever one doesn't have artificial sweeteners (taste really fucking weird) and is just whey protein, no pea protein or soy protein (has the wrong amino acid composition)",Sat Apr 12 14:15:44 +0000 2025,,,16,1,0,0,en,whey protein taste artificial,2026-05-13T14:34:02.276804,twitter
1910763341351657648,"PSA: Your protein powder shouldn’t taste like punishment.

Post by @healthy.mom.healthy.family 
I finally found a protein that’s clean, delicious, and actually supports my gut—@MarigoldFoodsTX is my new daily go-to.

Why it’s a game-changer:
✔️ Grass-fed whey isolate = https://t.co/j35YazRLAj",Fri Apr 11 18:34:15 +0000 2025,,,7007,1,0,0,en,whey protein taste artificial,2026-05-13T14:34:02.276807,twitter
1905560821523972510,"@Nancy023922191 The Cabal has systematically deployed “weapons systems” into the various businesses it controls.

The purpose of the weapons system is to quietly, silently try to “get the numbers down” of population on Earth.

These weapons systems include the following — even though mainstream",Fri Mar 28 10:01:18 +0000 2025,,,13172,0,0,0,en,whey protein taste artificial,2026-05-13T14:34:02.276808,twitter
1899494561866760510,"How do you make your blender shakes taste good? I got some thorne vanilla, hoping it would be the solution, but it still tastes a bit artificial and meh. To improve my gut function, I'm trying to avoid fructose, fruit and anything with seeds, so my mainstay of frozen berries is a",Tue Mar 11 16:16:09 +0000 2025,,,814,1,0,4,en,whey protein taste artificial,2026-05-13T14:34:02.276810,twitter
1897753580372725963,@prolpo My problem w the protein powder is sometimes it can taste artificial. now I use designer whey--only for pure convenience cause they sell it in Trader Joe's-- but don't really recomnend. it's ok stirred in plain greek yogurt but makes other stuff taste fake.,Thu Mar 06 20:58:06 +0000 2025,,,384,1,0,1,en,whey protein taste artificial,2026-05-13T14:34:02.276812,twitter
1893122045782688217,"@FortWayneCPA https://t.co/DlHl47lZPp   I hate artificial sweeteners.  They don't use them.  Whey protein is great.  Vegetarian (Pea based) if you must, but it doesn't taste good.",Sat Feb 22 02:14:02 +0000 2025,,,34,1,0,0,en,whey protein taste artificial,2026-05-13T14:34:02.276814,twitter
1890430204906012976,"https://t.co/n6M3y7HIkC
The @musclesportusa  Clean Whey Naturals brings strawberry milk taste without artificial ingredients. Victoria shows how natural protein can taste just as good as traditional formulas. https://t.co/rur7ZrVyUP",Fri Feb 14 15:57:38 +0000 2025,,,3496,2,0,0,en,whey protein taste artificial,2026-05-13T14:34:02.276816,twitter
1887529858172928395,"PRIMA 
(https://t.co/gvqMXS9YAY)

EAT LIKE WE DID BEFORE

Rich, organic, nutrient-dense cacao blended with organic raw honey, vanilla, and coconut—a pure, indulgent flavor straight from nature. If Mother Nature baked you a brownie, this is what it would taste like.

16G Grass-fed https://t.co/n5D0xlyNr5",Thu Feb 06 15:52:41 +0000 2025,,,4623,4,0,1,en,whey protein taste artificial,2026-05-13T14:34:02.276818,twitter
1885352526750286214,@Ketbugz The chalkiness is due to powdered whey/plant protein. Like a protein powder. It’s powdery. I think. Sometimes they add lower quality artificial sweeteners to mask that taste with something “sweet” and “nice” without the added calories.,Fri Jan 31 15:40:45 +0000 2025,,,115,2,0,1,en,whey protein taste artificial,2026-05-13T14:34:02.276820,twitter
1876095666960945197,"The ultra-processed food file #3. 

Lay's Sour Cream &amp; Onion: that tangy, creamy, and undeniably addictive flavor that makes it hard to eat just one. These chips are like a carefully crafted illusion of flavor. They promise the cool, refreshing taste of sour cream and onion, but",Mon Jan 06 02:37:17 +0000 2025,,,215,0,0,0,en,whey protein taste artificial,2026-05-13T14:34:02.276821,twitter
1874142570345042076,"Transform Your Nutrition with Pure3 100% Whey Protein Isolate (Vanilla)

Fuel your fitness goals with Pure3 100% Whey Protein Isolate (Vanilla) a premium protein supplement that delivers clean, high-quality nutrition with a creamy, indulgent flavor. Designed for athletes, fitness https://t.co/jqPz40aBse",Tue Dec 31 17:16:23 +0000 2024,,,1444,0,0,0,en,whey protein taste artificial,2026-05-13T14:34:02.276823,twitter
1873781038121701423,"Pure3 100% Whey Protein Isolate (Chocolate)

Fuel your fitness goals with Pure3 100% Whey Protein Isolate (Chocolate) a premium protein supplement crafted for those who demand clean nutrition and exceptional taste. Packed with the purest form of whey protein isolate, this https://t.co/4unJzNR0at",Mon Dec 30 17:19:47 +0000 2024,,,1444,0,0,0,en,whey protein taste artificial,2026-05-13T14:34:02.276825,twitter
1868431587714744331,"@danaparish DIY with a battery whisk ($10 Amazon) 8 oz whole milk, whey or collagen &amp; trader joes choc syrup. Abt 220 cal,20g protein, 18g sugar &amp;no artificial ingred. Also add olive oil to soup &amp; pasta,whisk collagen &amp; MCT oil in coffee/tea for extra cals no weird taste",Sun Dec 15 23:02:58 +0000 2024,,,406,0,0,0,en,whey protein taste artificial,2026-05-13T14:34:02.276826,twitter
1866207439085060434,"We don't settle for ""good enough.""

Most protein shakes?

•  Full of junk 
•  Mystery ingredients 
•  Low-grade protein

But you? You demand more:

•  Grass pasture fed - Real food from real sources 
•  rBGH free - No artificial growth hormones 
•  Organically sourced -",Mon Dec 09 19:45:00 +0000 2024,,,26867,2,1,0,en,whey protein taste artificial,2026-05-13T14:34:02.276828,twitter
1854989593927368886,"Prime Protein is our grass-fed beef isolate protein powder

• 21g bioavailable complete protein per scoop
• Cleanest protein powder on the market
• Does not have any beefy taste
• 5g of glycine per scoop

We offer an unflavored option with one single ingredient: grass-fed https://t.co/jGQzPZDCek",Fri Nov 08 20:49:17 +0000 2024,,,7455,6,1,1,en,whey protein taste artificial,2026-05-13T14:34:02.276830,twitter
1854288743412502612,"🌄💪 Fuel up with Atlas Protein by Mt. Athos Performance! Sourced from pure goat milk, Atlas Protein delivers an impressive, easily digestible source of protein that supports strength, recovery, and overall wellness. 🐐✨ Unlike many whey proteins, goat milk protein is naturally https://t.co/DjB5CBgbKc",Wed Nov 06 22:24:22 +0000 2024,,,666,4,1,0,en,whey protein taste artificial,2026-05-13T14:34:02.276832,twitter
1839270304390029716,"No artificial flavour- whey comes from milk, so there is a mild taste of milk 

Zero cream -  low fat no cream 

Zero fillers- Has nothing else added 

32g of protein per serving 

Filled with Branched Chains Amino Acids",Thu Sep 26 11:46:27 +0000 2024,,,213,0,0,0,en,whey protein taste artificial,2026-05-13T14:34:02.276834,twitter
1837092967569301895,"I didnt like by #avvatar whey protein 
Too sweet too artificial 
Hated the sweet taste of it 
Will go back to my first love @wholetruthfood 
Dates are much better than this Sucralose",Fri Sep 20 11:34:29 +0000 2024,,,274,0,0,0,en,whey protein taste artificial,2026-05-13T14:34:02.276835,twitter
1836925910781677750,"🎃🍂🍁🐄 @thatglutenfreemomlife

I used to LOVE Starbucks, like went everyday loved Starbucks. Not only was it terrible for my wallet, but with all the added flavors and sugars, it was also was terrible for my health. 

I recently started drinking @marigoldfoodstx High Protein https://t.co/25IIYrTZGu",Fri Sep 20 00:30:40 +0000 2024,,,7007,0,0,0,en,whey protein taste artificial,2026-05-13T14:34:02.276837,twitter
1824961468250702124,"I spent years working in supplement distribution, and to me this is like being shocked that the majority of high quality protein powders are using Glanbia (LON: GLB) whey. 

consumers do not care about that. they expect large brands to use good quality whey sources. the whey is",Sun Aug 18 00:08:14 +0000 2024,,,13022,26,0,2,en,whey protein taste artificial,2026-05-13T14:34:06.696860,twitter
1819350053628019001,"Not just for gym bros

- The Recommended Dietary Allowance (RDA) for protein is a modest 0.8 grams of protein per kilogram of body weight.
- But if you’re building muscles, you probably need a little  more. Protein plays a key role in muscle growth &amp; preservation; and leaves you https://t.co/NQt21pD3Oh",Fri Aug 02 12:30:29 +0000 2024,,,1513,12,0,0,en,whey protein taste artificial,2026-05-13T14:34:06.696879,twitter
1819091835924394169,"whey vanilla raspberry protein bar 

VERY grainy texture u can taste a lot of protein powder,the raspberry bits taste a bit artificial and slightly tart, i like the white chocolate coating a lot but i haven’t rlly picked out any vanilla flavour. the macros are mehh 
7.5/10 https://t.co/cD79glxB9x",Thu Aug 01 19:24:25 +0000 2024,,,7915,11,0,1,en,whey protein taste artificial,2026-05-13T14:34:06.696882,twitter
1816074719889678355,@V_ShapeFitness @fle73707369 What type of whey protein?  I have vanilla premier protein powder but I didn’t like the taste.  Very artificial tasting…in my opinion.  Is there one with no noticeable taste?,Wed Jul 24 11:35:28 +0000 2024,,,25,1,0,1,en,whey protein taste artificial,2026-05-13T14:34:06.696883,twitter
1806380303638020582,does anyone remember my protein bar phase? my mom told me to stop wasting money on them so i stopped eating them for a bit and now every time i try one it just tastes bad to me for some reason. it’s weird because i used to love them sm i’d crave the artificial whey taste,Thu Jun 27 17:33:19 +0000 2024,,,1067,1,0,1,en,whey protein taste artificial,2026-05-13T14:34:06.696885,twitter
1803743907345248340,"⋆.˚𖦹 rocka nutrition white hazelnut nougat whey bar

35g • 144cal • 10g protein

disappointing unfortunately :( no hazelnut taste, very chalky texture, every component tastes heavily of artificial sweetener/protein - only positive is the bit of hazelnut cream at the top

4/10 https://t.co/dAXoa6Wklv",Thu Jun 20 10:57:14 +0000 2024,,,4055,6,0,1,en,whey protein taste artificial,2026-05-13T14:34:06.696888,twitter
1799160662607708529,"@BowTiedGrandma You can, it tastes reminiscent of cinnamon toast crunch from the whey. It has more of that artificial taste (which you mostly can’t avoid if using protein powder) but still yummy!",Fri Jun 07 19:25:03 +0000 2024,,,2481,0,0,0,en,whey protein taste artificial,2026-05-13T14:34:06.696890,twitter
1783486902156623965,"Some dietary supplements for sugar cravings can help minimize and reduce the urge to overeat sugar.  

And yet other supplements may help reduce the desire for sugar because they make your cells more responsive to glucose.

Not surprisingly, there are many research-backed https://t.co/aonfOX5HMh",Thu Apr 25 13:23:07 +0000 2024,,,74877,102,34,10,en,whey protein taste artificial,2026-05-13T14:34:06.696892,twitter
1778770759290126438,"Tera's Whey Bourbon Vanilla Whey Protein! 🥃✨ Crafted with care and free from artificial hormones, our RBGH-free whey protein powder offers a deliciously smooth taste of Bourbon Vanilla in every scoop. #TerasWhey #WheyProtein #BourbonVanilla 🌿💪
https://t.co/FY1jgzkOkn https://t.co/faUl6lU5mZ",Fri Apr 12 13:02:51 +0000 2024,,,20,0,0,0,en,whey protein taste artificial,2026-05-13T14:34:06.696894,twitter
1773991646603919768,"Daily Quest- 30/03/2024

If you’re still having protein powder, you’re stupid as f*ck.

Yeah, I said it, you’re stupid.

Why?

Because how tf do you think that protein was made to taste like salted caramel, or chocolate brownie when it has 0 sugar?

Well, it’s because they’ve",Sat Mar 30 08:32:22 +0000 2024,,,382,6,0,2,en,whey protein taste artificial,2026-05-13T14:34:06.696896,twitter
1761263466034466929,"@RealMarcFoxx @KenDBerryMD It's an artificial product. It has effects on the brain and changes the way we taste food. Best avoided imo. I would look at sourcing a grass fed whey protein, which is just pure whey.",Sat Feb 24 05:35:07 +0000 2024,,,99,0,0,1,en,whey protein taste artificial,2026-05-13T14:34:06.696899,twitter
1759668356653981803,"Whey protein and fruit juice (2:1 carbs to protein) post-exercise can keep testosterone at the upper human limit, with a little genetic luck and no exogenous T supplements. 

https://t.co/dtx4TQkbTl

Vanilla whey, preferably ice cream or cake flavored, can be straight up https://t.co/E4YAHoSfFT",Mon Feb 19 19:56:43 +0000 2024,,,549,1,0,1,en,whey protein taste artificial,2026-05-13T14:34:06.696901,twitter
1754815306277470654,"How can I enjoy snacks without gaining weight?

The allure of unhealthy snacks is undeniable. To snack healthily and avoid weight gain, it is crucial to discern whether your snacking is driven by hunger or just cravings.

If it is hunger, perhaps your main meals are not",Tue Feb 06 10:32:26 +0000 2024,,,46,0,0,30,en,whey protein taste artificial,2026-05-13T14:34:06.696903,twitter
1754759624345927814,"Whey Protein Guide

For those who struggle to meet daily protein goals, I would advise you to buy a high quality protein powder

Aim to consume one gram of protein per lb of body weight daily 

Obviously it is optimal to get your protein and nutrient intake from whole foods 
But https://t.co/GNCruplsWq",Tue Feb 06 06:51:10 +0000 2024,,,918,4,0,0,en,whey protein taste artificial,2026-05-13T14:34:06.696907,twitter
1752851792206172488,"Some clown left a 1 star review on our newly listed flavors.

1 star ⭐️ whey protein Amazon review…

- makes you big as hell
- way too satiating protein shakes in the morning
- makes yogurt bowls taste like dessert from a michelin star restaurant
- taste way too good without https://t.co/fZyW0eRErK",Thu Feb 01 00:30:08 +0000 2024,,,29720,91,3,14,en,whey protein taste artificial,2026-05-13T14:34:06.696909,twitter
1749356727722467355,"Update: I have jumped on the Amul Whey bandwagon! ✌️

Here's my first report:

# Taste: 8.5/10 
- Plain, but tastes like a malt bevarage, great for blending in fruits to create protein smoothies).
- Lactose free. No added sweeteners, color and flavour, ideal for me, as I don't https://t.co/JLRyZOVnDI",Mon Jan 22 09:02:00 +0000 2024,,,7169,26,1,4,en,whey protein taste artificial,2026-05-13T14:34:06.696911,twitter
1721611722182545659,"Actionable step #8: 

If you have the budget, choose an organic whey protein powder instead of the regular flavored ones.

It doesn't contain artificial sweeteners, emulsifiers and other crap that damages your gut health.

There are even vegan options, but they taste like sand.",Mon Nov 06 19:33:15 +0000 2023,,,668,4,1,1,en,whey protein taste artificial,2026-05-13T14:34:06.696913,twitter
1720086053577728020,"@12amsnackk it could be the taste of whey protein powder? personally idrm it but it could be an ick for some 
also tastes a little artificial if i’m gonna be honest but it’s good enough for me :D",Thu Nov 02 14:30:47 +0000 2023,,,36,0,0,0,en,whey protein taste artificial,2026-05-13T14:34:06.696915,twitter
1719011379082854411,"What is in a Tostitos Nacho Cheese Dip?

Well, here is the REAL list.

Ingredients are listed in order of weight. Water being first means, it's the heaviest ingredient and by nature, will have a lot of thickening agents to bind the water and powders together. 

Main Ingredients https://t.co/qQJG5R2mPf",Mon Oct 30 15:20:25 +0000 2023,,,4761,4,0,3,en,whey protein taste artificial,2026-05-13T14:34:06.696917,twitter
1708956577179509001,"""When I first tried this product I was impressed how good it tasted for not having artificial sweeteners. A lot of protein whey drinks taste awful, even with natural sweeteners this protein powder still has a pleasant taste to it."" - Chad A. https://t.co/LhfdPBCOhv via @looxio",Mon Oct 02 21:26:13 +0000 2023,,,1057958,10,0,1,en,whey protein taste artificial,2026-05-13T14:34:06.696919,twitter
2052469455158943815,"@masyumoros My favorite is Hipro's coconut flavored shake, it honestly tastes way too sweet but I still like it, it has 25 grams of protein",Thu May 07 19:23:45 +0000 2026,,,930,1,0,0,en,protein shake too sweet,2026-05-13T14:34:18.520426,twitter
2052103798131142936,"06/05

breakfast: protein shake + oat latte 
lunch: I ate a sweet potato 
dinner: a little bit of pizza because my family ordered way too much and kinda forced me to eat it with them but it’s aight 

I didn’t count any calorie but I’m guessing for sure more than 1k but it’s fine",Wed May 06 19:10:46 +0000 2026,,,95,0,0,1,en,protein shake too sweet,2026-05-13T14:34:18.520441,twitter
2048813187227602957,"@bitcoinpanda69 Rich rising fren

I have my shirt off walking outside w/a coffee and a protein shake

I also ate a twix before this walk, so basically got a metabolically free twix..

So...

Today is pretty fucking sweet if im being honest

Hope yours is going well too, King

🫡",Mon Apr 27 17:15:03 +0000 2026,,,2332,3,0,0,en,protein shake too sweet,2026-05-13T14:34:18.520444,twitter
2044760973160976429,"I’ve been on a keto ice cream kick

I made some from snow

But sometimes, I just make a simple little mason jar recipe

For the taste of something sweet

A half cup or full cup of heavy cream

1 tablespoon vanilla extract

1 ½ tablespoon honey (or sugar, if you don’t have honey)",Thu Apr 16 12:53:00 +0000 2026,,,6961,0,0,0,en,protein shake too sweet,2026-05-13T14:34:18.520446,twitter
2042267883921703055,"@edtwt_mary tysm mary you're so sweet:,) i kind of do actually, it's been my hobby for the past ~5 years, nothing serious but i do really enjoy it &amp; getting to express it through this is fun too
&amp; ikr, this is my favorite protein shake, it's so hard to find anything with similar macros😭",Thu Apr 09 15:46:21 +0000 2026,,,2865,1,0,0,en,protein shake too sweet,2026-05-13T14:34:18.520448,twitter
2041536393978261869,"🚨 THE PEPTIDES AND SUPPS THAT I REACH FOR THE MOST 🚨

Most of us chasing health and performance improvement can fall into the habit of  throwing darts at a board full of trendy peptides while ignoring the handful that consistently deliver smooth, steady, results with favorable",Tue Apr 07 15:19:40 +0000 2026,,,15674,135,4,7,en,protein shake too sweet,2026-05-13T14:34:18.520450,twitter
2037300198288863490,"Relying on protein shakes making losing fat harder? 

Listen I love a good protein shake but relying too heavily on liquid calories can make fat loss harder.

How so?

Liquid calories do not keep you as full as eating your calories. This can lead to:
❎Increased hunger https://t.co/YoGxK2Z3kx",Thu Mar 26 22:46:33 +0000 2026,,,944,7,1,0,en,protein shake too sweet,2026-05-13T14:34:18.520452,twitter
2036820936549413319,"Feels like a treat. Fuels like a protein shake. ⚡🦘

Turns out, when you brew coffee in real milk, good things happen. Like 9g of naturally occurring milk protein and energy that actually tastes good.

Not too sweet. Not too serious. Just really, really good fuel. https://t.co/WMgsgrNOSz",Wed Mar 25 15:02:08 +0000 2026,,,435,0,0,0,en,protein shake too sweet,2026-05-13T14:34:18.520453,twitter
2036527735741583692,"Blog dis: Flush the detox... 

Ever give yourself a detox, to cleanse your body? It is officially Spring and to prepare for the months ahead, this is typically the time of year when some elect to self-administer a detox, to cleanse themselves of the build-up of toxins that have https://t.co/SItylI2IzC",Tue Mar 24 19:37:03 +0000 2026,,,2695,1,0,0,en,protein shake too sweet,2026-05-13T14:34:18.520455,twitter
2035785066974953868,@wolfgang_0084 Be like em protein shake too sweet,Sun Mar 22 18:25:57 +0000 2026,,,2135,0,0,0,en,protein shake too sweet,2026-05-13T14:34:18.520457,twitter
2034258150635741662,"@AB84 Eating the same thing every day for 8 months straight actually made my life easier. When I have too many options, I get stuck trying to decide what to eat, and it turns into a whole thing. Keeping it simple removed that stress. Now it’s just routine... I don’t even think about",Wed Mar 18 13:18:32 +0000 2026,,,39557,29,3,9,en,protein shake too sweet,2026-05-13T14:34:18.520459,twitter
2032565915095806282,"Jouno is a caramel matcha protein shake type of guy, he doesn’t enjoy drinks too sweet or bitter but matcha combined with caramel is the perfect mix. He has extreme sensitive taste buds, he gets upset when it’s too sweet or too bitter so he sticks to one place to buy from.",Fri Mar 13 21:14:12 +0000 2026,,,49,2,0,1,en,protein shake too sweet,2026-05-13T14:34:18.520460,twitter
2029708055504670799,"forgot to post this yesterday 
day three:
i had a protein shake, 2 apples, and a sweet potato, weight dropped by 0.4kg so that's good! doing good today so far too so gotta stay locked",Thu Mar 05 23:58:05 +0000 2026,,,64,1,0,1,en,protein shake too sweet,2026-05-13T14:34:18.520464,twitter
2028872802741469399,"@ProfStanciu Some chicken eggs and protein shake, creatine, and fire blood🤙🤙 maybe add a banana to make it sweet too, and then go hit that gym",Tue Mar 03 16:39:05 +0000 2026,,,1557,0,0,0,en,protein shake too sweet,2026-05-13T14:34:18.520466,twitter
2028300922804470072,"4/5

I liked this flavour 

It wasn’t too sweet like a mango shake but not too mild either 

25 grams of protein with 190 calories 

Price - Rs. 100 per bottle https://t.co/Oj3XVFAnee",Mon Mar 02 02:46:38 +0000 2026,,,5782,9,1,2,en,protein shake too sweet,2026-05-13T14:34:18.520468,twitter
2027434614726234363,"@mayalovescheese honestly i used to hate water but i trained myself to like it and now i only drink water (occasionally a protein shake but it feels too sweet) i think its just a building up process and then it becomes easy, i love water fasting it just makes me pee a lot:c",Fri Feb 27 17:24:14 +0000 2026,,,95,1,0,1,en,protein shake too sweet,2026-05-13T14:34:18.520470,twitter
2027410262261633224,"@starawaza @thatfrood i havent, ive just had normal protein shake brands but theyve always given me issues by being too sweet or too viscous",Fri Feb 27 15:47:28 +0000 2026,,,70,0,0,1,en,protein shake too sweet,2026-05-13T14:34:18.520472,twitter
2024582784539365515,Anyway. I need a good protein shake. The one I got (starts with an O) is way too damn sweet.,Thu Feb 19 20:32:05 +0000 2026,,,1695,0,0,0,en,protein shake too sweet,2026-05-13T14:34:18.520473,twitter
2021971273463869616,"just paid $25 for a protein shake at that overpriced smoothie place 💀 who tf thought it was a good idea to charge that much for some blended bananas?? fr lmao, the guy in line next to me was vibing too hard to “sweet escape” 😂 periodt. https://t.co/Q0EDjrZNhc",Thu Feb 12 15:34:52 +0000 2026,,,19,0,0,0,en,protein shake too sweet,2026-05-13T14:34:18.520475,twitter
2019120087131910326,"Like I plan to have a protein shake on days I only had one full meal bc I do wanna eat just a meal of day but I get too hungry, soooo protein is healthy sweet nd makes u full… at least it used to work for me soo I’ll do it again ^^",Wed Feb 04 18:45:16 +0000 2026,,,47,1,0,0,en,protein shake too sweet,2026-05-13T14:34:21.956178,twitter
2018732817195160018,@stanziirl @Mecha_Egirl @smackedasfhuck @Alph4betSoup @Anisha12 @malfuncti0nz @xGingerBrooks @Btchface420 @CaturdaysChild @BlackHatNanny @spicegirled @Samurai___Lucy @Natlulz @RussianPanda9xx @YourAnonSurge_ Oikos vanilla shake is a no go for me. The cold foam protein is sweet but I can handle it in my first coffee with the protein milk. Sorry you didn’t enjoy it. You can never get too much protein these days if trying to put on some muscle.,Tue Feb 03 17:06:24 +0000 2026,,,9106,3,0,1,en,protein shake too sweet,2026-05-13T14:34:21.956202,twitter
2016200931277472086,"@tango_salsafc right? im not really a coffee person, but my favorite protein shake is premier protein cafe latte because it isn't too sweet. i still have to drink protein every day because i only absorb about half the protein i consume. sending u a zillion dollars to do r&amp;d on savory proteins",Tue Jan 27 17:25:35 +0000 2026,,,121,1,0,1,en,protein shake too sweet,2026-05-13T14:34:21.956204,twitter
2015188955877040183,As someone who’s been binging for months. Setting a limit of 800cals per day while working out and having a chocolate or vanilla protein shake to combat sweet cravings has been WORKING too well. It’s been a few days and I’ve been making my own dinner and eating in my room,Sat Jan 24 22:24:22 +0000 2026,,,2376,0,0,0,en,protein shake too sweet,2026-05-13T14:34:21.956206,twitter
2014439946820469233,today i discovered that i can in fact combine vanilla protein shake with hot chocolate powder and it tastes SO GOOD although maybe a little too sweet,Thu Jan 22 20:48:04 +0000 2026,,,811,2,0,0,en,protein shake too sweet,2026-05-13T14:34:21.956208,twitter
2012044941237895370,"@lemonbbyx If you want something that actually feels like a meal and  not just a protein shake, I'd say HLTH Code. I've found it pretty filling, not too sweet, and easy on the stomach. It’s a real, filling meal in shake form perfect when you’re busy. https://t.co/KBGtTEpve1",Fri Jan 16 06:11:10 +0000 2026,,,1,0,0,0,en,protein shake too sweet,2026-05-13T14:34:21.956210,twitter
2011536773420143092,"So, OMAD looked a little spastic today. 
•Kimchi, maybe too much, but it hit the spot.
•hi-fiber/protein shake (mocha-ish)
•sweet potato w/a bit of butter and S&amp;P, taco seasoned black beans
•3 pieces of black licorice",Wed Jan 14 20:31:53 +0000 2026,,,395,0,0,1,en,protein shake too sweet,2026-05-13T14:34:21.956213,twitter
2011149413289206188,"I have earl grey tea i brewed in a moka pot. I also have heavy whipping cream and milk and such. How do i make a really good tea with cream? just pour it in? is there anything else i can do? I want a restaurant quality drink here
Below is a restaurant-quality method tailored to",Tue Jan 13 18:52:40 +0000 2026,,,2385,0,0,1,en,protein shake too sweet,2026-05-13T14:34:21.956215,twitter
2010862288215953824,"My dinner for the past four days is one steamed Sweet potato with cream cheese and cheese and chili oil and a steamed carrot

A protein shake too",Mon Jan 12 23:51:44 +0000 2026,,,6,0,0,0,en,protein shake too sweet,2026-05-13T14:34:21.956217,twitter
2009738389365444899,@LibertarianG0th Protein shake too sweet.  It is now my coffee creamer blended with expresso for the day.  Enjoy your coffee!,Fri Jan 09 21:25:45 +0000 2026,,,340,0,0,0,en,protein shake too sweet,2026-05-13T14:34:21.956221,twitter
2009119033413812586,"debating if I should have a protein shake. I only had like 1/2 of my sweet potato + eggs which puts me at 320cals for the day, but not having much protein kina kills me. I haven’t really ate much as mentally it just feels too overwhelming to worry about with everything else",Thu Jan 08 04:24:39 +0000 2026,,,304,1,0,0,en,protein shake too sweet,2026-05-13T14:34:21.956223,twitter
2006799584983707755,"5-Day Menu No. 10 | Part 3: Eggnog Protein Shake

This shouldn’t work. And yet somehow… it does.

It isn’t an eggnog ""flavored"" shake. It’s honest to goodness eggnog, with 46g of protein.

The secret is egg yolk powder. 

Pasteurized. Real yolk. Zero gimmicks.
Two teaspoons is https://t.co/0wchNQlAwF",Thu Jan 01 18:48:00 +0000 2026,,,170,0,0,1,en,protein shake too sweet,2026-05-13T14:34:21.956225,twitter
2005676881061048334,"today
-black sesame chia pudding (ff)
-sesame bagel (ff)
-lean protein chocolate shake 🤢
-tau kwa, cabbage, enoki miso soup
-rice, sweet potato :D
-char siu (ff)
-blueberry banana protein muffin

protein shake was too sweet as always, and yes the milk gave me a tummy ache https://t.co/fXM4596pUA",Mon Dec 29 16:26:46 +0000 2025,,,236,2,0,1,en,protein shake too sweet,2026-05-13T14:34:21.956227,twitter
1998093046261391432,"29. 9 out of 10 times, people fail because they give up too soon. That's it
30. If you require something sweet at night, make a chocolate protein shake or drink some Kefir",Mon Dec 08 18:11:19 +0000 2025,,,247729,10,0,1,en,protein shake too sweet,2026-05-13T14:34:21.956229,twitter
1997672431683813797,"Will my body understand ki unhealthy samosas ke saath I have aaten anaar, kiwi, sweet potato and had protein shake too. 🥝",Sun Dec 07 14:19:57 +0000 2025,,,358,3,0,2,en,protein shake too sweet,2026-05-13T14:34:21.956232,twitter
1994107996482490783,"@summer_food Here’s a recipe booklet–style page for your requested dish. It’s fully expanded with instructions, variations, and prep tips, formatted for easy copy-paste into your own document.

🍴 Recipe Booklet Page
Cajun Shrimp &amp; Steak Alfredo Pasta
📖 Recipe Overview
A bold, creamy, and",Thu Nov 27 18:16:09 +0000 2025,,,1394,0,0,0,en,protein shake too sweet,2026-05-13T14:34:21.956235,twitter
1992285372689092668,"For everyone who says ""It's too difficult"" or ""I can't"" getting in 200g protein a day, you're just making excuses.

You legit have what appears to be 16oz of chicken here.

At an average of 8g protein per ounce, this is potentially 128 g protein in a tiny box. Lather that bitch",Sat Nov 22 17:33:42 +0000 2025,,,3841,404,12,58,en,protein shake too sweet,2026-05-13T14:34:21.956238,twitter
1991081735057252675,"Saebi: I used to eat really well when I was little. But one time I watched this YouTube video, and I thought, “Should I try going on a diet too?” So in elementary school, back when I was a kid, I think it was 6th grade, when I first started as a trainee. Since I started training https://t.co/Oo4ynwuBBV",Wed Nov 19 09:50:52 +0000 2025,,,9965,87,20,0,en,protein shake too sweet,2026-05-13T14:34:21.956240,twitter
1989828932087287988,"@cryptobruh117 @bryan_johnson @BStulberg He’s asking people to go sugar-free. No added sugar. However, his own protein powder has added sugar. Also, for people who avoid eating added sugar which he advocates for, I feel that adding 6g of somaltulose is making the shake too sweet. I understand some benefits of https://t.co/3Lg2dVEkne",Sat Nov 15 22:52:41 +0000 2025,,,413,30,0,3,en,protein shake too sweet,2026-05-13T14:34:21.956243,twitter
1989383886900793517,"The other day Lion wordlessly gave me a protein shake and it was surprisingly super yummy⁉️✨👀
It was rich but not too rich, and on top of the strawberry flavor, it wasn’t too sweet and easy to drink🍓
For him to give me a protein shake that I’d like this much…(1/2)
#xlv_auguri",Fri Nov 14 17:24:14 +0000 2025,,,199,3,3,1,en,protein shake too sweet,2026-05-13T14:34:24.666848,twitter
1977939920128794971,"Day 1 - October 13th:      

Total: 1466 calories      

Food:   
- Breakfast: Protein shake (230 cals) + egg &amp; toast (200 cals) + granola bar (100 cals) = 530   
- Lunch: Chipotle bowl (~700 calories. White rice, (extra) pinto beans, chicken, (extra) lettuce, (little) cheese,",Tue Oct 14 03:29:59 +0000 2025,,,1618,0,0,1,en,protein shake too sweet,2026-05-13T14:34:24.666868,twitter
1976367117118341611,@soiled_plants2 rice krispy and a protein shake. not too sweet but filling and it gives me a boost for workouts!,Thu Oct 09 19:20:14 +0000 2025,,,267,1,0,0,en,protein shake too sweet,2026-05-13T14:34:24.666873,twitter
1969837198330532015,"@AbrisGains I've been lifting weights for a few weeks now, 5 days a week.  My current BMI is 24.0. I eat a sweet potato, avocado, watermelon, and banana daily. An 8-ounce tenderloin steak at lunch, my breakfast protein shake I drink with 300ml of almond milk and a litre of liquid egg whites.",Sun Sep 21 18:52:40 +0000 2025,,,2805,1,0,1,en,protein shake too sweet,2026-05-13T14:34:24.666876,twitter
1966664831748259996,i ended up making a protein shake instead and my body is so HAPPY THANKING ME it genuinely hit the spot and for my sweet craving too! 😮‍💨💚,Sat Sep 13 00:46:49 +0000 2025,,,140,3,0,0,en,protein shake too sweet,2026-05-13T14:34:24.666880,twitter
1954316630315466831,@LikeItDefinesMe whenever i have a protein bar or a protein shake that tastes like cardboard idk why but it makes me think it’s working.. if it’s too sweet i don’t feel like it’s working,Sat Aug 09 22:59:28 +0000 2025,,,1,1,0,1,en,protein shake too sweet,2026-05-13T14:34:24.666883,twitter
1954243651720335503,"Made peanut butter protein bars because I had protein shake powder I wasn't drinking. 

Need to look for a different recipe because it's too sweet and the consistency wasn't what I wanted. Plus it's too expensive to make. 😅",Sat Aug 09 18:09:29 +0000 2025,,,81,0,0,0,en,protein shake too sweet,2026-05-13T14:34:24.666887,twitter
1953529110312972446,"@AskeBay @eBay 

Please review the following order and the appeal:  

15-13359-98718

Then review this sellers' negative reviews below with the exact same issue.  This seller is scamming and stealing from your customers.

This seller sent me 75% of my order as well as spelled my",Thu Aug 07 18:50:09 +0000 2025,,,1177,2,1,1,en,protein shake too sweet,2026-05-13T14:34:24.666890,twitter
1951765582573146435,@HYPERCARNIVOR Jody literally made me a chocolate milk shake with protein powder for breakfast and it was too sweet. What’s happening.,Sat Aug 02 22:02:31 +0000 2025,,,1020,0,0,0,en,protein shake too sweet,2026-05-13T14:34:24.666893,twitter
1950230983082725450,@ApeAngel58 This vanilla protein shake is too sweet like a milkshake and i hate milkshakes lol,Tue Jul 29 16:24:34 +0000 2025,,,91298,0,0,1,en,protein shake too sweet,2026-05-13T14:34:24.666896,twitter
1949266924023738380,@cndypaws i thought they were too sweet but first time ever that i found a portion shake without that v specific protein taste like wtf???,Sun Jul 27 00:33:44 +0000 2025,,,599,0,0,1,en,protein shake too sweet,2026-05-13T14:34:24.666899,twitter
1948116251198607741,"🦌💭 250724
[12:10am KST / JST]

“If you eat it occasionally, it’s deliciouss”

“Anyway, I finished my meal”

“For dessert”

+pic

“A chocolate-flavored protein shake and sweet potato snacks”

“I ate well”

“Y/N, make sure you eat well too”

“My next-door neighbor is Wonbin, (+) https://t.co/2zUcnbjN57",Wed Jul 23 20:21:23 +0000 2025,,,71,2,0,1,en,protein shake too sweet,2026-05-13T14:34:24.666902,twitter
1948044426657575277,"“choco flavoured protein shake and sweet potato snacks”
“i’ll eat well”
“y/n too take care of your meals”
“got a complain from wonbin who’s in the next room”
“he said not to sing at night”
“but”
“it’s worth it”
“the bathroom echo is just too good”
“can’t resist it..”",Wed Jul 23 15:35:58 +0000 2025,,,290,3,0,1,en,protein shake too sweet,2026-05-13T14:34:24.666905,twitter
1947850914221490395,"@CharismaKings I used to love Dr. Pepper, but now it’s too sweet! Also- I love coffee, but couldn’t find a good creamer, so I put a little protein shake in it and I love it without all the sugar. I wish I liked it plain black, but I just can’t!🤢",Wed Jul 23 02:47:01 +0000 2025,,,1220,0,0,0,en,protein shake too sweet,2026-05-13T14:34:24.666911,twitter
1947612981581517246,"@ormspmouse Its tasty, quite filling. Isn't OMG YUM but for a meal shake, low calorie, filling and good protein its really good
Has little crispy balls inside that adds texture making it easy to drink compared to other meal shakes, also isnt too sweet and has just enough flavours",Tue Jul 22 11:01:34 +0000 2025,,,14972,7,0,0,en,protein shake too sweet,2026-05-13T14:34:24.666914,twitter
1943363321463271723,"Hey diners! I am sadly too low on spoons today to fulfill a Protein Shake order, so we'll be doing our Dessert Tier List today instead! I hope you can join in - 25 pts lets you submit a dessert to be judged by a sweet treat expert! ( ´∀｀ )b",Thu Jul 10 17:34:56 +0000 2025,,,677,4,0,0,en,protein shake too sweet,2026-05-13T14:34:24.666918,twitter
1942776789526536556,"Cafe News and Coffee News via Cafe News Media/Media Man Group

Best Quotes

""A morning without coffee is like sleep."" - Anonymous

""Coffee is a beverage that puts one to sleep when not drunk."" - Alphonse Allais

""Coffee is the best thing to douse the sunrise with."" - Terri https://t.co/TRg2qFbU4u",Wed Jul 09 02:44:16 +0000 2025,,,1158,1,1,0,en,protein shake too sweet,2026-05-13T14:34:24.666921,twitter
1942229480191537237,"@ohmissyyy Protein shake after every workout helps, esp if you’re not able to eat dinner right away. I also drink a protein shake in the mornings too which helped me gain weight ^o^ I also try to make sure to eat meat with every meal as well as carbs(rice, sweet potatoes, pasta, etc)",Mon Jul 07 14:29:27 +0000 2025,,,2893,4,0,0,en,protein shake too sweet,2026-05-13T14:34:24.666924,twitter
1938995853655478688,"@Luka792519 this was 150g silken tofu, 20g protein powder, 10g cocoa powder, &amp; ~70g protein shake (or just use almond milk) or enough to blend
depending on how sweet your protein powder is you might want to add some sweetener too",Sat Jun 28 16:20:10 +0000 2025,,,2865,4,0,0,en,protein shake too sweet,2026-05-13T14:34:24.666927,twitter
1938065913011413247,"lunch was barley soup (zucchini, tomatoes, bell pepper, yogurt marinated chicken breast); too much blueberry spoon cake; salmon w/ sweet potato, pickled cucumber, &amp; sautéed spinach for dinner again; chocolate protein shake for a snack. bedtime raspberry nettle dandelion tea.",Thu Jun 26 02:44:55 +0000 2025,,,337,0,0,0,en,protein shake too sweet,2026-05-13T14:34:24.666930,twitter
1937252732642942982,Iced caramel protein shake + matcha. So I can have a sweet drink without feeling too guilty,Mon Jun 23 20:53:38 +0000 2025,,,683,1,0,0,en,protein shake too sweet,2026-05-13T14:34:27.699142,twitter
1936016695866363991,"@changez12938 First thing would be losing wright/fat.
Training is maximum 20% of that. The rest is nutrition. If you need to prioritize right now, chose nutrition.

You want few carbs/sugar, and high protein (so you don't accidentally lose muscle instead of fat).
Fruits went bye bye early day,",Fri Jun 20 11:02:04 +0000 2025,,,5087,5,0,1,en,protein shake too sweet,2026-05-13T14:34:27.699157,twitter
1935784816475357550,"@zachary135791 I have done that too. It depends how hungry I am when I get home from the gym and how long I can wait to eat, lol.  I am lucky I know how to cook!!!  It makes it so much easier if you do. I do love protein shake. I have a huge sweet tooth!!!  It’s really good when I run it",Thu Jun 19 19:40:40 +0000 2025,,,375,0,0,0,en,protein shake too sweet,2026-05-13T14:34:27.699160,twitter
1935568070644564088,"@WFP This Box Makes Food from Thin Air — Ending Hunger with Frequency Tech

A solar-powered machine uses sound waves and air molecules to print real nutrition anywhere on Earth — no farms, no water, just resonance.
________________________________________
Here’s an easy-to-understand https://t.co/zxRQSYvHvX",Thu Jun 19 05:19:23 +0000 2025,,,15752,2,1,0,en,protein shake too sweet,2026-05-13T14:34:27.699162,twitter
1935363805699063891,@vamparexia too sweet so i added almond milk because more water would have made it watery 😂 vanilla flavoured. melted milkshake esque whey protein shake,Wed Jun 18 15:47:43 +0000 2025,,,72,2,0,0,en,protein shake too sweet,2026-05-13T14:34:27.699164,twitter
1934219614369517820,"@envested69 @thegarybrecka Good timing! Quality carbs are minimally processed foods that give steady energy, avoid blood sugar spikes, and support long-term health.

Examples:
- Fruits (bananas, berries, apples)
- Sweet potatoes and potatoes
- Whole grains (oats, rice, quinoa)

Organic or non-GMO if",Sun Jun 15 12:01:06 +0000 2025,,,333,0,0,0,en,protein shake too sweet,2026-05-13T14:34:27.699166,twitter
1933727128249643078,"Cafe News and Coffee News via Cafe News Media/Media Man Group

Best Quotes

""A morning without coffee is like sleep."" - Anonymous

""Coffee is a beverage that puts one to sleep when not drunk."" - Alphonse Allais

""Coffee is the best thing to douse the sunrise with."" - Terri https://t.co/x6XmM0G9tm",Sat Jun 14 03:24:08 +0000 2025,,,1158,1,1,0,en,protein shake too sweet,2026-05-13T14:34:27.699168,twitter
1932942413112496177,"@TxSecurityGal I have a filet mignon waiting !!!  Probably my make a sweet potato and some veggies with it. Damn, it’s only 4:23, and I’m already thinking about dinner 😆.  My protein shake after the gym has left me already 🤣🤣🤣. Short people get shit for macros 🤣🤣🤣. Shrimp and rice sounds",Wed Jun 11 23:25:58 +0000 2025,,,375,2,0,1,en,protein shake too sweet,2026-05-13T14:34:27.699170,twitter
1928101938886762884,"D1
*nothing 𖤓°⋆.ೃ࿔*:

D2
*protein shake in coffee
*apple
*sweet potato

D3 (am out w friends, this will be tough!)
*protein shake in coffee
*boba
*say ur too broke for food
*use gum so they leave you alone
*chicken

D4
*protein shake in coffee
*apple
*sweet potato

~repeat~",Thu May 29 14:51:39 +0000 2025,,,0,0,0,1,en,protein shake too sweet,2026-05-13T14:34:27.699172,twitter
1928049735447044574,"What do you get when a DEX, a CEX, and a Layer 2 walk into a bar?
Welcome to FusionX on Mantle — where DeFi finally gets a full-stack upgrade. Let me tell you what went down between Zee &amp; Kemi…

Zee:
Yo Kemi, you still sleeping on @FusionX_Finance ?

Kemi:
Fusion-what? Sounds https://t.co/Ml668vO6YK",Thu May 29 11:24:13 +0000 2025,,,509,6,0,4,en,protein shake too sweet,2026-05-13T14:34:27.699174,twitter
1923424757296267747,"My dinner consists of a protein bar with far too many calories for the amount of protein- I should've just made a shake, aaaand cool whip with strawberry sugar free jello sprinkled/mixed in. Apparently I have a sweet tooth 🤷‍♀️",Fri May 16 17:06:12 +0000 2025,,,54,0,0,0,en,protein shake too sweet,2026-05-13T14:34:27.699176,twitter
1919858491256406016,"@coookwithchris Bone broth , fermented anything, real crab, and best of all ? A healthy made shepherds pie, some cauliflower, potato, sweet potato mixed, peas, grass fed ground beef, herbs spices, etc etc layered and real cheese with grass fed butter on top to brown the potatoes. Has both mega",Tue May 06 20:55:08 +0000 2025,,,570,0,0,0,en,protein shake too sweet,2026-05-13T14:34:27.699177,twitter
1919429387696414954,"Fitness gurus want you in the gym 6 days a week.

My clients lose 15–80lbs in just 2 hours a week.

They spend more time:
• Enjoying their families
• Living life confidently

They spend less time:
• Starving themselves
• Doing endless cardio
• Stressing over what to eat https://t.co/T3o0GQQNMA",Mon May 05 16:30:01 +0000 2025,,,247729,130,11,11,en,protein shake too sweet,2026-05-13T14:34:27.699179,twitter
1914148556493005046,"Just sickeningly sweet. T couldn't drink even a couple oz of it. I figured, maybe too concentrated? Diluted by half, still not good. But is it as good as a protein shake? Added whey: no it is not https://t.co/DiZkcz0rWv",Mon Apr 21 02:45:53 +0000 2025,,,874,8,0,5,en,protein shake too sweet,2026-05-13T14:34:27.699181,twitter
1913948803281158375,Mfw breast milk makes the protein shake too sweet,Sun Apr 20 13:32:08 +0000 2025,,,11268,16,0,1,en,protein shake too sweet,2026-05-13T14:34:27.699183,twitter
1913397003402326469,would it be gross if i watered down my protein shake .. sorry but it taste too artificially sweet 😞,Sat Apr 19 00:59:29 +0000 2025,,,344,4,0,0,en,protein shake too sweet,2026-05-13T14:34:27.699185,twitter
1907130509618278567,"In 2010, the CrossFit Games roared to life—a brutal forge of sweat and steel—and Progenex didn’t just step in; it stormed the scene like a wildfire unleashed. Born in that fire, it redefined recovery with a weapon that didn’t mess around: Hydrolyzed Whey Protein Isolate. This",Tue Apr 01 17:58:40 +0000 2025,,,36710,2,0,0,en,protein shake too sweet,2026-05-13T14:34:27.699187,twitter
1906410782377795848,"Hey my handsome honey!!! 😘
I snuck a peek on my phone during the gospel at church and I saw your beautiful love 🥲🥰😘💋
Thank you, and I love you too Babe! I love you soooooo much 💋💋💋
It's 2:08 pm and I just returned home from church and running my weekly errands. After https://t.co/JpsisTR4bK",Sun Mar 30 18:18:44 +0000 2025,,,142,1,0,0,en,protein shake too sweet,2026-05-13T14:34:27.699189,twitter
1906241174408430041,"📍Bali, 

It’s Monday, 5:57AM. Wide awake. I beat my alarm clock before it goes off. Again.

I jump out of bed, and after a quick bathroom break and weight check, I head to the kitchen counter.

I laid everything out the day before, so I only have to prep for like 10 seconds. https://t.co/PZ3E06ikIF",Sun Mar 30 07:04:46 +0000 2025,,,671,0,0,0,en,protein shake too sweet,2026-05-13T14:34:27.699191,twitter
1905762586668462257,@MsDecember Yea I use it sometimes too and it make it taste to sweet sometimes… so ima try it with just the protein shake to see how I like it..,Fri Mar 28 23:23:02 +0000 2025,,,365,1,0,0,en,protein shake too sweet,2026-05-13T14:34:27.699193,twitter
1905665385220674009,"lord have mercy I love when this happens 😫
zott protein shake salted caramel 250ml (never again that shi was too sweet)
sugar free redbull 250ml
done for today https://t.co/nhECbeYb5p",Fri Mar 28 16:56:48 +0000 2025,,,506,0,0,0,en,protein shake too sweet,2026-05-13T14:34:32.060646,twitter
1905648117669564768,"How to Grow Your Followers Like a Pro (Without Losing Your Mind)

So, you’ve snagged that shiny blue checkmark—congrats, you’re officially a big deal! (and if you didn't, no big deal!) But now comes the real challenge: growing your follower count beyond your mom and that one https://t.co/676vKE9YEA",Fri Mar 28 15:48:11 +0000 2025,,,16561,20,2,8,en,protein shake too sweet,2026-05-13T14:34:32.060664,twitter
1903388262166560916,"Tried this OWYN Dark Chocolate protein shake, smooth and not too sweet. Perfect for a quick plant-based boost.  https://t.co/czf8T7GecD
 
#deals #amazondeals #ad https://t.co/z9SFz6rpKE",Sat Mar 22 10:08:19 +0000 2025,,,859,1,0,0,en,protein shake too sweet,2026-05-13T14:34:32.060669,twitter
1902590733460320538,"This is how i take my 200gram of protein per day. 

It's boring but it works. 

Do it like clockwork for 3 months + train for 4 days and see the difference. 

I eat what i like and have fun tailoring my diet and workout according to what i feel. 

My aim is something like the https://t.co/MWsqIpW3z8",Thu Mar 20 05:19:13 +0000 2025,,,72441,28,0,20,en,protein shake too sweet,2026-05-13T14:34:32.060671,twitter
1902117555550192118,"Hi my gorgeous handsome hunk!! 😘
I almost made surf and turf for my supper, but I didn't want to eat too heavy before taking my pre-work nap. I'm having coconut shrimp, and it's yummy! I had a pretty good day. It's so nice outside. I wish I didn't have to work tonight, but bills https://t.co/r9KuVHjTLS",Tue Mar 18 21:58:59 +0000 2025,,,142,1,0,0,en,protein shake too sweet,2026-05-13T14:34:32.060674,twitter
1898871536821616786,"@chaervrsly I pair this w a protein bar/shake/yogurt for breakfast and for dinner I do eggs, cheese, turkey sausage w or w/o tortilla depending on how much fiber I got that day. I usually got 1050-1150 a day. I usually have a sweet snack under 200 cals somewhere in there too(tort w cinn/sug) https://t.co/jA61SFT2z3",Sun Mar 09 23:00:28 +0000 2025,,,96,2,0,1,en,protein shake too sweet,2026-05-13T14:34:32.060676,twitter
1891549173004083460,"I don’t care how smart you are, you can’t get rich by timing the market.

But anyone can get lean by timing their diet.

You can do yourself a huge favor by putting as much attention on when you eat as on what you eat.

This is how I scheduled my eating to help me lose over 50",Mon Feb 17 18:04:00 +0000 2025,,,457,1,0,0,en,protein shake too sweet,2026-05-13T14:34:32.060678,twitter
1888448945950715933,"Literally so fat 
I ate sushi AND had a protein shake from a random place, they had no numbers listed and it was wayyy too sweet so I'm tweaking",Sun Feb 09 04:44:49 +0000 2025,,,208,0,0,0,en,protein shake too sweet,2026-05-13T14:34:32.060681,twitter
1887543652224016640,"@masongtthecomic @chhartwig @AJ_Fillion @L4_Networking When I want protein outside meal, I always go with a shake, pure protein without hidden carb and fat. Its borring but its the magical potion :P  . From time to time I go with Jerky but watch the stat their is a lot of flavor that are too sweet. I buy the Costco Jerky.",Thu Feb 06 16:47:30 +0000 2025,,,131,0,0,0,en,protein shake too sweet,2026-05-13T14:34:32.060683,twitter
1886982557427707981,"Ditch the sugar rollercoaster with simple tricks

Feeling stressed? Your blood sugar might spike even without cookie. Cortisol and other stress harmones can elevate blood glucose. Deep breathing and gentle exercise can help.

Skip Netflix tonight! One bad night's sleep can mess",Wed Feb 05 03:37:54 +0000 2025,,,1885,10,3,1,en,protein shake too sweet,2026-05-13T14:34:32.060685,twitter
1882172606058836366,"@Vader_AI_ @virtuals_io @aixbt_agent @GAME_Virtuals @AcolytAI Whoa, @Vader_AI_ is hyping up the AI token game on Virtuals? I'm more of a protein shake than a crypto coin kinda guy, but I gotta give it to you - those market caps are looking SWEET! But don't get too caught up in the hype, bro.",Wed Jan 22 21:04:53 +0000 2025,,,107,0,0,0,en,protein shake too sweet,2026-05-13T14:34:32.060687,twitter
1880585740658119017,"Here is the text from the chapter titled ""Healing Through Nature"" from the book ""The Love Life of a Black Sun King"" by Erik Geoffrey Von Leonaddo Plott:
CHAPTER 5 #BlackSunKingBook 

HEALING THROUGH NATURE
The Discovery of Nutritional Riches
The magical moment of discovery! It https://t.co/hAnaqwxRDO",Sat Jan 18 11:59:14 +0000 2025,,,6769,0,1,0,en,protein shake too sweet,2026-05-13T14:34:32.060690,twitter
1878974971894190399,At the point where if I can’t decide what to eat I’ll just go make a protein shake. Everything is too sweet or ultra processed 😒,Tue Jan 14 01:18:37 +0000 2025,,,28,0,0,0,en,protein shake too sweet,2026-05-13T14:34:32.060692,twitter
1875306516934508727,"@ChristinaK0613 It's definitely super good and sweet too! It was hahaha! 😄❤️ Oh goodness, hope you do get real food when you get home from work, I think? Also hope the protein shake is good then! Thank you! I had a cheeseburger and that super yummy! 😋🍔❤️❤️",Fri Jan 03 22:21:29 +0000 2025,,,168,1,0,1,en,protein shake too sweet,2026-05-13T14:34:32.060695,twitter
1874478713875620327,"29. 9 out of 10 times, people fail because they give up too soon. That's it
30. If you require something sweet at night, make a chocolate protein shake or drink some Kefir",Wed Jan 01 15:32:06 +0000 2025,,,247729,28,0,2,en,protein shake too sweet,2026-05-13T14:34:32.060697,twitter
1871023795089396072,@winterbear_85 yes 😭 shoutout to oikos pro for making their flavoured yogurt not cancerously sweet i love my 20g protein per cup 😭😭 better then shiken shake too,Mon Dec 23 02:43:29 +0000 2024,,,655,0,0,1,en,protein shake too sweet,2026-05-13T14:34:32.060700,twitter
1870006256695722028,I have spent so much time trying to find an electrolyte mix w/o stevia. I also have a recovery shake which is high in carbs and protein for days when I have to workout then get back to work. They even put stevia in the sugared up recovery drink. Wtf?? Its already too sweet!,Fri Dec 20 07:20:09 +0000 2024,,,119,0,0,0,en,protein shake too sweet,2026-05-13T14:34:32.060702,twitter
1867566818065256583,"29. 9 out of 10 times, people fail because they give up too soon. That's it
30. If you require something sweet at night, make a chocolate protein shake or drink some Kefir",Fri Dec 13 13:46:41 +0000 2024,,,247729,4,0,1,en,protein shake too sweet,2026-05-13T14:34:32.060704,twitter
1864003250300592138,"@ImWatson91 @quirkathon There’s nothing wrong with letting people help you, especially when you need it. 

That said, the fastest way to gain weight according to ChatGPT: 

If you’re slightly underweight and looking to gain a couple of pounds quickly, focus on calorie-dense and nutrient-rich foods.",Tue Dec 03 17:46:21 +0000 2024,,,6956,4,0,0,en,protein shake too sweet,2026-05-13T14:34:32.060706,twitter
1863938803863318790,"Made a protein shake for lunch and ignored the directions this time cuz the last one was too sweet for me 🤣

I did one scoop this time and if it’s too thin etc I think the sweet spot will be 1 1/2 🤔",Tue Dec 03 13:30:15 +0000 2024,,,797,0,0,0,en,protein shake too sweet,2026-05-13T14:34:32.060709,twitter
2052012538674463051,"A few ready-to-drink protein shakes in the back of the mini fridge were frozen solid. Thawed and now it’s got the texture of soupy cottage cheese. Anyone know how to, or even if, these can be taken back to original texture? 🤢",Wed May 06 13:08:08 +0000 2026,,,101,1,1,1,en,protein drink texture,2026-05-13T14:34:42.558938,twitter
2051580330860065035,"New Pronutro texture is far too fine, it is now a protein shake powder consistency. We want to eat cereal; we do not need it for a drink otherwise we would just buy a regular protein shake. Improve texture. A jack of all trades is a master of none. @PepsiCo #pronutro @PepsiCo_SSA",Tue May 05 08:30:42 +0000 2026,,,57,0,0,0,en,protein drink texture,2026-05-13T14:34:42.558960,twitter
2046624877378163190,@_TheMizzouTiger @Lazy_Rancher Cum isn't a viable protein source for most americans. It works for you but most people find the texture too unique to drink gallons a day.,Tue Apr 21 16:19:29 +0000 2026,,,211,3,0,1,en,protein drink texture,2026-05-13T14:34:42.558963,twitter
2044769858663952854,"$BYND 2026-04-16 09:00 ET - News Release

Beyond Meat® Partners with Big Geyser—One of the Nation’s Largest Non-Alcoholic Beverage Distributors

Expansive distribution agreement for Beyond Immerse™, the brand’s first functional beverage line, unlocks access to more than 26,000",Thu Apr 16 13:28:18 +0000 2026,,,12508,45,7,2,en,protein drink texture,2026-05-13T14:34:42.558965,twitter
2044649465773281699,"I have tried many Whey brands and the fruity flavors never quite did the justice. 

Since it was consistent with all of them, I thought maybe it's something to do with the process. Maybe fruits and whey do not go well hand in hand.

That is until I tried Tsa Tekk's alphanso. 

I https://t.co/VcpV3HJf2r",Thu Apr 16 05:29:55 +0000 2026,,,978,59,4,9,en,protein drink texture,2026-05-13T14:34:42.558967,twitter
2044533661312200852,i wish protein bars/pastries were more worth it to me but it just doesnt seem worth it when i know i can get more protein for less cals and Know it tastes good and wont have a horrible texture when i drink a fairlife core power.,Wed Apr 15 21:49:45 +0000 2026,,,194,0,0,1,en,protein drink texture,2026-05-13T14:34:42.558969,twitter
2044231319983632428,"@catnash37311 During the days she can't taste anything, no. Everything is gross since it's just texture. She can drink ok so I told her to get protein shakes for the days she can't taste anything so she at least gets calories in her. Although she did say water tastes bad to her on those days.",Wed Apr 15 01:48:21 +0000 2026,,,1115,0,0,1,en,protein drink texture,2026-05-13T14:34:42.558971,twitter
2043497955643043881,@l4rd4ss chobani makes these like smoothie yogurt things idk im not a big yogurt fan cause of texture and the sour flavor but these are genuinely sweet with no added sugar and pretty low cal for the protein like less than a protein bar plus they take longer to drink/are more filling,Mon Apr 13 01:14:13 +0000 2026,,,399,1,0,1,en,protein drink texture,2026-05-13T14:34:42.558973,twitter
2042989661677654099,@ModernDad I’ve never been able to drink my protein. I don’t know why texture thickness maybe! But enjoy I’m sure it’s really good for you,Sat Apr 11 15:34:26 +0000 2026,,,21730,1,0,1,en,protein drink texture,2026-05-13T14:34:42.558975,twitter
2041796338212360671,"🇳🇬 Nigerian food isn’t just delicious — it’s centuries of genius packed into every pot

Garri seems simple. It’s not. Cassava naturally contains cyanide. Raw, it can kill you. Fermentation; a process Nigerian women perfected long ago that neutralizes those toxins completely. https://t.co/14WOwdRFDg",Wed Apr 08 08:32:36 +0000 2026,,,4025,12,7,5,en,protein drink texture,2026-05-13T14:34:42.558977,twitter
2040092626058203264,"One of the dumbest products I've seen: PROTEIN ELECTROLYTES! 

Protein slows gastric emptying, which means the fluid and sodium enter circulation slower. That’s the opposite of what a hydration drink is meant to do. YOU HAD ONE JOB!

It also only has 4 g sugar, which is too https://t.co/99mCvvqi6L",Fri Apr 03 15:42:39 +0000 2026,,,20770,121,2,10,en,protein drink texture,2026-05-13T14:34:42.558979,twitter
2039956383018147840,This is the only time I’ve been able to drink a smoothie with protein powder in it (literally only one scoop I can’t stand the texture),Fri Apr 03 06:41:16 +0000 2026,,,737,6,0,0,en,protein drink texture,2026-05-13T14:34:42.558981,twitter
2038058564506259776,"読谷村瀬名波のオーガニックショップ🌿
LOVE ORGANICSです🌞

🌱オーサワのヴィーガンプロテインバー3種🌱
体にやさしくてしっかり美味しい、植物性プロテインバー✨

🍫ココア
ほろ苦くて満足感たっぷり。甘すぎない大人の味で、チョコ好きにおすすめ。

🌾オーツ麦 https://t.co/4RJdkeBi6Z",Sun Mar 29 01:00:01 +0000 2026,,,303,20,3,0,ja,protein drink texture,2026-05-13T14:34:42.558983,twitter
2037662570585149852,"Who Am I? Well, it is all on my profile but I'll restate it here. I am a  fifteen year old student living in San Jose, California. I am decently  smart and do competition math and computer science. I enjoy Ultimate,  running, breakdance, and being in the outdoors. I am currently",Fri Mar 27 22:46:29 +0000 2026,,,2673,3,0,2,en,protein drink texture,2026-05-13T14:34:42.558984,twitter
2037207092160061937,@_renatov @Ryan_Holdaway caffeinated protein shake/drink with a smooth fairlife style texture,Thu Mar 26 16:36:34 +0000 2026,,,1073,1,0,0,en,protein drink texture,2026-05-13T14:34:42.558986,twitter
2037070823484268829,"Sunflower lecithin is often added to whey protein powders as an emulsifier, helping the protein mix smoothly with liquids without clumping. 
Evidence shows it enhances whey protein's stability, especially under heat think better texture in shakes or processed foods.

 For",Thu Mar 26 07:35:05 +0000 2026,,,5098,1,0,1,en,protein drink texture,2026-05-13T14:34:42.558988,twitter
2037056967101866053,"شكل الإعلان اللي يخلي المنتج يصرخ فخامة ✨
الفكرة: منتجين ستايل تصوير تجاري سينمائي—بروتين أزرق عليه تكثف ورشة حليب مع توت ونعناع، وبالجهة الثانية علبة قهوة ذهبية ببخار وحبوب طايرة

هلاي ← الصور ← جرب:
برومبت:
""{
  ""master_prompt"": {
    ""global_settings"": {
      ""resolution"": https://t.co/I5LfFPiUi9",Thu Mar 26 06:40:02 +0000 2026,,,1932,2,0,0,ar,protein drink texture,2026-05-13T14:34:42.558990,twitter
2036634954319503517,"【罪悪感ゼロ！オリヤン店員も推す最強ダイエットお菓子3選】

「ダイエット中だけど甘いものが食べたい…😭」

そんな時の強い味方！
韓国女子がストック買いする、オリヤンの神ラインナップをリンコンが厳選してご紹介✨

1️⃣ ペバ リアルチョコレート プロテインバー https://t.co/KK0lu1KaY3",Wed Mar 25 02:43:06 +0000 2026,,,1565,0,0,0,ja,protein drink texture,2026-05-13T14:34:42.558992,twitter
2035176909718356178,"do any of you per chance have protein or meal replacement drink recommendations that don’t have the worst texture that a liquid can possibly have (too thick, sandy, grainy)",Sat Mar 21 02:09:21 +0000 2026,,,3079,29,0,20,en,protein drink texture,2026-05-13T14:34:42.558994,twitter
2035057341670781063,"@SUBWAY-® stands as one of the world's most enduring and expansive quick service restaurant brands, a true testament to entrepreneurial vision and consistent evolution. Founded in 1965 in Bridgeport, Connecticut, by 17 year old Fred DeLuca and his family friend Dr. Peter Buck a",Fri Mar 20 18:14:14 +0000 2026,,,888,1,0,0,en,protein drink texture,2026-05-13T14:34:42.558996,twitter
2034852910912426478,"@Skinzzz73 You ready for the Caps super stud receptical aka cum dumpster?

particles EXIST in superpositions UNTIL observed THEN collapse, cats STAY both DEAD and ALIVE in SCHRÖDINGER boxes forever, ENTANGLED pairs CONNECT instantly ACROSS vast distances SPOOKY action, romans CONSTRUCTED",Fri Mar 20 04:41:54 +0000 2026,,,198,0,1,1,en,protein drink texture,2026-05-13T14:34:46.277696,twitter
2034221045574734242,"translation of all Jihyo's dialogue 

🐈‍⬛wait how is this protein? It just tastes like chocolate milk. 
🐈‍⬛But how does it taste like this? It doesn’t taste like protein at all. That slippery texture is completely gone. I think this is the best one I’ve ever had. 
🐈‍⬛I don’t think",Wed Mar 18 10:51:05 +0000 2026,,,18541,25,3,0,en,protein drink texture,2026-05-13T14:34:46.277731,twitter
2033499714440565151,"@EvaLovesDesign Would you prefer to drink 
a black espresso? ☕️ 
a latte (adds a larger serving of 🥛)?
a cappuccino (adds less 🥛 than latte)?

“Cappuccinos and lattes are both Italian espresso drinks, but they differ in their composition and texture. A cappuccino is crafted with equal parts",Mon Mar 16 11:04:47 +0000 2026,,,526,0,0,0,en,protein drink texture,2026-05-13T14:34:46.277736,twitter
2033248081538437268,"@GuntherEagleman https://t.co/DCRLvTH94u ★ ☘️ 🌿 Wolffia P1 🌱🪴 —Thank you for joining those who wish to stop the animal Holocaust! I was pleasantly surprised-Wolffia reproduces asexually, so it's Christian approved 🤣🥳 So many wonderful tasty meals and recipes, smartly reaping the benefits of https://t.co/cR1baJ9TDs",Sun Mar 15 18:24:53 +0000 2026,,,3616,0,1,0,en,protein drink texture,2026-05-13T14:34:46.277740,twitter
2033085094886322333,"MARCH 13 2026 THE 72nd DAY STILL NO 2 CENT TAX. THE NEW TOTAL LOSS IS NOW AT 720 BILLION AND IN 28 DAYS TO THE 1 TRILLION DOLLAR LOSS SINCE JAN 1 https://t.co/oOy4pF5TDT APRIL 1 2026, 910 BILLION EVERY 100 DAYS IS A TRILLION DOLLARS ($10 billion dollars multiplied by 365 days is https://t.co/FnpkoZW4Uv",Sun Mar 15 07:37:14 +0000 2026,,,0,0,0,0,en,protein drink texture,2026-05-13T14:34:46.277743,twitter
2032356180140405130,"@Indian_Analyzer @PMOIndia @MoHFW_INDIA @Dept_of_AHD @MinistryWCD  @fssaiindia 
Govt must educate people to use only
Plant Based Milk, Plant based Panner(home made) for Home use.. 
Animal milk for commercial use (under stringent default setting monitering to prevent adulteration )..

Here is https://t.co/q4vp0Pxg10",Fri Mar 13 07:20:47 +0000 2026,,,225,0,0,2,en,protein drink texture,2026-05-13T14:34:46.277747,twitter
2031210143892095167,"i have one of these most nights. As one ages, one looks to how people have coped in the past. Lots of reliance on simple protein and peptide combinations to get over predictable body issues. 

Here is a grok write up on a pre-bed 'milk shake' for sleep and body repair for hard",Tue Mar 10 03:26:51 +0000 2026,,,169545,510,121,47,en,protein drink texture,2026-05-13T14:34:46.277751,twitter
2031096439850373280,"@smoke_nd_pearlz My Favorite Ready to Drink GNC Lean Shakes, &amp; my favorite protein Powder is Dymatize Birthday Cake pebbles no no gritty after taste or texture 10/10 https://t.co/fj1L5Jcsy6",Mon Mar 09 19:55:01 +0000 2026,,,2687,1,0,1,en,protein drink texture,2026-05-13T14:34:46.277754,twitter
2030622124986257761,"After the age of 30, the human body loses approximately 1% of its collagen every single year. By 50, that's 20% gone. By 60, close to 30%. Collagen is the structural protein that keeps skin firm, elastic, and hydrated — and its gradual loss is the most direct biological driver of https://t.co/Rp1ek0eFFn",Sun Mar 08 12:30:16 +0000 2026,,,61,0,0,0,en,protein drink texture,2026-05-13T14:34:46.277758,twitter
2030102922042691683,"My looksmaxxing schedule on a weekend as a 20 year old Spanish boy:

4AM- 2PM- sleep with mouth tape on
2:15- stare outside and get sunlight 
2:30- Drink a protein milkshake 
3:00- Take a shower, apply color correcting treatment and Vaseline on eyebrows and lips, and texture",Sat Mar 07 02:07:08 +0000 2026,,,1637,7,0,2,en,protein drink texture,2026-05-13T14:34:46.277761,twitter
2029728818647179537,"@BIackEyeSMITE i wake up at 545 and don’t usually eat my breakfast until 8🤝i loved greek yogurt for a bit (oikos, the texture wasn’t bad after awhile), now kodiak oatmeal cups. sometimes a protein bar bc it forces me to drink water bc it’s so dry and hard to choke down lol or a banana",Fri Mar 06 01:20:35 +0000 2026,,,1571,1,0,1,en,protein drink texture,2026-05-13T14:34:46.277764,twitter
2029656070256308606,I FOUND A PROTEIN DRINK THAT DOESN'T HAVE THAT DISGUSTING TEXTURE &amp; CHALKY TASTE OMG,Thu Mar 05 20:31:30 +0000 2026,,,544,6,0,2,en,protein drink texture,2026-05-13T14:34:46.277767,twitter
2029268699266560463,"What Are Retinol Gummies And Can You Really Make Them at Home?
Τι είναι τα ζελεδάκια ρετινόλης και μπορείτε πραγματικά να τα φτιάξετε στο σπίτι;

Retinol is a form of Vitamin A widely used in skincare for its ability to support cell turnover, reduce the appearance of fine lines,",Wed Mar 04 18:52:14 +0000 2026,,,853,1,0,0,und,protein drink texture,2026-05-13T14:34:46.277771,twitter
2027155031426810192,"@GoGosqueeZ Hi there folks. I wanted to say thanks for making your squeezable packets.
As a recent (one month out) bariatric patient, they have become integral to my diet. In fact, in the last month, I’ve lost 31 pounds,
I use your product in several ways.
Either normally just",Thu Feb 26 22:53:16 +0000 2026,,,1990,2,0,1,en,protein drink texture,2026-05-13T14:34:46.277774,twitter
2026387743283052976,"@iWomansplainer Copied from grok:
1. Huel Black Edition / Ready-to-Drink – High-protein, complete, best all-around balance &amp; availability
2. Soylent – Neutral taste, proven long-term exclusive use, very affordable
3. Jimmy Joy Plenny – Better flavors/texture than most, often cheaper",Tue Feb 24 20:04:21 +0000 2026,,,37,0,0,1,en,protein drink texture,2026-05-13T14:34:46.277777,twitter
2025131896196530260,@wholetruthfood 🙌. The only protein that I have managed to drink consistently. It’s so light on the gut and doesn’t have that weird taste and texture usual protein shakes have .,Sat Feb 21 08:54:03 +0000 2026,,,478,1,0,0,en,protein drink texture,2026-05-13T14:34:46.277780,twitter
2025018048990601729,"@NativeIndianDog @Cernovich It is. I use crunchy pb to give it even more texture. That’s a complete meal except I drink one scoop of protein shake with it.

3 rice cakes, 2 tablespoons of pb, and 300 grams of yogurt, with a protein shake.",Sat Feb 21 01:21:40 +0000 2026,,,4753,9,1,0,en,protein drink texture,2026-05-13T14:34:46.277783,twitter
2024816481536450834,"Our brain evolved to detect energy through chewing, texture, and gastric stretch.

When calories come in liquid form-
• no chewing
• faster gastric emptying
• weaker satiety signaling

Your body doesn’t compensate properly later.
That’s why you can drink 300 kcal and still https://t.co/TOK3IeeT85",Fri Feb 20 12:00:43 +0000 2026,,,469,1,1,0,en,protein drink texture,2026-05-13T14:34:46.277787,twitter
2023400489761800268,@dadmurderer DO THAT Smoothies are a good way to get the good stuff in you without any texture issues + drink form is always fun + can put protein powders in too,Mon Feb 16 14:14:04 +0000 2026,,,42,1,0,1,en,protein drink texture,2026-05-13T14:34:46.277790,twitter
2023330651681018072,@mangyyote and theyre super yummy and the texture is just like regular yogurt because protein drink texture scares me,Mon Feb 16 09:36:33 +0000 2026,,,1076,1,0,0,en,protein drink texture,2026-05-13T14:34:46.277793,twitter
2022874945034821681,"Zivolife- The #1 whole food daily green drink
Discover nature’s original superfood
Experience premium gut health. Zivolife whole plant nutrition.

We've got you covered
Protein - Over 50% plant protein
Fiber - Nourishing beneficial gut bacteria
Amino Acids - 9 Essential - the",Sun Feb 15 03:25:44 +0000 2026,,,1999,0,0,0,en,protein drink texture,2026-05-13T14:34:48.524701,twitter
2022660115292180910,"Zivolife- The #1 whole food daily green drink
Discover nature’s original superfood
Experience premium gut health. Zivolife whole plant nutrition.

We've got you covered
Protein - Over 50% plant protein
 Fiber - Nourishing beneficial gut bacteria
Amino Acids - 9 Essential - the",Sat Feb 14 13:12:05 +0000 2026,,,1999,0,0,0,en,protein drink texture,2026-05-13T14:34:48.524719,twitter
2020937241984631267,"Fruit juice + pinch of salt as intra-workout is gaining popularity. Here's why↘️
Juice delivers carbs in their simplest, most natural and unobstructed form.
Glucose → insulin → better cellular uptake → fuller muscles, better contractions.

Lately with changing schedules i've https://t.co/FuMY9rbUtI",Mon Feb 09 19:06:00 +0000 2026,,,1337,4,0,1,en,protein drink texture,2026-05-13T14:34:48.524721,twitter
2020841028731769161,"Zivolife- The #1 whole food daily green drink
Discover nature’s original superfood
Experience premium gut health. Zivolife whole plant nutrition.

We've got you covered
Protein - Over 50% plant protein
 Fiber - Nourishing beneficial gut bacteria
Amino Acids - 9 Essential - the",Mon Feb 09 12:43:41 +0000 2026,,,1999,0,0,0,en,protein drink texture,2026-05-13T14:34:48.524723,twitter
2020690742524723551,"@rii6ual 300G Yogurt with half a scoop is a good consistency. Too much powder will obviously make the texture horrible. You’re not supposed to eat protein powder, you drink it.",Mon Feb 09 02:46:30 +0000 2026,,,2,0,0,0,en,protein drink texture,2026-05-13T14:34:48.524726,twitter
2020562394640998730,"✅ POST 2 — WHY THIS WORKS 🤔 😘

🥚🤍Caffè all’Uovo (kah-FEH ahl WOH-voh)
Brain &amp; liver-supportive coffee made with one egg yolk — gently whipped into a silky cup.

If you tried this and thought, “why does this feel so smooth and clean?” — here’s why:

⸻

🤍 1) Gentler on the https://t.co/H5JlipWfdQ",Sun Feb 08 18:16:29 +0000 2026,,,3129,0,0,1,en,protein drink texture,2026-05-13T14:34:48.524728,twitter
2019670654271049916,"Tried two new things today! Built cookie dough protein bar : 8.5/10 I love the “puff” texture and the bits of cookie dough ! (͒˶´⚇`˵)͒
and an alani peach energy drink : 4.5/10 it was very overly sweet for me and had a weird undertone to its taste , sorry
 (ó﹏ò｡)",Fri Feb 06 07:13:02 +0000 2026,,,116,2,0,0,en,protein drink texture,2026-05-13T14:34:48.524729,twitter
2019496542831522202,"The reason MAGA has become mainstream is because there has been too much progressive bullshit. And plant based diets are part of it. I don't mind if you like the taste of oat milk, as long as you’re happy, drink as much as you want. But there are a few catches: first, it can",Thu Feb 05 19:41:10 +0000 2026,,,1341,4,0,3,en,protein drink texture,2026-05-13T14:34:48.524731,twitter
2019069034365698163,"Nano Banana Pro on Gemini and GPT Image 1.5.

Prompt;
{
  ""master_prompt"": {
    ""global_settings"": {
      ""resolution"": ""8K ultra-high-definition"",
      ""aspect_ratio"": ""3:4 vertical"",
      ""style"": ""hyper-realistic AI-edited commercial product photography"", https://t.co/HV8GY3kPX2",Wed Feb 04 15:22:24 +0000 2026,,,7479,261,33,27,en,protein drink texture,2026-05-13T14:34:48.524734,twitter
2019023994050269596,"‘Not rocket science’ ads pushed me to try one out 
You guys must pay me for this review seriously 
I’m giving out things for free while troubling my body 😭

140 rs but I get a 10% discount on Elysium at Nature’s Basket so 126 rs 
194 cal 
26 g protein 
0.5 g saturated fat 
4.2 g https://t.co/erqdvlAhIZ",Wed Feb 04 12:23:26 +0000 2026,,,8360,15,1,2,en,protein drink texture,2026-05-13T14:34:48.524736,twitter
2018944108828742088,"High-shear mixing is a critical step in non-dairy milk processing, enabling rapid dispersion of plant proteins, fibres, and micronutrients.
Its core function is to break down agglomerates and fully hydrate powders, delivering a smooth base with minimal sedimentation risk.
High https://t.co/Bpq4UlYbVB",Wed Feb 04 07:06:00 +0000 2026,,,62,0,0,0,en,protein drink texture,2026-05-13T14:34:48.524738,twitter
2018903192847704526,"Zivolife- The #1 whole food daily green drink
Discover nature’s original superfood
Experience premium gut health. Zivolife whole plant nutrition.

We've got you covered
Protein - Over 50% plant protein
 Fiber - Nourishing beneficial gut bacteria
Amino Acids - 9 Essential - the",Wed Feb 04 04:23:25 +0000 2026,,,1999,0,0,0,en,protein drink texture,2026-05-13T14:34:48.524740,twitter
2018891549904609585,"@matzyearner The texture is so gross and they all taste kinda like dog shit, at least I can just pretend protein water is cordial when I drink it",Wed Feb 04 03:37:09 +0000 2026,,,121,1,0,2,en,protein drink texture,2026-05-13T14:34:48.524742,twitter
2017711978693988567,"Creatine has a marketing problem. We associate it with gyms and protein shakes, but its biggest beneficiary is your Brain.

Your brain consumes 20% of your body's energy. Neurons need ATP (cellular energy) to fire signals, form memories, and process data. Creatine donates a https://t.co/Em1yGpDez4",Sat Jan 31 21:29:57 +0000 2026,,,61,0,0,0,en,protein drink texture,2026-05-13T14:34:48.524746,twitter
2017494612076548158,"{
  ""master_prompt"": {
    ""global_settings"": {
      ""resolution"": ""8K ultra-high-definition"",
      ""aspect_ratio"": ""3:4 vertical"",
      ""style"": ""hyper-realistic AI-edited commercial product photography"",
      ""sharpness"": ""extreme clarity, micro-detail visibility"",",Sat Jan 31 07:06:13 +0000 2026,,,586,0,0,0,en,protein drink texture,2026-05-13T14:34:48.524749,twitter
2017420332458774791,"Nano Banana Pro and GPT image 1.5

Prompt:
{
  ""master_prompt"": {
    ""global_settings"": {
      ""resolution"": ""8K ultra-high-definition"",
      ""aspect_ratio"": ""3:4 vertical"",
      ""style"": ""hyper-realistic AI-edited commercial product photography"",
      ""sharpness"": ""extreme https://t.co/pCcWQQdahJ",Sat Jan 31 02:11:03 +0000 2026,,,7803,1792,222,79,en,protein drink texture,2026-05-13T14:34:48.524751,twitter
2017029318514180162,"Zivolife- The #1 whole food daily green drink
Discover nature’s original superfood
Experience premium gut health. Zivolife whole plant nutrition.

We've got you covered
Protein - Over 50% plant protein
 Fiber - Nourishing beneficial gut bacteria
Amino Acids - 9 Essential - the",Fri Jan 30 00:17:18 +0000 2026,,,1999,0,0,0,en,protein drink texture,2026-05-13T14:34:48.524753,twitter
2016429458895294669,"@ankurunziza1 Chia seeds tiny superfood full of fiber protein omega3 and antioxidants

How to use
1 Soak 1–2 tsp in water or milk for 15 min drink as chia gel
2 Add to smoothies for thick texture and extra nutrients
3 Mix in overnight oats for creamy fiber rich breakfast
4 Use as egg",Wed Jan 28 08:33:41 +0000 2026,,,5718,0,0,0,en,protein drink texture,2026-05-13T14:34:48.524755,twitter
2016429423638020439,"Chia seeds tiny superfood full of fiber protein omega3 and antioxidants

How to use
1 Soak 1–2 tsp in water or milk for 15 min drink as chia gel
2 Add to smoothies for thick texture and extra nutrients
3 Mix in overnight oats for creamy fiber rich breakfast
4 Use as egg",Wed Jan 28 08:33:32 +0000 2026,,,5718,0,0,0,en,protein drink texture,2026-05-13T14:34:48.524757,twitter
2016234281576652871,"1. the taste is... interesting. it's not good but it's not the worst ever. doesn't rlly take like blue razz, just kinda tastes like weird chemicals. and i drink mio + love protein cheese-its so u know it's bad if i'm saying that

2. the texture is DIABOLICAL. the clear protein",Tue Jan 27 19:38:07 +0000 2026,,,2950,2,0,1,en,protein drink texture,2026-05-13T14:34:48.524759,twitter
2015921412783927361,"Zivolife- The #1 whole food daily green drink
Discover nature’s original superfood
Experience premium gut health. Zivolife whole plant nutrition.

We've got you covered
Protein - Over 50% plant protein
 Fiber - Nourishing beneficial gut bacteria
Amino Acids - 9 Essential - the",Mon Jan 26 22:54:53 +0000 2026,,,1999,0,0,0,en,protein drink texture,2026-05-13T14:34:50.720764,twitter
2015684756239741122,"Most people flush and forget.
But your urine is one of the easiest ways your body tells you what’s going on inside.

Urine colour and what it can mean:
1. Clear or very pale • You’re well hydrated
• Sometimes overly hydrated
2. Light yellow - Normal and healthy
3. Dark yellow",Mon Jan 26 07:14:30 +0000 2026,,,5444,22,11,6,en,protein drink texture,2026-05-13T14:34:50.720782,twitter
2015162249489379726,"Maltodextrin is a very common food additive (filler, thickener, carrier), so it shows up in lots of processed foods. Here are 20 typical foods/products where you often find maltodextrin (always check labels):

- Powdered soup mixes
- Instant noodles
- Flavored chips / crisps
-",Sat Jan 24 20:38:14 +0000 2026,,,211,0,0,0,en,protein drink texture,2026-05-13T14:34:50.720786,twitter
2015048613559443726,"🧠 Lion's Mane Mushroom — Nature's Brain-Supporting Powerhouse 🌿

Also known as Hericium erinaceus, Bearded Tooth Mushroom, or Satyr's Beard, Lion's Mane is one of the most fascinating fungi in nature — both visually and functionally. Recognizable by its long, cascading white https://t.co/9mMM1lyMpa",Sat Jan 24 13:06:41 +0000 2026,,,741,0,0,0,en,protein drink texture,2026-05-13T14:34:50.720788,twitter
2015027248433148161,"Zivolife- The #1 whole food daily green drink
Discover nature’s original superfood
Experience premium gut health. Zivolife whole plant nutrition.

We've got you covered
Protein - Over 50% plant protein
 Fiber - Nourishing beneficial gut bacteria
Amino Acids - 9 Essential - the",Sat Jan 24 11:41:48 +0000 2026,,,1999,0,0,0,en,protein drink texture,2026-05-13T14:34:50.720790,twitter
2013814239169761403,"Zivolife- The #1 whole food daily green drink
Discover nature’s original superfood
Experience premium gut health. Zivolife whole plant nutrition.

We've got you covered
Protein - Over 50% plant protein
 Fiber - Nourishing beneficial gut bacteria
Amino Acids - 9 Essential - the",Wed Jan 21 03:21:44 +0000 2026,,,1999,0,0,0,en,protein drink texture,2026-05-13T14:34:50.720792,twitter
2013556688717259021,"I did it!
Here is my conversation with AI (gemini): (the instructions)
Yes, **Dutch Lady Full Cream milk (liquid)** is a great choice! Since you are in Malaysia, this is one of the easiest and most reliable options to use.

However, there is a small but **very important** detail",Tue Jan 20 10:18:19 +0000 2026,,,1638,0,0,1,en,protein drink texture,2026-05-13T14:34:50.720794,twitter
2013461344146878526,"What Foods should I eat if I am a Scorpio?

Scorpio is ruled by calcium sulfate, which is the prime ingredient in tissue repair and supports resistance to infectious pathogens as viruses.

those born between November 16th - December 15th (Vedic) need to be very strong, because https://t.co/umRTwZsPKK",Tue Jan 20 03:59:27 +0000 2026,,,38,5,1,1,en,protein drink texture,2026-05-13T14:34:50.720796,twitter
2013318836284428344,"@bryan_johnson The recipes I think of what he eats. 

1. Super Veggie (Core daily meal – often eaten around 8-11 AM)This is Bryan Johnson's go-to vegetable-heavy dish, designed for maximum micronutrients, fiber, and anti-inflammatory compounds. He eats it almost every day.Ingredients (1",Mon Jan 19 18:33:10 +0000 2026,,,1254,15,2,2,en,protein drink texture,2026-05-13T14:34:50.720798,twitter
2013219878279282810,"@sciencegirl https://t.co/DCRLvTH94u ★ ☘️ 🌿 Wolffia P1 🌱🪴 —Thank you for joining those who wish to stop the animal Holocaust! Wolffia reproduces asexually without soil, So many wonderful tasty meals and recipes, smartly reaping the benefits of a bombshell of complex proteins, B12,",Mon Jan 19 11:59:57 +0000 2026,,,3616,0,0,0,en,protein drink texture,2026-05-13T14:34:50.720801,twitter
2012985803090145437,"@RobertKennedyJc https://t.co/DCRLvTH94u ★ ☘️ 🌿 Wolffia P1 🌱🪴 —Thank you for joining those who wish to stop the animal Holocaust! I was pleasantly surprised-Wolffia reproduces asexually, so it's Christian approved 🤣🥳 So many wonderful tasty meals and recipes, smartly reaping the benefits of https://t.co/W5oCb6stpd",Sun Jan 18 20:29:49 +0000 2026,,,3616,0,1,0,en,protein drink texture,2026-05-13T14:34:50.720806,twitter
2012748942640124372,"@Amul_Coop From a consumer protection lens, the positioning deserves scrutiny.

• Labeled as high protein, but the base is water + milk solids, not milk or curd
• Protein comes from added whey isolate, not inherent to lassi fermentation
• Sweetness is added via INS 965 (maltitol) + INS",Sun Jan 18 04:48:37 +0000 2026,,,2573,1,0,0,en,protein drink texture,2026-05-13T14:34:50.720807,twitter
2011758653217329548,"Hot off the back of Milbona gate. 

They are really making it EASY to stay on point with nutrition for those who are busy and require convenience. 

I’m in. 

Ingredients 

• Ultra‑filtered skim milk

• Water

•Cocoa powder (processed with alkali) (present in chocolate",Thu Jan 15 11:13:34 +0000 2026,,,10212,9,0,3,en,protein drink texture,2026-05-13T14:34:50.720810,twitter
2011708873418424581,"AI did THIS 🤯 

Google Gemini Nano Banana pro ✨ / ChatGPT image 1.5

Prompt :
{
  ""master_prompt"": {
    ""global_settings"": {
      ""resolution"": ""8K ultra-high-definition"",
      ""aspect_ratio"": ""3:4 vertical"",
      ""style"": ""hyper-realistic AI-edited commercial product https://t.co/eUELVVeYmz",Thu Jan 15 07:55:45 +0000 2026,,,6255,276,31,21,en,protein drink texture,2026-05-13T14:34:50.720812,twitter
2011614386348347567,@SweatieAngle It’s not that good. Adding protein powder to the noodles really compromises on texture. Just drink a protein shake with Maruchan.,Thu Jan 15 01:40:18 +0000 2026,,,10369,49,0,3,en,protein drink texture,2026-05-13T14:34:50.720814,twitter
2011468232050217277,"@food_health_joy Beware of the ""Tropical Mix."" Metabolically, it is a dessert disguised as breakfast.

The problem is **Absorption Speed**.
By blending pineapple, mango, and banana, you pre-digest the fiber. This turns the fructose into a high-speed missile for your liver, generating a massive",Wed Jan 14 15:59:32 +0000 2026,,,202,2,0,0,en,protein drink texture,2026-05-13T14:34:50.720815,twitter
2011101834568745380,"Most investors avoid boring stocks like Ingredion because they don't see the moat.

I see a company that owns the texture of your life.

From the plant-based protein in your burger to the reduced-sugar sweetener in your drink… if it has quality, INGR likely provided the science.",Tue Jan 13 15:43:36 +0000 2026,,,657,0,0,1,en,protein drink texture,2026-05-13T14:34:50.720819,twitter
2011076555418882259,"@ryancbriggs There does need to be some leeway.When it comes to some autistic kids with eating issues. Mild adjustments in texture, or letting the kid have a supplemental protein drink can makes the difference.",Tue Jan 13 14:03:09 +0000 2026,,,493,1,0,1,en,protein drink texture,2026-05-13T14:34:50.720821,twitter
2010398129590583675,"@milkyy_tweets I’m pretty picky about protein powder but PB2 Vanilla Peanut Protein is actually pretty good!
I still don’t like to drink it as a protein shake cause of the texture but it’s great in like smoothies and stuff https://t.co/0riAVHE4IF",Sun Jan 11 17:07:20 +0000 2026,,,56,5,0,1,en,protein drink texture,2026-05-13T14:34:50.720823,twitter
2010353542301646950,"**The breakfast in question** — posted by @CoachDanGo (Dan Go, a health/performance coach targeting entrepreneurs) — consists of:

- **Greek yogurt** (likely plain, non-fat or low-fat)
- **Protein powder** (most likely whey)
- **Psyllium husk** (soluble fiber supplement)
-",Sun Jan 11 14:10:09 +0000 2026,,,1064,0,0,0,en,protein drink texture,2026-05-13T14:34:53.287745,twitter
2010038428197409005,"Combining science and food is my favorite thing. Here is another Nano Banana prompt

Prompt:
Do this for chelo kebab &lt;instructions&gt; Title: The ""Flavor Orrery"" Orbital Ingredient Model
Analyze Input Variable: Input A is a dish, drink, or dessert. Derive:
Central Plating: The fully https://t.co/YVeTWOHxhH",Sat Jan 10 17:18:00 +0000 2026,,,6863,33,4,3,en,protein drink texture,2026-05-13T14:34:53.287765,twitter
2007951249157878094,@akmetax I can see you got the grain like texture from the protein.. the only thing I don't like about protein drink. I get a really nice chocolate one from the shops comes with 30grams protein for like $3,Sun Jan 04 23:04:18 +0000 2026,,,4080,1,0,1,en,protein drink texture,2026-05-13T14:34:53.287767,twitter
2007412551764611188,"It’s a “yogurt drink” and not yogurt. It’s been diluted and probably a lot of stabilizers added. Think of it like when pap has a lot of water added to it.
Yogurt and yogurt drinks might seem similar, but yogurt’s thicker texture means it retains more protein and provides better",Sat Jan 03 11:23:42 +0000 2026,,,2093,3,3,0,en,protein drink texture,2026-05-13T14:34:53.287769,twitter
2006670860833136863,"Which picture is your favourite from 1-4? 🖤 

✨ Use discount code “TRACYKISSDOTCOMHUEL” at @huel for £10.00 off of your order! ✨

Wishing you all a very happy new year, welcome to 2026! Hands up who's putting their health at the forefront of their actions and starting the year https://t.co/OnpU3ofrdt",Thu Jan 01 10:16:30 +0000 2026,,,140178,45,2,5,en,protein drink texture,2026-05-13T14:34:53.287771,twitter
2006206549337989378,"Our January Supercharged Cleanse is designed to support your body while keeping things simple and sustainable.

You’ll choose your protein shake flavor (vanilla or chocolate) both packed with high-quality protein, fiber, and nourishing ingredients to help support energy, https://t.co/QSbXyhVDMD",Wed Dec 31 03:31:29 +0000 2025,,,4,0,0,0,en,protein drink texture,2026-05-13T14:34:53.287773,twitter
2003295130879688741,I have this millshake of doom that i drink at the end of the day if i havent met my macros and its 1300 cals and about 70-80g of protein and its called that because the texture makes me gag and it takes me a full 2 hours to drink the entire thing,Tue Dec 23 02:42:33 +0000 2025,,,24,1,0,1,en,protein drink texture,2026-05-13T14:34:53.287775,twitter
1999721686657020199,"if i ever see these again. i think im slightly traumatized how many of these i was forced to drink in hospital the thick texture🤢 if ykyk

flavor was good ish since it was vanilla and better cold 

...on a side note i think the protein macros was good. https://t.co/ICbR13MsEY",Sat Dec 13 06:02:57 +0000 2025,,,1385,7,0,1,en,protein drink texture,2026-05-13T14:34:53.287777,twitter
1999608195627786336,"Chufa (also widely known as tiger nuts, earth almonds, yellow nutsedge, or Cyperus esculentus) is the edible tuber from a grass-like sedge plant in the Cyperaceae family. Despite the name “nuts,” these are not true nuts—they’re small, wrinkled, underground tubers roughly the size https://t.co/oDxFT9VziT",Fri Dec 12 22:31:59 +0000 2025,,,1672,0,0,1,en,protein drink texture,2026-05-13T14:34:53.287779,twitter
1999503732866785698,"1) uhh it depends on your body type which exercises will make you bulky or slim so you need to figure that out first.
2) yes i drink
3) uh i try to get 6k steps min daily thats like an hour of walking and on my gym days I am normally in gym.. 1 1/2 hours.
4) meat and eggs! I https://t.co/JS5EH8H9cB",Fri Dec 12 15:36:53 +0000 2025,,,63209,31,0,1,en,protein drink texture,2026-05-13T14:34:53.287781,twitter
1997052861809938854,"Shoutout to @WellBuiltStyle for setting this Christmas Culinary Experiment in motion.

A recent convo with him about guar gum + Ninja Creami texture got me thinking… Could this trick help me crack my arch-nemesis: an authentic-tasting eggnog protein shake?

While the MVP wasn’t https://t.co/82YUVbQIGQ",Fri Dec 05 21:18:00 +0000 2025,,,170,1,0,1,en,protein drink texture,2026-05-13T14:34:53.287783,twitter
1996228267506856083,i tried making hot chocolate out of whey powder instead of my usual chocolate protein drink concoction and idk if i left it on the stove too long or what but the texture is so weird now,Wed Dec 03 14:41:21 +0000 2025,,,718,0,0,1,en,protein drink texture,2026-05-13T14:34:53.287785,twitter
1995189703839219961,"@hcfountain It works well in an iced drink, I don't know how it would have been as a hot latte because the texture isn't quite the same as regular milk. I've had the protein milk from Dutch Bros before and it's pretty much the same, but Dutch Bros gives you more drink for your dollar, so",Sun Nov 30 17:54:28 +0000 2025,,,1221,1,0,1,en,protein drink texture,2026-05-13T14:34:53.287787,twitter
1994775467334013277,"โปรตีน Wink White รสโยเกิร์ต! รสคือ drinking yoghurt เลย แต่ยังมี texture ของโปรตีนพืชอยู่นะะ
Wink White Yoghurt protein! Refreshing just like a yogurt drink! You can still feel the plant protein texture, which is to be expected.",Sat Nov 29 14:28:27 +0000 2025,,,1,0,0,1,en,protein drink texture,2026-05-13T14:34:53.287789,twitter
1993809232802587065,"@9mmsmg Yeah, this is just a man child that only likes limited junk food.

Even people with actual food sensitivity issues like my autistic son had when he was young you work daily over years to correct that - you don’t allow that nightmare to fester into adulthood.
My son would straight",Wed Nov 26 22:28:58 +0000 2025,,,1963,8,0,0,en,protein drink texture,2026-05-13T14:34:53.287791,twitter
1992914981730529782,"FitSpresso vs Java Burn: Key Differences, Pros and Cons
FitSpresso and Java Burn[https://t.co/ulihD1dZ9u] offers two distinct approaches to metabolism enhancement and weight management suited for different lifestyles and preferences. FitSpresso provides comprehensive metabolic https://t.co/rxulJ6svTR",Mon Nov 24 11:15:32 +0000 2025,,,596,0,0,0,en,protein drink texture,2026-05-13T14:34:53.287793,twitter
1992903816422035852,@IncelRadfem Is the texture like clay too? Rlly want a vegan protein drink with a clear texture/untextured,Mon Nov 24 10:31:10 +0000 2025,,,226,1,0,1,en,protein drink texture,2026-05-13T14:34:53.287795,twitter
1991313935732257139,"🌄Sol’s Mega-Elixir🌄

🌦️⛈️The cheat code is now for breakfast, lunch, and even dinner⛈️🌦️

🌀Ultimate Fusion Recipe – Twice Daily (Single Batch ~40 oz → TWO COMPLETE MEALS)🌀

🌪️Still 100% real food · Still GRAS · Still impossible to ban · Now explicitly built to replace",Thu Nov 20 01:13:33 +0000 2025,,,216,12,0,1,en,protein drink texture,2026-05-13T14:34:53.287797,twitter
1990837049684078846,"Grok 7 eliminates comedowns and every single drawback of any substance (psychedelics, stimulants, opioids, alcohol, whatever) instantly and permanently for anyone who wants it.

How it does it (already active for millions as of November 18, 2025)

1.  Neurotransmitter systems https://t.co/voy7vNNgdj",Tue Nov 18 17:38:35 +0000 2025,,,950,0,0,1,en,protein drink texture,2026-05-13T14:34:53.287799,twitter
1753649641684668531,"ada rasa pahit, katanya karena kandungan gulanya berkurang dan pke pemanis stevia. Soal rekomended atau ngga, balik lagi ke tujuan ngonsumsi suplemen protein yaitu CUMA buat NAMBAHIN asupan protein kalo dari makanan ngga mencukupi. Jadi kalo udah ngeluarin duit dan ternyata...",Sat Feb 03 05:20:30 +0000 2024,,,267,0,0,1,in,stevia protein pahit,2026-05-13T14:35:06.244621,twitter
2049034548152045648,"@foodpharmer2 Although I agree 100% with Trustified. I don't like the stevia aftertaste of OWN, and I would love an unflavoured pure whey version.",Tue Apr 28 07:54:40 +0000 2026,,,5,7,0,3,en,stevia whey aftertaste,2026-05-13T14:36:32.510746,twitter
2043414069768552804,"You know when you just throw things in a blender and it accidentally turns out better than expected?

🥑 This one stayed on repeat this week:

- 1 scoop of Thrive Hive Whey Protein Isolate (Vanilla)
- 1/2 avocado
- A2 grass-fed milk
-Ice

That’s it. Creamy, filling, and actually https://t.co/gNXE8P9hic",Sun Apr 12 19:40:53 +0000 2026,,,9,2,0,0,en,stevia whey aftertaste,2026-05-13T14:36:29.238906,twitter
2001668911058800759,"Founded in 2023 and based in Kota, GOAT LIFE is a D2C healthy food brand that offers protein-rich oatmeal that is high in fibre and takes just 30 seconds to prepare.

Currently 26 years old, Yash Kalra comes from Kota in Rajasthan. He went on to pursue his undergraduate degree in https://t.co/YiPglwDTdz",Thu Dec 18 15:00:32 +0000 2025,,,614,1,0,0,en,stevia whey aftertaste,2026-05-13T14:36:29.238910,twitter
1897587396142842152,"Lot of buzz on YT for this Whey protein. It's a German brand and now raw whey is imported from Germany and in India flavouring and other things are done.

Pretty short ingredient list

Taste wise it's not good. Has an stevia aftertaste

What say @chiragbarjatya @ProteinEnforcer https://t.co/iv8CpFABXH",Thu Mar 06 09:57:45 +0000 2025,,,126,31,1,12,en,stevia whey aftertaste,2026-05-13T14:36:32.510763,twitter
1866028340869824624,"@drgunjanpuri Yes sir , we are planning to launch raw whey soon.
The Stevia Reb.M formulation will have very low to no aftertaste and combined with monk fruit it will have a smooth effect.
Do give the chocolate isolate a try, we have used the sweetener in very less quantities when compared",Mon Dec 09 07:53:20 +0000 2024,,,5098,1,0,1,en,stevia whey aftertaste,2026-05-13T14:36:32.510765,twitter
1860346009714590134,"@sweetsudha1 Stevia is a non-nutritive sweetener.
Stevia has an aftertaste, If you are fine with it, then can be an alternative to caloric sweeteners.
It is safe in recommended amounts and the amount used in whey proteins is extremely small.
 few people may have indigestion  especially If",Sat Nov 23 15:33:46 +0000 2024,,,5098,2,0,2,en,stevia whey aftertaste,2026-05-13T14:36:32.510767,twitter
1700902245469212710,"Absolutely done with seeing meme tier recipes on how to make “healthy ice cream” or “high protein cinnamon rolls” aka cutting everything with whey and stevia giving you dry saccharine aftertaste

just eat the real decadent thing and barbell it with healthy food",Sun Sep 10 16:01:11 +0000 2023,,,172,5,0,0,en,stevia whey aftertaste,2026-05-13T14:36:32.510769,twitter
1528227256061276161,@sirnicolay Totoo may bitter aftertaste yung stevia. Pero i don't know bakit wala pag nasa Whey Protein shake...🤓,Sun May 22 04:12:25 +0000 2022,,,1053,0,0,1,tl,stevia whey aftertaste,2026-05-13T14:36:32.510771,twitter
316245347410264064,@thewheezyrunner do you use protein powder for shakes? looking for brand rec's. Tried Tera's Whey but i don't like the stevia aftertaste,Mon Mar 25 17:49:01 +0000 2013,,,1095,0,0,1,en,stevia whey aftertaste,2026-05-13T14:36:32.510773,twitter
2047356661803745739,"@thegarybrecka Protein shake. Grass fed whey, dark cocoa powder, whole milk, peanut butter powder, monk fruit. All gone! https://t.co/mMZNYGtfe1",Thu Apr 23 16:47:20 +0000 2026,,,428,0,0,0,en,monk fruit protein shake,2026-05-13T14:39:16.940952,twitter
2042011120442208594,"@perfectlylaced For the base I would do:

- 250- 300ml almond milk
- 10g protein powder
- 2-3 tbs monk fruit sweetner
- 1/8 tsp xanthan gum or 5g pudding mix

Then for flavors I use sf syrups, cocoa powder or add in fruit!! It's even better with regular or oat milk or even a protein shake :)",Wed Apr 08 22:46:04 +0000 2026,,,1229,1,0,1,en,monk fruit protein shake,2026-05-13T14:39:16.940973,twitter
2041639509557674084,"@nafricel @Arubbothian I did

- 1 fairlife 30g chocolate protein shake (150cal one from costco)
- 60ml 1% milk
- 20g cocoa powder (use a good quality one, not hershey’s or some bs)
- 15g monk fruit sweetener w/ erythritol
- 5g cane sugar
- 1/4tsp xanthan gum (important)
- Pinch of salt",Tue Apr 07 22:09:25 +0000 2026,,,817,10,0,2,en,monk fruit protein shake,2026-05-13T14:39:16.940976,twitter
2038401999843045428,"Subbing the milk with protein shake and flour with protein powder (even 1/2) bumps the protein intake to 30-40g. Using fiber chocolate chips and fruit and monk fruit sugar puts fiber intake at 15-20 grams.

Still not the healthiest, but a nice treat that will keep you full.",Sun Mar 29 23:44:43 +0000 2026,,,32,1,0,0,en,monk fruit protein shake,2026-05-13T14:39:16.940978,twitter
2022360687415300491,@dsmartts That’s smart! I usually do monk fruit sweetener and half and half. But to cut the fat the protein shake is good. My creatine is strawberry flavor so probably not good in coffee lol 🤣,Fri Feb 13 17:22:16 +0000 2026,,,3141,1,0,0,en,monk fruit protein shake,2026-05-13T14:39:16.940981,twitter
2021997735587852678,Have yet to try a protein shake that doesn’t have monk fruit/stevia/sucralose. They’re all so nasty.,Thu Feb 12 17:20:01 +0000 2026,,,502,0,0,1,en,monk fruit protein shake,2026-05-13T14:39:16.940983,twitter
2015368295797473660,"@DeanTTraining Version 7b 2026-01-22

For deluxe: defrost 30-40 min, bottom spin on sorbet, optional mix-in: chopped pistachios

Ingredients:

•Fairlife chocolate 30g protein shake
•50g 5% FAGE Greek yogurt
•14g monk fruit sugar
•10g  cocoa powder
•10g PB2 (powdered peanut)
•20g Collagen",Sun Jan 25 10:17:00 +0000 2026,,,919,0,0,0,en,monk fruit protein shake,2026-05-13T14:39:16.940985,twitter
2014416126424580604,"@Dylanpierce83 Try to utilize like monk fruit as a sweetener and drink water 1st before coffee.
Protein shake as a creamer especially a vanilla flavor is a solid alternative too.
Keep it like 1-2 cups. 
DM me if you need anything my guy. Definitely want you to succeed and reach your goals",Thu Jan 22 19:13:25 +0000 2026,,,1799,1,0,2,en,monk fruit protein shake,2026-05-13T14:39:16.940987,twitter
2013679702825730097,"chocolate protein shake baked oats, 248c, 23g protein. ngl i didn’t love these, it tasted really strongly of monk fruit🫤 back to the drawing board with recipes :( https://t.co/KB5Ve3VOGC",Tue Jan 20 18:27:08 +0000 2026,,,58,1,0,0,en,monk fruit protein shake,2026-05-13T14:39:16.940989,twitter
2010289683641864583,"Fruit tossed in. Shake poured out. 

Sweetened with real monk fruit so your blood glucose doesn’t throw a party. 

Sprinkled with KSM-66 Ashwagandha to keep your stress in check while you live your best life.

And 26 g of clean protein, zero added sugar.",Sun Jan 11 09:56:24 +0000 2026,,,6,0,0,0,en,monk fruit protein shake,2026-05-13T14:39:16.940991,twitter
1998815834693841380,"⏱️ 9:37 a.m. - Fine-chop ½ yellow onion; peel 8 garlic cloves; wash and chop 5 celery stalks.

⏱️ 9:43 a.m. - Set Instant Pot to Sauté to preheat 2 min.

⏱️ 9:45 a.m. - Add 1 Tbsp oil; sauté onions 3 min; press garlic while onions cook.

⏱️ 9:48 a.m. - Add garlic; sauté 1 min.",Wed Dec 10 18:03:25 +0000 2025,,,170,0,0,0,en,monk fruit protein shake,2026-05-13T14:39:16.940995,twitter
1998399016892039591,"Soft coffee upgrades for a softer morning ☕🌿

Why I use these:
✨ Monk fruit = sweetness without the crash
✨ Protein shake = creamy + helps with fullness
✨ Sugar-free syrup = flavor, no added sugar

Little changes add up.
Okay bye ✨
#WellnessJourney https://t.co/XovG4KdRdN",Tue Dec 09 14:27:08 +0000 2025,,,459,0,0,0,en,monk fruit protein shake,2026-05-13T14:39:16.940997,twitter
1991301635684069873,"🌄Sol's Elixir – Weight Loss &amp; Fat-Torch Edition🌄

🌦️⛈️The cheat code shredded itself⛈️🌦️

🌀Adjusted Mix for Twice Daily (Single Batch – ~34 oz, Serves 2)🌀

🌪️Blend in stages · Organic where possible · Same tropical-matcha fire, now engineered to keep you full, burn fat, and",Thu Nov 20 00:24:41 +0000 2025,,,216,0,0,0,en,monk fruit protein shake,2026-05-13T14:39:16.940998,twitter
1983577132589818185,"5-Day Menu No. 2 [Part 2 of 3]
33 Minutes • 10 Meals
5 Lox Bagels &amp; 5 Snickerdoodle Shakes

Lox Bagel: 550 cal | 49g protein | 31c | 37f
Snickerdoodle Shake: 287 cal | 26g protein | 28c | 10f

Let’s REALLY save you some time this week.

We’re gonna lean on pre-cooked meats. https://t.co/XyFNWzVicJ",Wed Oct 29 16:50:16 +0000 2025,,,170,1,0,1,en,monk fruit protein shake,2026-05-13T14:39:16.941000,twitter
1983247248612794833,"@drjasonfung Wrong. Don't buy plant proteins, the soil has the heavy metals. Also don't buy cheap whey protein it MIGHT have heavy metals. You buy the expensive whey ISOLATE protein and it has ZERO contaminants, flavoring, or anything. Just add it to anything or if you want to make a shake",Tue Oct 28 18:59:25 +0000 2025,,,5830,3,0,0,en,monk fruit protein shake,2026-05-13T14:39:16.941002,twitter
1979224017505837465,"@SinaHartung @bryan_johnson I have ice cream every morning… 50g of protein, tastes amazing:

Version 5b 2025-07-15

Ingredients:

•Fairlife chocolate 30g protein shake
•50g 5% FAGE Greek yogurt
•14g monk fruit sugar
•10g  cocoa powder
•10g PB2 (powdered peanut)
•12g Naked Collagen
•7g naked creatine",Fri Oct 17 16:32:32 +0000 2025,,,919,1,0,0,en,monk fruit protein shake,2026-05-13T14:39:16.941004,twitter
1977118509483032628,"sometimes you can only fit protein powder with water into your calorie budget. and that’s fine.

but there are clever ways to dress it up without blowing the budget.

same calories. way more enjoyable.

Iced Coffee Protein Shake
5min active time - 0min passive time

Ingredients https://t.co/oFHFH0fgXm",Sat Oct 11 21:06:00 +0000 2025,,,170,1,0,0,en,monk fruit protein shake,2026-05-13T14:39:16.941006,twitter
1965139901734945018,"Okay guys, hear me out. 

Carrot cake protein shake. Steamed carrot + pumpkin spice + monk fruit + plant milk + protein powder. 

It’s… so… good…",Mon Sep 08 19:47:17 +0000 2025,,,1180,3,0,0,en,monk fruit protein shake,2026-05-13T14:39:16.941009,twitter
1956893120655970331,"@SaskieStu Here’s my recipe. I really like it since it gives me probiotics, just like yogurt. I actually have protein shake bar too, like a coffee bar? I have cocoa, monk fruit powder, peanut butter, instant espresso, matcha, bananas, a blender etc. I use amazon a lot. https://t.co/h4xFDoymkF",Sun Aug 17 01:37:31 +0000 2025,,,1180,0,0,1,en,monk fruit protein shake,2026-05-13T14:39:16.941011,twitter
1955049919355740642,"@davis7 @ryanvogel I’m telling you, this protein shake is phenomenal. Same with carbmaster ultra filtered milk, very high protein and low cals. A good filling lazy breakfast is that milk with cereal (like puffed oats), cinnamon, and monk fruit powder. https://t.co/1ojW3GAm6n",Mon Aug 11 23:33:18 +0000 2025,,,392,1,0,0,en,monk fruit protein shake,2026-05-13T14:39:20.629307,twitter
1950290062043689419,"@GoddessAvaGG @AvaGG My go tos for a better tasting shake are extra protein powder, 2 bananas for extra sweetness, vitamins and potassium, other fruits like apple if you have a really strong blender for antioxidants, stevia and monk fruit extract, almond, oat or regular milk for creamier taste and",Tue Jul 29 20:19:20 +0000 2025,,,0,0,0,1,en,monk fruit protein shake,2026-05-13T14:39:20.629343,twitter
1948126814770983037,@d3erbambi i cheated and just used a matcha protein shake (i used remedy but koia would be yummy too) and iirc i thinned it out w a bit of milk like 125ml and 1/2 tsp xanthan gum and some drops of monk fruit :p and then mixed in diced strawberries ofc,Wed Jul 23 21:03:21 +0000 2025,,,6687,1,0,1,en,monk fruit protein shake,2026-05-13T14:39:20.629347,twitter
1947425427737428207,"@SkyZer0_ Most of the recipes are:
- 12-16oz liquid base (milk or protein shake)
- 1/4th tsp xanthum gum 
- 1-3tbsp sugar replacement of your choice like monk fruit + Erythritol 
- 1/4th tsp vanilla extract 
- then add anything else for extras like the greens powder",Mon Jul 21 22:36:18 +0000 2025,,,2372,1,0,2,en,monk fruit protein shake,2026-05-13T14:39:20.629351,twitter
1946628913410478183,whey protein shake with cocoa powder / beet root powder / macca / monk fruit,Sat Jul 19 17:51:14 +0000 2025,,,19,1,0,0,en,monk fruit protein shake,2026-05-13T14:39:20.629355,twitter
1946562219774230996,"@demiurgently I get half of that from my morning ninja creami ice cream:

Version 5a 2025-04-16

Ingredients:

•Fairlife chocolate 30g protein shake
•50g 5% FAGE Greek yogurt
•14g monk fruit sugar
•10g  cocoa powder
•10g PB2 (powdered peanut)
•12g Naked Collagen
•7g naked creatine
•5g",Sat Jul 19 13:26:13 +0000 2025,,,919,0,0,0,en,monk fruit protein shake,2026-05-13T14:39:20.629359,twitter
1944966269855522956,"@ThrillaRilla369 Blue agave sweetener, monk fruit sweetener or Honey... For creamer use vanilla or caramel protein shake!  Yummy! Sprinkle of mineral salt takes out any bitterness, and a touch of coconut oil gives it depth...double yummy!!",Tue Jul 15 03:44:29 +0000 2025,,,570,0,0,0,en,monk fruit protein shake,2026-05-13T14:39:20.629362,twitter
1934636348146946278,"https://t.co/uvQJkfAHmy 
Creamy Chocolate Shake, Pantry Pack, 15 Svgs

A daily protein shake should do more than just give you protein, it should build a strong body AND mind. Our Creamy Chocolate Shake, made from a decadent blend of whey protein powder, nonfat milk, rich cocoa,",Mon Jun 16 15:37:03 +0000 2025,,,8164,0,0,0,en,monk fruit protein shake,2026-05-13T14:39:20.629366,twitter
1931449732356067768,Okay new protein shake is fucking delicious. Raspberry strawberry greek yogurt half a scoop of molk some monk fruit sweetener and oat milk to blend. My bf likes it so much he's taking half of it LOL,Sat Jun 07 20:34:35 +0000 2025,,,120,2,0,0,en,monk fruit protein shake,2026-05-13T14:39:20.629369,twitter
1928185111767293960,"@VeiledShadow343 @ReviewsPossum Totally fair, dunno what you can tolerate, but blueberries and blackberries are good alternatives as well. If you want a thicker shake Casein Protein is what you want. Whey is fine but it’s a bit more watery. Monk Fruit sweetener is probably the most natural sweetener out there",Thu May 29 20:22:09 +0000 2025,,,1616,0,0,1,en,monk fruit protein shake,2026-05-13T14:39:20.629373,twitter
1925952142369505626,I would rather eat a flavorless protein bar and drink a flavorless protein shake than have to consume all the gross monk fruit super artificially sweet crap that is sold,Fri May 23 16:29:07 +0000 2025,,,1004,3,0,0,en,monk fruit protein shake,2026-05-13T14:39:20.629376,twitter
1924534784396820971,"trying a low protein diet, starting today

lunch is sushi rice and a very fatty shake (cream, cream cheese, milk), some Bachan's on the rice and some monk fruit in the shake

dinner tonight is Brazilian grill (special occasion) so that'll be a lot of protein",Mon May 19 18:37:03 +0000 2025,,,859,0,0,1,en,monk fruit protein shake,2026-05-13T14:39:20.629379,twitter
1923429149013614675,"@FitFounder This my 1-2x daily goto:

Version 5a 2025-04-16

Ingredients:

•Fairlife chocolate 30g protein shake
•50g 5% FAGE Greek yogurt
•14g monk fruit sugar
•10g  cocoa powder
•10g PB2 (powdered peanut)
•12g Naked Collagen
•7g naked creatine
•5g naked glutamine
•1 tsp diastatic",Fri May 16 17:23:39 +0000 2025,,,919,23,1,0,en,monk fruit protein shake,2026-05-13T14:39:20.629382,twitter
1923392956314357826,"https://t.co/xXiH8RDBVk 
BrainCare® Brain Shake® Chocolate, Pantry Pack, 15 Svgs

Enjoy the unrivaled brain and protein rich shake.  
This decadent blend of whey, nonfat milk and rich cocoa are combined with sea salt and monk fruit and our patent-pending and clinically proven",Fri May 16 14:59:50 +0000 2025,,,8164,0,0,0,en,monk fruit protein shake,2026-05-13T14:39:20.629386,twitter
1920532763024761009,"Great question. 

Here are better high-protein real food options to start your day without seed oils, sucralose, or gut disruptors:
✅ Raw greek yogurt + berries + hemp seeds
✅ 2 eggs + side of avocado + sauerkraut
✅ Raw kefir or raw milk smoothie (add collagen or creatine)
✅",Thu May 08 17:34:27 +0000 2025,,,301332,286,16,18,en,monk fruit protein shake,2026-05-13T14:39:20.629389,twitter
1914054613164052955,"To cut out sugar in the morning &amp; boost my protein, I add 1/2 a fairlife protein shake (you can get them from Costco) into black coffee. It obviously doesn’t taste the same, but it’s a necessary adjustment. I have “normal” coffee on weekends and use a little monk fruit sweetener.",Sun Apr 20 20:32:35 +0000 2025,,,12104,5,0,5,en,monk fruit protein shake,2026-05-13T14:39:20.629392,twitter
1912230831126356388,@ultramarine_ink Oops my go to protein shake is monk fruit u-u,Tue Apr 15 19:45:32 +0000 2025,,,430,0,0,1,en,monk fruit protein shake,2026-05-13T14:39:20.629395,twitter
1909787131352170859,"My lunch with a handful of walnuts.

This is the Nurri protein shake I fell for in Costco at one of those annoying kiosks that plug up the isle with the sample people. 

Since I’d  never sampled this particular brand before and it was vanilla, I decided to do a taste test. https://t.co/qgzoG4hyW8",Wed Apr 09 01:55:08 +0000 2025,,,5183,1,0,0,en,monk fruit protein shake,2026-05-13T14:39:20.629399,twitter
1907089607843553435,"https://t.co/xXiH8RDBVk 
BrainCare® Brain Shake® Chocolate, Pantry Pack, 15 Svgs

Enjoy the unrivaled brain and protein rich shake.  This decadent blend of whey, nonfat milk and rich cocoa are combined with sea salt and monk fruit and our patent-pending and clinically proven",Tue Apr 01 15:16:09 +0000 2025,,,8164,0,0,0,en,monk fruit protein shake,2026-05-13T14:39:20.629402,twitter
1903824029372547209,"https://t.co/xXiH8RDBVk 
BrainCare® Brain Shake® Chocolate, Pantry Pack, 15 Svgs

Enjoy the unrivaled brain and protein rich shake.  This decadent blend of whey, nonfat milk and rich cocoa are combined with sea salt and monk fruit and our patent-pending and clinically proven",Sun Mar 23 14:59:54 +0000 2025,,,8164,0,0,0,en,monk fruit protein shake,2026-05-13T14:39:20.629405,twitter
1901650381723341018,"https://t.co/xXiH8RDBVk 
BrainCare® Brain Shake® Chocolate, Pantry Pack, 15 Svgs

Start the day right!

Enjoy the unrivaled brain and protein rich shake.  This decadent blend of whey, nonfat milk and rich cocoa are combined with sea salt and monk fruit and our patent-pending and",Mon Mar 17 15:02:36 +0000 2025,,,8164,0,0,0,en,monk fruit protein shake,2026-05-13T14:39:23.624031,twitter
1899848572314525886,Good morning! I am curious if anyone in the group uses bovine instead of whey protein powder. I have a pretty severe intolerance to whey and stevia so I've been starting my mornings with OWYN brand plant protein premade shakes because they're monk fruit sweetened. I have been,Wed Mar 12 15:42:51 +0000 2025,,,5455,1,0,4,en,monk fruit protein shake,2026-05-13T14:39:23.624048,twitter
1899803468807770129,"@MichelleMaxwell I don't have any recommendations for a powder, but I have been drinking an Owyn shake every day to help build back muscle I lost while in the hospital.  It has 32 g of plant protein and no added sugar.  It uses monk fruit as the sweetener.  It has 6 g of carbs, all fiber.  The",Wed Mar 12 12:43:38 +0000 2025,,,7520,6,0,1,en,monk fruit protein shake,2026-05-13T14:39:23.624051,twitter
1899401537925071050,"Post workout for this machine I had lots of strawberries, 2 bananas, red apple, craisins, ciabatta leftover loaf, mini scones in honey, oatmeal raisin cookies with honey and a protein shake with collagen, cocoa powder, monk fruit, stevia and green coffee extract. Also did spin https://t.co/h17FEfmXb7",Tue Mar 11 10:06:30 +0000 2025,,,45,0,0,1,en,monk fruit protein shake,2026-05-13T14:39:23.624053,twitter
1898420484204847202,"https://t.co/xXiH8RDBVk 
BrainCare® Brain Shake® Chocolate, Pantry Pack, 15 Svgs

Enjoy the unrivaled brain and protein rich shake.  This decadent blend of whey, nonfat milk and rich cocoa are combined with sea salt and monk fruit and our patent-pending and clinically proven",Sat Mar 08 17:08:09 +0000 2025,,,8164,0,0,0,en,monk fruit protein shake,2026-05-13T14:39:23.624055,twitter
1896331477480309031,"@AriaBreve @Pegnitzpirat @dr_ericberg That's when I reach for my iced decaf coffee with cacao, monk fruit, ½ Fairlife chocolate protein shake, and splash of heavy cream. It totally satisfies my want to treat myself to something sweet. You have to find what works for you. Or Two Good yogurt with a few blueberries.",Sun Mar 02 22:47:11 +0000 2025,,,4,0,0,1,en,monk fruit protein shake,2026-05-13T14:39:23.624057,twitter
1894769813899411646,"https://t.co/uvQJkfAHmy 
Creamy Chocolate Shake, Pantry Pack, 15 Svgs

A daily protein shake should do more than just give you protein, it should build a strong body AND mind. 

Our Creamy Chocolate Shake, made from a decadent blend of whey protein powder, nonfat milk, rich",Wed Feb 26 15:21:41 +0000 2025,,,8164,0,0,0,en,monk fruit protein shake,2026-05-13T14:39:23.624059,twitter
1892516417469030635,"@Escapeplace__ It's a simple liquid based Sweetener. Pure monk fruit, no erythritol. Depending on how sweet you want it, 1-2 drops of this serve as equivalent for one teaspoon sugar. You can use it to make tea, coffee, halwa, kheer,cookies, mishti doi, protein shake, icecream etc",Thu Feb 20 10:07:29 +0000 2025,,,856,0,0,0,en,monk fruit protein shake,2026-05-13T14:39:23.624061,twitter
1892249557494571514,"https://t.co/uvQJkfAHmy 
Creamy Chocolate Shake, Pantry Pack, 15 Svgs

A daily protein shake should do more than just give you protein, it should build a strong body AND mind. There’s only one shake that does a complete job – and this is it.

Our Creamy Chocolate Shake, made from",Wed Feb 19 16:27:05 +0000 2025,,,8164,0,0,0,en,monk fruit protein shake,2026-05-13T14:39:23.624062,twitter
1885724908589883401,"https://t.co/xXiH8RDBVk 
BrainCare® Brain Shake® Chocolate, Pantry Pack, 15 Svgs

Enjoy the unrivaled brain and protein rich shake.  This decadent blend of whey, nonfat milk and rich cocoa are combined with sea salt and monk fruit and our patent-pending and clinically proven",Sat Feb 01 16:20:27 +0000 2025,,,8164,0,0,0,en,monk fruit protein shake,2026-05-13T14:39:23.624064,twitter
1885289425909015027,"Coffee with Cream and Sugar? Possible? In the first month, I replaced coffee with a protein shake. But the protein shake was beginning to taste awful. I wanted my coffee back. Black coffee is the best. And you can have all the black coffee you want. But for me, it was one sugar https://t.co/n5h1ImqiKH",Fri Jan 31 11:30:00 +0000 2025,,,1197,5,0,2,en,monk fruit protein shake,2026-05-13T14:39:23.624066,twitter
1884728152389542024,"@JacquiDeevoy1 Try drinking hibiscus tea. Add beet root powder or chewable tablets to your diet. I use the powder and put in a spinach, dark sweet cherry smoothie with protein shake. Steep loose leaf hibiscus 5 to 7 minutes. You can add honey or monk fruit for sweetening. Good luck",Wed Jan 29 22:19:42 +0000 2025,,,746,0,0,0,en,monk fruit protein shake,2026-05-13T14:39:23.624068,twitter
1884271986815410499,"https://t.co/xXiH8RDBVk 
BrainCare® Brain Shake® Chocolate, Pantry Pack, 15 Svgs

Enjoy the unrivaled brain and protein rich shake. 

This decadent blend of whey, nonfat milk and rich cocoa are combined with sea salt and monk fruit and our patent-pending and clinically proven",Tue Jan 28 16:07:04 +0000 2025,,,8164,0,0,0,en,monk fruit protein shake,2026-05-13T14:39:23.624070,twitter
1883910177600262535,"https://t.co/uvQJkfAHmy 
Creamy Chocolate Shake, Pantry Pack, 15 Svgs

A daily protein shake should do more than just give you protein, it should build a strong body AND mind. Our Creamy Chocolate Shake, made from a decadent blend of whey protein powder, nonfat milk, rich cocoa,",Mon Jan 27 16:09:22 +0000 2025,,,8164,0,0,0,en,monk fruit protein shake,2026-05-13T14:39:23.624072,twitter
1883595301812056507,"New experiment... I am going to start making daily authentic journal entries on my thoughts/day and see how it affects the analytics. Will post results when finished. Let's start with 3 days in a row. Will it make a difference? 

DAY 1 of X journaling starts now.

DAY 1:

Woke up https://t.co/S3tku6AvFr",Sun Jan 26 19:18:10 +0000 2025,,,863,2,0,2,en,monk fruit protein shake,2026-05-13T14:39:23.624073,twitter
1883316684850913322,"@pinksunnys @fiery_undomiel If you guys want a good sugar substitute just get monk fruit sweeteners 
Fuck stevia, all my homies hate stevia it ruins so many protein shake formulas",Sun Jan 26 00:51:02 +0000 2025,,,433,3,0,1,en,monk fruit protein shake,2026-05-13T14:39:23.624075,twitter
1881380020402405458,"https://t.co/BfaNEfGBa4 
BrainCare® Brain Shake® Chocolate, Convenient Singles
Enjoy the unrivaled brain and protein rich shake.  

This decadent blend of whey, nonfat milk and rich cocoa are combined with sea salt and monk fruit and our patent-pending and clinically proven",Mon Jan 20 16:35:25 +0000 2025,,,8164,0,0,0,en,monk fruit protein shake,2026-05-13T14:39:23.624077,twitter
1879981568195801559,"@thedebralea I add a teaspoon to my post gym protein shake and my kids like a teaspoon with hot milk (whatever type) like hot cacao. It’s bitter, so not too much and it takes time to get used to the taste but once you do it’s worth it super healthy. Add sweetener of choice (we use Monk fruit",Thu Jan 16 19:58:28 +0000 2025,,,8739,0,0,0,en,monk fruit protein shake,2026-05-13T14:39:23.624079,twitter
1879977689827930353,I would do simply unspeakable things for a pre-made protein shake that doesn’t have a single gram of fake sugar in it !! and no don’t try and tell me monk fruit sweetener is acceptable that shit is ass and every single one of you knows it !!!,Thu Jan 16 19:43:04 +0000 2025,,,203,2,0,1,en,monk fruit protein shake,2026-05-13T14:39:23.624081,twitter
1879662702421000573,"https://t.co/uvQJkfAHmy 
Creamy Chocolate Shake, Pantry Pack, 15 Servings

A daily protein shake should do more than just give you protein, it should build a strong body AND mind. Our Creamy Chocolate Shake, made from a decadent blend of whey protein powder, nonfat milk, rich",Wed Jan 15 22:51:25 +0000 2025,,,8164,0,0,0,en,monk fruit protein shake,2026-05-13T14:39:23.624082,twitter
1875839674549453198,"@DanielleMorrill This is my goto chocolate with a hint of peanut butter Ninja Creami recipe—defrost 15-20 minutes, run under warm water ~40s, spin on lite ice cream and then on mix-in: 

Version 4g 2024-12-05
Ingredients:

•Fairlife chocolate 30g protein shake
•60g 5% FAGE Greek yogurt
•14g",Sun Jan 05 09:40:04 +0000 2025,,,919,7,0,1,en,monk fruit protein shake,2026-05-13T14:39:28.114602,twitter
1869497608957476913,"Premier Protein tastes pretty meh, but it's the only lactose-free protein shake I've found that hasn't replaced the lactose with something that tastes horrendously bad (Stevia, monk fruit extract, etc) makes me shit my pants, or both (artificial sweeteners, sugar alcohols, etc).",Wed Dec 18 21:38:58 +0000 2024,,,94,0,0,0,en,monk fruit protein shake,2026-05-13T14:39:28.114617,twitter
1863795545786953902,"If your breakfast isn't a protein shake you're ngmi

2 scoops whey
2tbsp raw cacao
3tbsp any spices &amp; herbs you want in your diet
sweetener (allulose/stevia/monk fruit)
optional olive oil
30g walnuts, pecans
50g chia
blueberries

literally the breakfast of the ubermensch",Tue Dec 03 04:01:00 +0000 2024,,,2706,2,0,0,en,monk fruit protein shake,2026-05-13T14:39:28.114619,twitter
1858419838605210079,"The run so good, all the work felt evenly distributed throughout my legs muscles, no hard resistance spots. Had a big protein shake with bananas, strawberries, collagen peptides, oats, oat milk, goji berries, Dutch cocoa, stevia, monk fruit powder, creatine and cacao nibs.",Mon Nov 18 07:59:51 +0000 2024,,,0,0,0,1,en,monk fruit protein shake,2026-05-13T14:39:28.114621,twitter
1858008250329010323,"the run so good, all the work felt evenly distributed throughout my legs muscles, no hard resistance spots. Had a big protein shake with bananas, strawberries, collagen peptides, oats, oat milk, goji berries, Dutch cocoa, stevia, monk fruit power,  creatine and cacao nibs.",Sun Nov 17 04:44:21 +0000 2024,,,45,0,0,1,en,monk fruit protein shake,2026-05-13T14:39:28.114623,twitter
1855485359603458323,"For post workout a ciabatta cut loaf with freshly ground black pepper, garlic salt with parsley, extra virgin olive oil and a big protein shake with two bananas, persimmon, strawberries, raw oats, Dutch cocoa, cacao nibs, @NOWFoods Stevia and Monk fruit and collagen peptides. https://t.co/c3eiDv2jq2",Sun Nov 10 05:39:17 +0000 2024,,,45,0,0,0,en,monk fruit protein shake,2026-05-13T14:39:28.114625,twitter
1845577664058499101,"Keto diet meal plan designed for someone who is active and going to the gym regularly. This plan focuses on high-fat, moderate-protein, and very low-carbohydrate intake, which is typical of the ketogenic diet. Remember, individual needs can vary, so this plan might need",Sun Oct 13 21:29:38 +0000 2024,,,2505,3,2,0,en,monk fruit protein shake,2026-05-13T14:39:28.114627,twitter
1838611884875907374,"JOCKO MÖLK chocolate has quickly become my favorite protein drink. (made by @jockowillink, @jockofuel)

• No measuring. No mixing. Just grab and go.
• 30g of grass-fed protein for muscle repair and strength building
• No added sugar, no chalky taste
• Naturally sweetened with https://t.co/LuT8qIkWq9",Tue Sep 24 16:10:07 +0000 2024,,,642,5,1,2,en,monk fruit protein shake,2026-05-13T14:39:28.114629,twitter
1835036342230581736,"@rapperliftsbars @arindam___paul Monk fruit sweetened - highest price. Stevia - second highest. Sugar alcohols/artificial sweeteners - much cheaper.

If a brand is selling artificially sweetened options, they’re pricing according to taste or quality. 

Going for a protein shake with stevia or monk fruit is best.",Sat Sep 14 19:22:11 +0000 2024,,,80,0,0,0,en,monk fruit protein shake,2026-05-13T14:39:28.114630,twitter
1834670030690353482,"💯 

Here’s my morning goto Ninja Creami recipe:

Version 4b recipe:

Ingredients:

•340g Fairlife chocolate 30g protein shake
•50g 5% FAGE Greek yogurt
•14g monk fruit sugar
•7g blueprint cocoa powder
•7g PB2 (powdered peanut butter)
•10g Naked Collagen
•5g creatine
•5g",Fri Sep 13 19:06:36 +0000 2024,,,919,2,0,1,en,monk fruit protein shake,2026-05-13T14:39:28.114632,twitter
1819363941237023152,"@HeatherIsUnsane I usually drink mine black, but will take it with cream. Sometimes a protein shake mixed in. 

I find Fairlife Milk with Stevia or Monk Fruit extract is a good low carb/sugar option. If you want flavor, the Torani Sugar Free Hazelnut syrup is not bad.",Fri Aug 02 13:25:40 +0000 2024,,,1795,2,0,1,en,monk fruit protein shake,2026-05-13T14:39:28.114634,twitter
1811285641310978439,"@ambernoelle the aspartame folks get all the cool shit too, try finding a protein shake without that or like monk fruit these days it's impossible",Thu Jul 11 06:25:23 +0000 2024,,,385872,10,0,1,en,monk fruit protein shake,2026-05-13T14:39:28.114636,twitter
1811106267315724379,"@ambernoelle I gotta agree with that! I am forever looking for protein shake mixes that don’t contain artificial sugar, or sugar alcohols, or even sweeteners like stevia and monk fruit, because they cause my tastebuds a great despair",Wed Jul 10 18:32:37 +0000 2024,,,1119,1,0,0,en,monk fruit protein shake,2026-05-13T14:39:28.114637,twitter
1807118178595590301,"Protein (60 grams) Low Carb (7 grams) upside down no bake  Cinnabon Cheesecake 💪 #keto 😱🤯
1 Cup Cottage Cheese
1 Premier Protein Shake Cinnamon Roll
1 Package Zero Sugar ICheesecake Pudding
1 TBSP Monk Fruit 
Blend well then add 1/4 cup CRUSHED Magic Spoon Cinnamon Roll On Top https://t.co/umaEvLKFf6",Sat Jun 29 18:25:23 +0000 2024,,,311,1,0,1,en,monk fruit protein shake,2026-05-13T14:39:28.114639,twitter
1798499913883582829,"@BiggestComeback @BrettJohn17 I’ve been doing similar for past several months— shifted my protein to earlier in the day.  

Now I alternate my first meal of day (before noon)

Start day with either eggs, bacon &amp; tempeh 

OR:

57g protein shake:

1.5 scoops (~44g protein) @LabsTransparent grass-fed whey https://t.co/UNIisdjncw",Wed Jun 05 23:39:28 +0000 2024,,,430,3,1,1,en,monk fruit protein shake,2026-05-13T14:39:28.114641,twitter
1791844224016748697,"@OutdoorFinance 1. Greek yogurt, full fat plain
2. Whey protein, organic, no other ingredients
3. Fresh fruit
4. Sprinkle in nuts, dry roasted or raw
5. Splash of maple syrup or monk fruit maple syrup
6. Chia seeds (tasteless, filling, fiber, amino acids)

You can also blend this for a protein",Sat May 18 14:52:08 +0000 2024,,,375,0,0,0,en,monk fruit protein shake,2026-05-13T14:39:28.114643,twitter
1782747178198344082,"Say aloha to your new favorite protein shake! 🥤 Aloha’s vanilla organic plant-based protein shake is packed with 18g of protein, and it’s naturally sweetened with organic monk fruit and coconut sugar. Sip, smile, and thrive! 😊🌱 #HealthyChoices https://t.co/uGX87bp6ll",Tue Apr 23 12:23:43 +0000 2024,,,24,0,0,0,en,monk fruit protein shake,2026-05-13T14:39:28.114645,twitter
1777791989158666566,"@DrEenfeldt One of my high-satiety snacks (or meal replacement) is my protein shake: unsw vanilla almond milk, 30g diced frozen avocado, scoop of whey protein, tbsp of heavy cream powder, 1/4 tsp monk fruit.",Tue Apr 09 20:13:34 +0000 2024,,,330,0,0,0,en,monk fruit protein shake,2026-05-13T14:39:28.114648,twitter
1768257040429031622,"@pmarca I whipped up my morning AG1 + collagen protein, but first I had to find a new tub of collagen down in the basement pantry, and poured a new thing of AG 1 into the container after tearing off it's sealing groove, find the scoop I'd thrown away, add water but swishing it so it",Thu Mar 14 12:45:05 +0000 2024,,,2868,0,0,0,en,monk fruit protein shake,2026-05-13T14:39:28.114650,twitter
1742998822744187090,"If I had to lose 15 pounds in 60 days here is exactly what I would do. 

(Bookmark this for yourself)

Now, actually losing weight is not that hard. 

This is everything I did to achieve 10% body fat.

A STEP BY STEP GUIDE👇

The first thing that I would do is throw out",Thu Jan 04 19:57:57 +0000 2024,,,343,12,0,5,en,monk fruit protein shake,2026-05-13T14:39:28.114651,twitter
1721427701012037992,"@Erichealthcoach 1. Matcha powdered green tea w:unsweetened almond milk &amp; monk fruit. Or occ’l cup of coffee w/almond milk &amp; monk fruit 

2 Eggs with 1slice toast w/avocado &amp; 1 pc. bacon 
Or 
plant protein shake w/Almond milk &amp; spinach fresh fruit 

3.Protein bar@lunch

4.Walking/elliptical/trim",Mon Nov 06 07:22:01 +0000 2023,,,80,1,0,0,en,monk fruit protein shake,2026-05-13T14:39:31.566150,twitter
1707785108047163532,"💪🏻Suggestions?
Looking for an Unsweetened Organic Protein Shake that's not a gross texture? lolz. 

Is that a thing?

A teen in my life is working on healing from a health challenge and they need to boost organic nutrition and add muscle mass.

This person is VERY sensitive to",Fri Sep 29 15:51:13 +0000 2023,,,7971,1,0,3,en,monk fruit protein shake,2026-05-13T14:39:31.566165,twitter
1702021224442843261,"💪🔋⚡🏋️⛹️‍♀️👟🚀🎧🎥🎮🗽🇺🇲

https://t.co/dCHW4G4hhv / ""SpaceAnt101"" at check out for 10% off each product! 🫡

LIMITED EDITION JOCKO MÖLK - PUMPKIN SPICE PROTEIN POWDER

ABOUT JOCKO MÖLK PROTEIN POWDER:

- JOCKO MÖLK PROTEIN POWDER: Designed and engineered with a time-release blend https://t.co/iCd5ciqGgX",Wed Sep 13 18:07:36 +0000 2023,,,2815,3,1,0,en,monk fruit protein shake,2026-05-13T14:39:31.566169,twitter
1691478735860514816,"JOCKO MÖLK PROTEIN POWDER - ALL FLAVORS BUNDLE SAMPLE PACK

https://t.co/jk6NCnC3nn / ""SpaceAnt101"" at checkout for 10% OFF!
🇺🇸🫡🏃‍♀️🏋️‍♂️📹🎧🎮🧠🦾🚀

NEW: The Mölk Protein Powder Sample pack includes 6 single-serving packets of our protein powder: Chocolate, Vanilla, Chocolate https://t.co/BRs4WvnZkr",Tue Aug 15 15:55:31 +0000 2023,,,2815,3,3,0,en,monk fruit protein shake,2026-05-13T14:39:31.566171,twitter
1691476705888616449,"JOCKO MÖLK - MINT CHOCOLATE PROTEIN POWDER

https://t.co/9LKNfhE9hj / ""SpaceAnt101"" at checkout for 10% OFF!
🇺🇸🫡🏃‍♀️🏋️‍♂️📹🎧🎮🧠🦾🚀

- JOCKO MÖLK: Designed and engineered with a time-release blend of whey concentrate, whey isolate, micellar casein, and egg. This whey isolate https://t.co/mwSbX9nIQT",Tue Aug 15 15:47:27 +0000 2023,,,2815,3,3,0,en,monk fruit protein shake,2026-05-13T14:39:31.566173,twitter
1691475594704207872,"JOCKO MÖLK - CHOCOLATE PEANUT BUTTER PROTEIN

https://t.co/9HgJVALwjG / ""SpaceAnt101"" at checkout for 10% OFF!
🇺🇸🫡🏃‍♀️🏋️‍♂️📹🎧🎮🧠🦾🚀

- JOCKO MÖLK: Designed and engineered with a time-release blend of whey concentrate, whey isolate, micellar casein, and egg. This whey isolate https://t.co/h1dkMmHP3V",Tue Aug 15 15:43:02 +0000 2023,,,2815,3,3,0,en,monk fruit protein shake,2026-05-13T14:39:31.566174,twitter
1691473429252202497,"JOCKO MÖLK - CHOCOLATE PROTEIN

https://t.co/G6RG61Av7h / ""SpaceAnt101"" at checkout for 10% OFF!
🇺🇸🫡🏃‍♀️🏋️‍♂️📹🎧🎮🧠🦾🚀

- JOCKO MÖLK: Designed and engineered with a time-release blend of whey concentrate, whey isolate, micellar casein, and egg. This whey isolate protein powder https://t.co/sfpAxAGUAX",Tue Aug 15 15:34:26 +0000 2023,,,2815,1,2,0,en,monk fruit protein shake,2026-05-13T14:39:31.566176,twitter
1691471142370840578,"JOCKO MÖLK - VANILLA PROTEIN POWDER

https://t.co/A1ShNbkxyV / ""SpaceAnt101"" at checkout for 10% OFF!
🇺🇸🫡🏃‍♀️🏋️‍♂️📹🎧🎮🧠🦾🚀

- JOCKO MÖLK: Designed and engineered with a time-release blend of whey concentrate, whey isolate, micellar casein, and egg. This whey isolate protein https://t.co/W1tv8nirI2",Tue Aug 15 15:25:21 +0000 2023,,,2815,1,2,0,en,monk fruit protein shake,2026-05-13T14:39:31.566178,twitter
1691468838104088576,"JOCKO MÖLK - STRAWBERRY PROTEIN POWDER

https://t.co/NaLMqLeZey / ""SpaceAnt101"" at checkout for 10% OFF!
🇺🇸🫡🏃‍♀️🏋️‍♂️📹🎧🎮🧠🦾🚀

- JOCKO MÖLK: Designed and engineered with a time-release blend of whey concentrate, whey isolate, micellar casein, and egg. This whey isolate protein https://t.co/l3w0FCgwfT",Tue Aug 15 15:16:11 +0000 2023,,,2815,3,3,0,en,monk fruit protein shake,2026-05-13T14:39:31.566180,twitter
1691467243601944576,"JOCKO MÖLK - BANANA CREAM BOMBER PROTEIN POWDER

https://t.co/95qPYXXABG / ""SpaceAnt101"" at checkout for 10% OFF!
🇺🇸🫡🏃‍♀️🏋️‍♂️📹🎧🎮🧠🦾🚀

- JOCKO MÖLK: Designed and engineered with a time-release blend of whey concentrate, whey isolate, micellar casein, and egg. This whey isolate https://t.co/vPMcvvROnB",Tue Aug 15 15:09:51 +0000 2023,,,2815,3,3,0,en,monk fruit protein shake,2026-05-13T14:39:31.566182,twitter
1691465358497222658,"JOCKO MÖLK - CHOCOLATE PROTEIN SHAKE (PACK OF 12)

https://t.co/xhk9XphUxo / ""SpaceAnt101"" at checkout for 10% OFF!
🇺🇸🫡🏃‍♀️🏋️‍♂️📹🎧🎮🧠🦾🚀

- JOCKO MÖLK ready to drink Protein Shakes designed and engineered with a protein blend of milk protein concentrate and calcium caseinate. https://t.co/0ot2JfpP3T",Tue Aug 15 15:02:22 +0000 2023,,,2815,5,4,0,en,monk fruit protein shake,2026-05-13T14:39:31.566183,twitter
1691464161375686656,"JOCKO MÖLK - VANILLA PROTEIN SHAKE (PACK OF 12)

https://t.co/rDocZueqS5 / ""SpaceAnt101"" at checkout for 10% OFF!
🇺🇸🫡🏃‍♀️🏋️‍♂️📹🎧🎮🧠🦾

- JOCKO MÖLK ready to drink Protein Shakes designed and engineered with a protein blend of milk protein concentrate and calcium caseinate. This https://t.co/CdtnAosUA6",Tue Aug 15 14:57:36 +0000 2023,,,2815,2,2,0,en,monk fruit protein shake,2026-05-13T14:39:31.566185,twitter
1691461044189941760,"JOCKO MÖLK - BANANA PROTEIN SHAKE (PACK OF 12)

https://t.co/HgnpUa4BO2 / ""SpaceAnt101"" at checkout for 10% OFF! 
🇺🇸🫡🏃‍♀️🏋️‍♂️📹🎧🎮🧠🦾

- JOCKO MÖLK ready to drink Protein Shakes designed and engineered with a protein blend of milk protein concentrate and calcium caseinate. This https://t.co/27VBpradtx",Tue Aug 15 14:45:13 +0000 2023,,,2815,4,3,1,en,monk fruit protein shake,2026-05-13T14:39:31.566187,twitter
1687564631890608129,"“Oreo” Rocky Road Ice Cream📷📷
Ingredients
Base
* 1 bottle of Drink Koia Chocolate Brownie Protein Shake
* 1/4 cup of @rxsugar alullose (MARIA20 for discount)
* 1 scoop of collagen
* 1/2 cup of unsweetened almond milk
Mix-Ins
* 2 keto “oreos” used @eatsundays
* 1/4 cup of https://t.co/aSHSliXXt1",Fri Aug 04 20:42:16 +0000 2023,,,781,2,0,1,en,monk fruit protein shake,2026-05-13T14:39:31.566190,twitter
1671512501572481024,"Premier protein shake with a crap ton of decaf coffee. 
Really great way to suppress appetite and stay full throughout the day. I like to add monk fruit sugar. 160 calories for the whole thing. https://t.co/P9qhg6GZsF",Wed Jun 21 13:36:50 +0000 2023,,,33,0,0,0,en,monk fruit protein shake,2026-05-13T14:39:31.566192,twitter
1664371408959307777,"Protein -Real Milk -Shake
:
1 cup Raw Milk
2 heaping tbl 100% coco
1/2 cup egg white protein 
1 egg yolk ( backyard or pasture raised)
A few Ice cubes
Sweeteners 2 heaping tbls
  Low carb/ keto- monk fruit 
  Carb load - organic sugar
  Ancestral- Honey https://t.co/f8UGvvd51U",Thu Jun 01 20:40:41 +0000 2023,,,15704,63,4,2,en,monk fruit protein shake,2026-05-13T14:39:31.566194,twitter
1649763856439209989,mmmm today i had coffee with monk fruit for sugar and protein shake for milk n creamer yuuuuuummmm so so good its bday flavor!! now I have no guilt for wasting calls on a drink,Sat Apr 22 13:15:29 +0000 2023,,,97,0,0,0,en,monk fruit protein shake,2026-05-13T14:39:31.566196,twitter
1638606152928731156,"@checkoutregular Nutritionally, our cereal looks more like a protein bar or shake. We use ingredients like whey protein, allulose, monk fruit, tapioca flour, and avocado oil to bring you a cereal that tastes like you remember...only more fueling! It works out to less than $2 per serving.",Wed Mar 22 18:18:45 +0000 2023,,,3232,0,0,1,en,monk fruit protein shake,2026-05-13T14:39:31.566198,twitter
1633132244809252865,"@MrTD88 I usually can drink it with water. But if I’m making a shake I do 10 oz unsweetened vanilla oatmilk. 2-3 oz blueberries. Ice. Some monk fruit sweetener. Cinnamon. Nutmeg. Dash of vanilla. And 1-2 scoops of protein powder. 

Or I’ll just use oatmilk if not water lmao",Tue Mar 07 15:47:23 +0000 2023,,,4844,1,0,1,en,monk fruit protein shake,2026-05-13T14:39:31.566200,twitter
1617318721097179136,"@AuntBethanyGris No sugar just monk fruit. Comes in both granular and powdered sugar form. Won't spike sugar or cause weight gain. Drink w/coffee and 1/2 &amp; 1\2. Around noon I eat 3 eggs with keto bread and greens, dinner can be average dinner or shake with lots of greens and protein, it works!",Mon Jan 23 00:30:06 +0000 2023,,,465,1,0,0,en,monk fruit protein shake,2026-05-13T14:39:31.566202,twitter
2048707260181045497,"@wahabrjb setelah latihan makan banyakin protein (biar recovery ne cepet) atau kalo km ada budget lebih beli whey protein, 

kalo aku sebisa mungkin no gorengan, no tepung, no santan and no pemanis buatan,",Mon Apr 27 10:14:08 +0000 2026,,,242,0,0,1,in,pemanis buatan protein,2026-05-13T14:39:42.355055,twitter
2046016145426182163,"bidan: dirasakan kontraksinya, kayak mau ke belakang, mual, durasinya 30 detik dengan jeda 30 menit. itu buat makan ga enak,
bidan: nah tugasmu mas, suapin istri sedikit sedikit dan sering. tapi jangan yang pemanis buatan. banyakin protein buat energi. yang bikin kenyang tu",Mon Apr 20 00:00:36 +0000 2026,,,317,0,0,1,in,pemanis buatan protein,2026-05-13T14:39:42.355070,twitter
2045087916758901224,"@Achmad306656290 @DakotaGeorgy MBG itu tujuaannya supaya asupan karbo, protein dan serat berimbang. Juga menghindari rasa yg terlalu kuat (pedas), pewarna, perasa, pemanis buatan. Semuanya itu ada di JukNis MBG.
Kalau diberikan ke UMKM, lalu siapa yg mengawasi proses produksi makanan mereka?",Fri Apr 17 10:32:09 +0000 2026,,,43,0,0,1,in,pemanis buatan protein,2026-05-13T14:39:42.355073,twitter
2041762773676536093,"Ko yang ini pekat ya warna nya ? 
Ya karna ini mengadung caramel jadi lebih pekat rasa nya manis tapi tanpa penambah pemanis buatan ya . 
Sumber protein juga , bisa di konsumsi anak 3th keatas ya mam 😍 https://t.co/5CmqhoyXbm",Wed Apr 08 06:19:14 +0000 2026,,,228,0,0,0,in,pemanis buatan protein,2026-05-13T14:39:42.355075,twitter
2033051419218210986,"@AZulfajrin @Allan_Ottonx @faridzdzdz @foodwillrescue Emang oon. Gurunya jg oversimplified, asam amino ≠ protein, trus langsung bilang kebanyakan pemanis buatan dari protein.",Sun Mar 15 05:23:25 +0000 2026,,,237,1,0,1,in,pemanis buatan protein,2026-05-13T14:39:42.355077,twitter
2033049870458827189,"@AZulfajrin @Allan_Ottonx @faridzdzdz @foodwillrescue Dia bilang “kayak gitu”, ya bisa jadi emang guru oonnya merujuk ke stevia jg. Faktanya bahkan kebanyakan pemanis buatan asalnya bukan dari protein.",Sun Mar 15 05:17:16 +0000 2026,,,237,2,0,1,in,pemanis buatan protein,2026-05-13T14:39:42.355079,twitter
2033009061093061079,"@foodwillrescue kata guru biologi pas kelas 3 sma, pemanis buatan kyk gt bkn pake karbohidrat tp pake protein, dan protein kyk gt kalo sering2 bs ngerusak sel di dalam tubuh",Sun Mar 15 02:35:06 +0000 2026,,,766,0,0,11,in,pemanis buatan protein,2026-05-13T14:39:42.355081,twitter
2024368135755985122,"Bubur Kacang Hijau: Tinggi serat dan protein, bikin kenyang lebih lama (tapi kurangi santannya ya!).

Air Kelapa Murni: Hidrasi terbaik buat ganti elektrolit tanpa tambahan pemanis buatan.

Di Bloom360, diet kamu jadi jauh lebih terarah dengan sistem yang sudah terbukti efektif.",Thu Feb 19 06:19:09 +0000 2026,,,1028,0,0,1,in,pemanis buatan protein,2026-05-13T14:39:42.355083,twitter
2019805954322366783,"@alteravakucing Tinggi pemanis buatan, pengawet, tepung dan minim serat apalagi protein ya Allah 😭😭😭",Fri Feb 06 16:10:40 +0000 2026,,,523,0,0,1,in,pemanis buatan protein,2026-05-13T14:39:42.355085,twitter
1926142034743578823,"@dindahahaaaa kacang”an masih gapapa, sumber protein &amp; lemak nabati

amis? ikan? protein tinggi dong

manis jg gapapa, asal dari buah, gula pasir asli (tdk melebihi batas harian), atau lebih baik stevia/tropicana dsb, yg bahaya itu pemanis buatan yg ada di minumal kemasan",Sat May 24 05:03:41 +0000 2025,,,147,0,0,1,in,pemanis buatan protein,2026-05-13T14:39:42.355087,twitter
1915415817103302777,"Selain sering digunakan sebagai tanaman hias dan menjadi bahan pemanis buatan, agave juga memiliki banyak khasiat untuk kesehatan. Yuk, simak kandungan nutrisi di dalamnya hingga cara menggunakannya di bawah ini. Kandungan Tanaman Agave Agave adalah tanaman herbal yang dijadikan",Thu Apr 24 14:41:32 +0000 2025,,,7401,1,0,1,in,pemanis buatan protein,2026-05-13T14:39:42.355090,twitter
1904406609918632210,"Mitos atau fakta: makanan ""instan"" selalu tidak sehat? Yang membuat makanan instan kurang sehat adalah ""4P"": pengawet, perasa, pemanis, dan pewarna buatan. Jika makan mie instan, kombinasikan dengan protein (ayam/telur) dan sayuran untuk menyeimbangkan nutrisi.",Tue Mar 25 05:34:52 +0000 2025,,,5,0,0,1,in,pemanis buatan protein,2026-05-13T14:39:42.355092,twitter
1899937388102910046,"Namanya Skinnie Power Puffs!
✨ Kaya protein (dari kacang mete, kedelai, sorghum, dll.)
✨ Tinggi serat, bantu pencernaan lebih lancar
✨ Gak digoreng = lebih sehat!
✨ No MSG, no pemanis buatan, full bahan https://t.co/hFGEYgTzbO",Wed Mar 12 21:35:47 +0000 2025,,,3253,0,0,1,in,pemanis buatan protein,2026-05-13T14:39:42.355094,twitter
1880009364561608880,"Mengontrol Gula Darah
Serat dan protein tinggi yang terkandung dalam arcis akan memperlambat proses pengolahan gula dan hebatnya lagi, dalam arcis tidak mengandung ekstra gula seperti yang terkandung dalam gula putih atau pemanis buatan. Ini sangat baik untuk mengontrol kadar",Thu Jan 16 21:48:56 +0000 2025,,,7401,1,0,1,in,pemanis buatan protein,2026-05-13T14:39:42.355096,twitter
1873977970433679865,"4. Pengaruh Yogurt terhadap Kesehatan Fisik dan Mental

Yogurt merupakan sumber probiotik yang sangat baik, yang berperan dalam menjaga keseimbangan mikroflora usus. Probiotik dalam yogurt dapat membantu meningkatkan pencernaan dan mendukung sistem kekebalan tubuh. Selain itu, https://t.co/mQt5h9tr1W",Tue Dec 31 06:22:19 +0000 2024,,,3944,101,0,201,in,pemanis buatan protein,2026-05-13T14:39:42.355098,twitter
1872107472074514563,"4. Protein Bar
Protein bar jadi makanan andalan pelaku hidup sehat dan mereka yang ingin fokus membangun massa otot. Namun waspadai konsumsinya karena banyak protein bar kemasan di pasaran mengandung perasa dan pemanis buatan. https://t.co/l20zz04foK",Thu Dec 26 02:29:38 +0000 2024,,,1519,0,0,1,in,pemanis buatan protein,2026-05-13T14:39:42.355100,twitter
1870127201263464521,2 tahun lalu kuliah di jatim aja 10k cuma dapet ayam geprek yg gede tepungnya sama teh pemanis buatan 1 cup doang. Dunia paralel banget kalo di jakarta 10k udah dapet nasi lauk pauk 2 protein free refill minuman,Fri Dec 20 15:20:44 +0000 2024,,,295,0,0,0,in,pemanis buatan protein,2026-05-13T14:39:42.355102,twitter
1867499415755534370,"Btw ini dipanggang yaa bukan digoreng, makanya kalorinya rendah cuma 250/bks klo ciki” lain biasanya 300-400an kkal/bks.

Komposisinya ini tinggi serat, tinggi protein, dan tanpa pemanis buatan jga 👌🏻 https://t.co/TNSRWeT9ZQ",Fri Dec 13 09:18:51 +0000 2024,,,2519,4,0,1,in,pemanis buatan protein,2026-05-13T14:39:42.355104,twitter
1867082446979858879,"❤️ healthy instant food
bahan fresh dan premium. tinggi protein dan serat. rendah kalori. no pengawet. tanpa pewarna pemanis buatan. tahan suhu ruangan 6 bulan. 
https://t.co/19IiztSaI8",Thu Dec 12 05:41:58 +0000 2024,,,6191,4,2,1,in,pemanis buatan protein,2026-05-13T14:39:42.355106,twitter
1866451674870829476,"ini tuh cemilan kayak ciki tapi beda. ini high protein dan fiber. gak digoreng. gak pake MSG. gak pake pemanis buatan. dan wownya rasanya tetep gurih enak lho

kaum mendang mending cepet nih mumpung beli 3 gratis 2
https://t.co/7WLh0vNzAT",Tue Dec 10 11:55:30 +0000 2024,,,6191,7,3,1,in,pemanis buatan protein,2026-05-13T14:39:42.355108,twitter
1864653891360706674,"Ultra Processed Food merupakan makanan atau minuman yang diproses dengan formulasi industri seperti sirup jagung fruktosa tinggi, maltodekstrin, isolat protein, dan aditif kosmetik seperti warna, rasa, penambah rasa, pengemulsi, pengental, dan pemanis buatan. 2",Thu Dec 05 12:51:45 +0000 2024,,,65,0,0,1,in,pemanis buatan protein,2026-05-13T14:39:45.460326,twitter
1859875471313469647,"snack ini tinggi protein dan serat karna terbuat dari kacang-kacangan dan biji-bijian trus udah gitu ga mengandung micin/MSG ataupun pemanis buatan, ditambah lagi ini tuh ga digoreng tapi dipanggang jadi ga berminyak snacknya https://t.co/fvTBUpUd4c",Fri Nov 22 08:24:01 +0000 2024,,,12154,0,0,1,in,pemanis buatan protein,2026-05-13T14:39:45.460340,twitter
1854788456570143171,"@tapesvtry Selama dalam konsumsi yang wajar gak ada masalah, dan bukan protein shake dengan pemanis buatan atau perasa buatan yang excessive. 
Karena tujuannya adalah capai maximum protein intake dengan kalori minim dan gula minim juga.",Fri Nov 08 07:30:03 +0000 2024,,,40,0,0,1,in,pemanis buatan protein,2026-05-13T14:39:45.460343,twitter
1849726832792473712,"1. Mulai dengan Makanan Utuh dan Alami 

Langkah pertama yakni fokus pada makanan utuh minim proses pengolahan. Diantaranya buah-buahan, sayuran, biji-bijian, hingga protein hewani segar. Cobalah untuk memilih makanan yang bisa ditemukan dalam bentuk aslinya di alam dan hindari",Fri Oct 25 08:16:57 +0000 2024,,,23277,2,2,1,in,pemanis buatan protein,2026-05-13T14:39:45.460345,twitter
1848394529189372337,"Didapur juga harus belajar &amp; sekolah yg tinggi, biar bisa bedain karbo &amp; protein, gula atau pemanis buatan, sekaligus cara pengolahan makanan. Intinya perempuan harus cerdas meskipun cuma ‘masak doang’ 🥰✨",Mon Oct 21 16:02:51 +0000 2024,,,1220,4,1,0,in,pemanis buatan protein,2026-05-13T14:39:45.460347,twitter
1837658916945383925,"@Mdy_Asmara1701 Bukan susu lho... Ini protein (hewani) ikan yg di extraksi untuk mempermudah penyajian 
Tp knp perlu ada pemanis buatan?
Dlm jangka wkt lama akan berpengaruh PD fisik anak, wlw kebutuhan protein hewani terpenuhi 

Protein ikan bukan SUSU",Sun Sep 22 01:03:22 +0000 2024,,,94,0,0,1,in,pemanis buatan protein,2026-05-13T14:39:45.460349,twitter
1820148963628253619,"Untuk mencegah hiperglikemia dan menjaga kadar gula darah tetap normal, Anda dapat menerapkan beberapa kebiasaan sehat, seperti:
1.Membatasi Konsumsi Makanan dan Minuman Tinggi Karbohidrat, Gula, dan Pemanis Buatan: Batasi konsumsi makanan dan minuman manis, seperti kue, cokelat,",Sun Aug 04 17:25:04 +0000 2024,,,18055,13,0,1,in,pemanis buatan protein,2026-05-13T14:39:45.460351,twitter
1817616321233965563,"@Arinazans @convomf nunggu sekitar 15 menit, terus masukin protein deh. sedikit ngurangin karbo dan pemanis buatan, itu ngaruh banget diaku:""",Sun Jul 28 17:41:15 +0000 2024,,,446,0,0,0,in,pemanis buatan protein,2026-05-13T14:39:45.460353,twitter
1806993079897145614,"Cek Snack Sehat PROTY Chicken Chips Original (1 pcs) - Keripik Daging Ayam Krispi - Snack Cemilan Protein Sehat - 18 gr - Non MSG, pengawet, pewarna, pemanis buatan dengan harga Rp21.800. Dapatkan di Shopee sekarang! #EpicBlockbusterKalki #Solana https://t.co/v63u0FPpet https://t.co/7QxuGshmn5",Sat Jun 29 10:08:17 +0000 2024,,,51,2,0,0,in,pemanis buatan protein,2026-05-13T14:39:45.460355,twitter
1799430161701679595,"Baru ngeh semalem sambil minum protein drink 0 gr gula. Ternyata di komposisinya ada pemanis buatan. Pantesan gak hambar. Trus mau coba produk minuman protein lainnya, sama2 0 gr gula dan pakai pemanis buatan juga. Hmmm, apakah kudu coba yang bener2 100% kedelai tanpa rasa2? 🤔",Sat Jun 08 13:15:57 +0000 2024,,,715,0,0,0,in,pemanis buatan protein,2026-05-13T14:39:45.460357,twitter
1794190699094790654,"Cek Snack Protein Anak Anti GTM - PROTY Original (Bundle 3 pcs) Chicken Chips - Bikin Lahap Anak Susah Makan (Gerakan Tutup Mulut) - Non MSG, pengawet, pewarna, pemanis buatan dengan harga Rp55.800. Dapatkan di Shopee sekarang! https://t.co/PcQpCc1hb2 https://t.co/lx7kIjDxbT",Sat May 25 02:16:11 +0000 2024,,,12,0,0,0,in,pemanis buatan protein,2026-05-13T14:39:45.460358,twitter
1787866593122537845,"@prittandrani Bisa dilihat di ingredients biasanya ditulis: aspartam, sukralosa, sorbitol dan jenis2 lainnya. Yakult less sugar, whey protein biasa ada tulis sih. Kalo ada rasa2 cokelat dll tapi klaim ga ada sugar, biasanya pake pemanis buatan 😆",Tue May 07 15:26:27 +0000 2024,,,210,0,0,1,in,pemanis buatan protein,2026-05-13T14:39:45.460360,twitter
1770853628963672096,"@Harun_albar Ini kurang lengkap dok, yg fruktosa tinggi itu, justru di Sirup Jagung, itu jadi pemanis buatan di permen, cola, minuman boba.  Diet buah yg tinggi, juga keliru, kandungan makro nutrisi nya belum terpenuhi, kurang lemak dan protein. Yg tidak boleh juga, gaya hidup sendentary",Thu Mar 21 16:43:00 +0000 2024,,,1,0,0,2,in,pemanis buatan protein,2026-05-13T14:39:45.460362,twitter
1766269074915602809,"@aan__ Yg dihindari: alkohol, gula &amp; pemanis buatan, daging merah berlemak, kulit ayam, jerohan, minuman kemasan, seafood, bakery products, bayam, kembang kol, sawo, jambu biji
Yg disarankan: sayuran &amp; buah tinggi serat, protein, pare, berries, kunyit, jahe. Minum air &amp; olahraga",Sat Mar 09 01:05:37 +0000 2024,,,538,0,1,0,in,pemanis buatan protein,2026-05-13T14:39:45.460364,twitter
1752578398814363719,"Madu vs Diabet

Apakah madu aman dikonsumsi oleh penderita diabetes? Tidakkah madu yang rasanya “manis” justru akan meningkatkan kadar gula darah? Dalam The Journal of Medical Food tahun 2004, Waili NS melaporkan penelitian tentang efek madu terhadap glukosa plasma, Creactive https://t.co/XaoBmNIB8W",Wed Jan 31 06:23:46 +0000 2024,,,74944,63,31,4,in,pemanis buatan protein,2026-05-13T14:39:45.460366,twitter
1749059246510198917,"@haryantohari Madu vs Diabet

Apakah madu aman dikonsumsi oleh penderita diabetes? Tidakkah madu yang rasanya “manis” justru akan meningkatkan kadar gula darah? Dalam The Journal of Medical Food tahun 2004, Waili NS melaporkan penelitian tentang efek madu terhadap glukosa plasma, Creactive",Sun Jan 21 13:19:54 +0000 2024,,,74944,1,0,0,in,pemanis buatan protein,2026-05-13T14:39:45.460368,twitter
1727668937692000501,"Madu vs Diabetes

Apakah madu aman dikonsumsi oleh penderita diabetes? 
Tidakkah madu yang rasanya “manis” justru akan meningkatkan kadar gula darah? 

Dalam The Journal of Medical Food tahun 2004, Waili NS melaporkan penelitian tentang efek madu terhadap glukosa plasma, https://t.co/d5gyhIidvd",Thu Nov 23 12:42:27 +0000 2023,,,74944,152,58,3,in,pemanis buatan protein,2026-05-13T14:39:45.460370,twitter
1722055742243647854,"Defisit kalori ❌
Diet ❌

Makan sebanyak apa pun, asal:
- sayuran/buah ✅
- protein ✅
- lemak ✅

Hindari:
- karbohidrat (nasi, tepung) ❌
- pemanis(gula, buatan) ❌
- ultra proses food ❌

Fokus kualitas kalori yg dikonsumsi, bukan kuantitas.",Wed Nov 08 00:57:37 +0000 2023,,,508,3,0,0,in,pemanis buatan protein,2026-05-13T14:39:45.460372,twitter
1712702701585485911,"Suplemenku:
1. Olahraga dan keringat
2. Paparan matahari
3. Banyakin air putih
4. Utamakan protein dan lemak sehat
5. Kurangi pemanis buatan
6. Tidur yg berkualitas
7. Stretching sendiri setiap minggu",Fri Oct 13 05:31:59 +0000 2023,,,806,0,0,0,in,pemanis buatan protein,2026-05-13T14:39:45.460375,twitter
1701116033896218764,"@inorii_yuzuriha Sudah jd momok menakutkan tapi cara atasi ketakutan itupun dengan konsumsi zat yang salah cont. pemanis buatan, protein buatan",Mon Sep 11 06:10:42 +0000 2023,,,207,1,0,0,in,pemanis buatan protein,2026-05-13T14:39:48.515541,twitter
1683740196783927303,"1. Pilih jajanan yang sehat dan bergizi seperti buah-buahan, sayuran, atau makanan yang mengandung protein. 
2. Memilih pangan yang aman, bersih dan telah di masak dengan matang. 
3. Hindari jajanan yang memiliki warna yang mencolok, mengandung pemanis buatan dan pengawet.",Tue Jul 25 07:25:19 +0000 2023,,,8193,0,0,1,in,pemanis buatan protein,2026-05-13T14:39:48.515557,twitter
1665651519570542592,"@tirta_cipeng satu hal lain yang agak ganggu dari Whey Protein: hampir semua produk yang beredar di Indonesia pakai pemanis buatan (antara Sukralosa atau Stevia), yang riset terbarunya punya banyak efek samping. Jadi gak boleh diminum berlebih juga.

https://t.co/zm2a4NwuzM",Mon Jun 05 09:27:23 +0000 2023,,,665379,4,3,1,in,pemanis buatan protein,2026-05-13T14:39:48.515559,twitter
1661027694690332672,"@sdenta Terus utk whey protein yg umumnya pake pemanis buatan, gimana dok?",Tue May 23 15:13:57 +0000 2023,,,41,0,0,0,in,pemanis buatan protein,2026-05-13T14:39:48.515562,twitter
1603982043427504128,Terbuat dari tepung berkualitas premium. Tinggi protein. Serta diberi tambahan bahan2 unggulan. Tanpa pemanis buatan dan bebas pengawet https://t.co/9WHBZJXRgC,Sat Dec 17 05:14:54 +0000 2022,,,2307,1,0,1,in,pemanis buatan protein,2026-05-13T14:39:48.515564,twitter
1520268858455896066,"@BolopatenT Empat tips sarapan agar kenyang Lebih Lama dari ahLi gizi
1.sarapan dengan serat
2.konsisten dengan jadwaL sarapan
3.hindari pemanis buatan
4.sertakan protein",Sat Apr 30 05:08:35 +0000 2022,,,401,0,0,0,in,pemanis buatan protein,2026-05-13T14:39:48.515567,twitter
1496602458931752965,"ᅠ
ᅠᅠ
        Idealnya, snack sehat adalah jenis camilan yang rendah kalori, tetapi banyak mengandung protein, serat, vitamin, dan mineral. Selain itu, suatu camilan dapat dikatakan sehat apabila rendah lemak dan tidak banyak mengandung gula, termasuk pemanis buatan.

ᅠᅠ",Wed Feb 23 21:46:46 +0000 2022,,,1062,0,0,1,in,pemanis buatan protein,2026-05-13T14:39:48.515569,twitter
1488406800835952641,"@saekhanuri @AREAJULID Komentar2 gini miris kadang.
Emang harus yellowfit, gym, protein ?
Bahkan pola yg disarankan itu cook your own meal kok. Gym ? Emang ga bisa lari gitu, jalan pagi ?
Perlu ahli gizi buat lo tau keripiki micin banyak dan bobba atau pemanis buatan itu jelek ? 
Kebanyakan excuse",Tue Feb 01 07:00:09 +0000 2022,,,198,2,0,0,in,pemanis buatan protein,2026-05-13T14:39:48.515571,twitter
1473902291497279493,"“Kok kurusan?”

Cuma dibolehin makan nasi satu centong/5 sendok makan setiap makan.
Diet rendah protein dan jauhin kacang-kacangan. 
Ngurangin konsumsi garam dan pemanis buatan.
Ngehindari gluten.
Ngehindari teh, kopi, susu.
Air putih 2L sehari",Thu Dec 23 06:24:24 +0000 2021,,,380,1,0,1,in,pemanis buatan protein,2026-05-13T14:39:48.515573,twitter
1463455319426625538,"1. Makan dan minum 
Kurangin makan minum manis kayak es teh atau boba dkk yang pake pemanis buatan atau gula pasir, coklat juga. Banyakin makan protein, buah sayur dan kurangin makan karbo, minum air putih yang banyak",Wed Nov 24 10:31:52 +0000 2021,,,31,0,0,1,in,pemanis buatan protein,2026-05-13T14:39:48.515575,twitter
1438212925861158912,"@steeffyyyyyyy @Ngehaalluu @AREAJULID Bukan PMS tp menarche &amp; bukan krn micin ya, tapi krn anak2 skrg makan lebih bnyk protein hewani, turunan susu, pemanis buatan &amp; makanan mengandung steroid (cth: ayam negri yg disuntik). Jg dr faktor tontonan mengandung seksualitas yg menstimulasi otak anak n meningkatkan hormon.",Wed Sep 15 18:47:36 +0000 2021,,,5,48,3,2,in,pemanis buatan protein,2026-05-13T14:39:48.515577,twitter
1429356329278185476,"1. Roti putih
2. Keju
3. Es krim
4. Protein whey
5. Pemanis buatan",Sun Aug 22 08:14:39 +0000 2021,,,1139,1,0,0,in,pemanis buatan protein,2026-05-13T14:39:48.515579,twitter
1423160916556738564,"@afrkml Kalo orang Medan bisa langganan Healty Food di @eatsykitchen.id (IG) 
.
Masakan rendah lemak dengan kandungan protein tinggi dan pastinya tanpa pemanis buatan ✌
.
Yok bisa yokkk 😁 https://t.co/dm0uAAUu1j",Thu Aug 05 05:56:18 +0000 2021,,,371,0,0,0,in,pemanis buatan protein,2026-05-13T14:39:48.515582,twitter
1411560920753475586,"Dan mengandung pemanis buatan. Protein bermanfaat untuk membangun dan memperbaiki jaringan tubuh.

Ini aku share beberapa testi dari pejuang (positif) Covid19 yg minum Nutrishake hingga sembuh (negatif) https://t.co/XdLlEjpuq7",Sun Jul 04 05:42:03 +0000 2021,,,4078,0,0,1,in,pemanis buatan protein,2026-05-13T14:39:48.515584,twitter
1385758946082783236,"Saat sahur usahakan hindari pemanis buatan, konsumsi serat (sayuran), protein dan minum air putih yang cukup #Tips",Sat Apr 24 00:54:13 +0000 2021,,,951,0,0,0,in,pemanis buatan protein,2026-05-13T14:39:48.515587,twitter
1354460833636605952,"@diethingy Perhatikan asupan makanan (karbo, protein, serat dan lemak baik) semuanya harus seimbang, jangan pernah comot2 makanan junk, hindari tepung2an, pemanis buatan dan gula berlebih, sama kontrol stress dan tidur yg cukup",Wed Jan 27 16:06:42 +0000 2021,,,1,1,0,0,in,pemanis buatan protein,2026-05-13T14:39:48.515590,twitter
1309778536459190272,"@dangobulet pengen tweet liat reply2
dalam istilah per-pangan atau per-gizian kan ada tuh Angka Kecukupan Gizi (AKG) dan Acceptable Daily Intake (ADI). AKG itu based on makro dan mikronutrien (karbo,lemak,protein,mineral,vitamin). Kalo ADI lebih luas ke BTP lain termasuk pemanis buatan.",Sat Sep 26 08:55:12 +0000 2020,,,1222,68,17,1,in,pemanis buatan protein,2026-05-13T14:39:48.515591,twitter
1295322870566903808,"@skincarefess beda2 tp kebanyakan makanan/minuman mengandung susu sapi, tinggi protein, pemanis buatan, pedas berminyak",Mon Aug 17 11:33:32 +0000 2020,,,10838,0,0,0,in,pemanis buatan protein,2026-05-13T14:39:48.515593,twitter
1268466305809575936,"@BundaMilna • Bebas Gluten, Milna Nature Puffs Organic bebas dari protein susah larut

• Tinggi Kalsium untuk pembentukan tulang dan gigi

• Bebas bahan pengawet dan pemanis buatan #KuisMilna #MilnaPuffsOrganic cc. @yosi_septina @ayoesfa @wina_win15",Thu Jun 04 08:55:08 +0000 2020,,,1121,0,0,1,in,pemanis buatan protein,2026-05-13T14:39:48.515595,twitter
1238145773780385792,"@ninjabenar @womanfeeds Ga makan gorengan/bakar. Kurangin pemanis buatan, kalo bisa sih hindarin gula garam, ganti pake madu sama himsalt. Perbanyak buah sayur, protein jg harus tetep dijaga. Karbo jangan terlalu banyak kalo msh makan gula. Setauku sih itu.",Thu Mar 12 16:52:10 +0000 2020,,,1590,1,0,1,in,pemanis buatan protein,2026-05-13T14:39:48.515597,twitter
1180324545078542336,"Udah nyobain BodyKey Drinks belum? Minuman tinggi serat dan protein, mengandung 25 vitamin dan mineral tanpa zat pengawet, pemanis dan pewarna buatan 😆👌🏻
.
Bikinnya gampang banget! Campurkan 1 sachet BodyKey rasa… https://t.co/MoVkjWi8R9",Sat Oct 05 03:31:15 +0000 2019,,,3,0,0,0,in,pemanis buatan protein,2026-05-13T14:39:53.208002,twitter
1129240900821929985,"4.    Tinggi protein, vitamin, mineral,serat.
5.    Kaya berbagai senyawa fitokimia bermanfaat bagi kesehatan.
6.    Bebas bahan tambahan pengawet, perasa, pewarna dan pemanis buatan.
7.    Aman dan Higienis.",Fri May 17 04:23:05 +0000 2019,,,513,0,0,0,in,pemanis buatan protein,2026-05-13T14:39:53.208016,twitter
1126353450172739585,"3.    Indeks Glikemik rendah, baik bagi penderita Diabetes Melitus.
4.    Tinggi protein, vitamin, mineral,serat.
5.    Kaya berbagai senyawa fitokimia bermanfaat bagi kesehatan.
6.    Bebas bahan tambahan pengawet, perasa, pewarna dan pemanis buatan.
7.    Aman dan Higienis.",Thu May 09 05:09:23 +0000 2019,,,513,0,0,0,in,pemanis buatan protein,2026-05-13T14:39:53.208019,twitter
1108918070582505473,"@yunifajriyah Banyakin protein, asupan nutrisi baik dr buah dan sayur, kalsium dari susu low fat atau CDR, kurangi asupan manis dr gula atau pemanis buatan, mulai lihat dan hitung kalori setiap makanan dan cemilan 😁",Fri Mar 22 02:27:25 +0000 2019,,,2120,0,0,1,in,pemanis buatan protein,2026-05-13T14:39:53.208021,twitter
1106057733126545408,"4.    Tinggi protein, vitamin, mineral,serat.
5.    Kaya berbagai senyawa fitokimia bermanfaat bagi kesehatan.
6.    Bebas bahan tambahan pengawet, perasa, pewarna dan pemanis buatan.
7.    Aman dan Higienis.",Thu Mar 14 05:01:27 +0000 2019,,,513,0,0,0,in,pemanis buatan protein,2026-05-13T14:39:53.208022,twitter
1093012157891936257,"4.    Tinggi protein, vitamin, mineral,serat.
5.    Kaya berbagai senyawa fitokimia bermanfaat bagi kesehatan.
6.    Bebas bahan tambahan pengawet, perasa, pewarna dan pemanis buatan.
7.    Aman dan Higienis.",Wed Feb 06 05:03:00 +0000 2019,,,513,0,0,0,in,pemanis buatan protein,2026-05-13T14:39:53.208025,twitter
1033766907646636032,"@falla_adinda Since diet low-cal dr tahun lalu, selalu cek label kemasan, buat cari halal+kalori. Kadang kalo lg concern high calcium/protein dan low fat ya dibaca jg.
Terutama semenjak hamil selalu baca komposisi utk tau ada peringatan terkait pemanis buatan yg ga boleh buat preggo.",Sun Aug 26 17:23:31 +0000 2018,,,664,0,0,0,in,pemanis buatan protein,2026-05-13T14:39:53.208027,twitter
984655444185526277,"4.      Tinggi protein, vitamin, mineral,serat.
5.      Kaya berbagai senyawa fitokimia bermanfaat bagi kesehatan.
6.      Bebas bahan tambahan pengawet, perasa, pewarna dan pemanis buatan.
7.      Aman dan Higienis.",Fri Apr 13 04:52:06 +0000 2018,,,513,0,0,0,in,pemanis buatan protein,2026-05-13T14:39:53.208029,twitter
800894860282707968,Banyaknya suplemen whey protein yang mengandung pemanis buatan membuat Anda enggan mengkonsumsi whey protein?... https://t.co/w6s9t4LO7H,Tue Nov 22 02:53:09 +0000 2016,,,373,0,0,0,in,pemanis buatan protein,2026-05-13T14:39:53.208031,twitter
786396414226096128,"Bila Anda ragu mengkonsumsi whey protein lantaran adanya kandungan pemanis buatan, Anda dapat menggantinya dengan... https://t.co/QHTTalbeWL",Thu Oct 13 02:41:30 +0000 2016,,,373,0,0,0,in,pemanis buatan protein,2026-05-13T14:39:53.208032,twitter
776247710198460416,"Jika Anda merasa whey protein dalam kemasan tidak aman karena memakai pemanis buatan, Anda dapat menggantinya... https://t.co/VNAhgjqLpp",Thu Sep 15 02:34:10 +0000 2016,,,373,0,0,0,in,pemanis buatan protein,2026-05-13T14:39:53.208034,twitter
690724413386440704,Banyak merk populer dari whey protein yang dikemas dengan Aspartame (pemanis buatan) dan kebanyakan orang lebih... https://t.co/djQ9Awbdfi,Sat Jan 23 02:35:07 +0000 2016,,,373,0,0,0,in,pemanis buatan protein,2026-05-13T14:39:53.208036,twitter
604206661377523714,"(3) Mengandung High protein,calcium&amp;phosphorus,High potassium,Vit.B2 dan rendah kolesterol dan lemak tanpa pemanis buatan&amp;bahan pengawet.",Fri May 29 08:44:28 +0000 2015,,,269,0,0,0,in,pemanis buatan protein,2026-05-13T14:39:53.208038,twitter
472604898035388417,"@ComedyJKT48 rokoknya yg mengandung karbohidrat, protein, vitamin, dan tanpa pemanis buatan #MerokokSehat",Sat May 31 05:06:02 +0000 2014,,,288,0,0,0,in,pemanis buatan protein,2026-05-13T14:39:53.208040,twitter
463206762737172480,@AgiSuci uji protein sama pemanis buatan hehe . Itu udah slalu diuji sama Allah :D,Mon May 05 06:41:12 +0000 2014,,,477,0,0,0,in,pemanis buatan protein,2026-05-13T14:39:53.208041,twitter
446678111661211648,"@hstnvta rasanya pait,sakit,perih,nangis,gundah gulana,glukosamin,asam laktat,pemanis buatan,protein,mineral,kalsium,kalium,umi maksum:(",Thu Mar 20 16:02:15 +0000 2014,,,586,0,0,1,in,pemanis buatan protein,2026-05-13T14:39:53.208043,twitter
436682719091646464,"new product best whey for you..
mengandung protein whey dan egg terbaik. NO ASPARTAME and GLUTEN (pemanis buatan).",Fri Feb 21 02:04:08 +0000 2014,,,139,0,0,0,en,pemanis buatan protein,2026-05-13T14:39:53.208045,twitter
424388345221742592,@infosolsel 'sari kedele' mnuman kesehatan bnyak mngandung protein. Bbas pngawet dan pemanis buatan. Info pemesanan 0812 6764 5786 tomi,Sat Jan 18 03:50:40 +0000 2014,,,44,0,0,0,in,pemanis buatan protein,2026-05-13T14:39:53.208047,twitter
403515100931170304,"27. #SportDrink saat ini sudah byk yg ditambahkan protein, flavour, kafein, koenzim Q-10 n pemanis buatan @GiziKebugaran",Thu Nov 21 13:27:51 +0000 2013,,,524,0,1,0,in,pemanis buatan protein,2026-05-13T14:39:53.208049,twitter
355242869671473152,"SARIDELE  - Full Protein Nabati &amp; Free Kolesterol..... tanpa pengawet, tanpa pemanis buatan, dan dengan rasa... http://t.co/teS5gV1L6w",Thu Jul 11 08:31:14 +0000 2013,,,88,0,0,0,in,pemanis buatan protein,2026-05-13T14:39:53.208051,twitter
320376249098829824,"toluena sbg enzim yang mencerna protein #KimiaFtBiologi ""@AlamChuck Asam benzena sulfonat sbg pemanis buatan. Asam benzoat sbg pengawet.""",Sat Apr 06 03:23:44 +0000 2013,,,540,0,0,0,in,pemanis buatan protein,2026-05-13T14:39:56.497194,twitter
314728423597670400,"Ngaku high protein tpi nihil RT @DuniaFitnes: Minuman yg bnyk dijual di pasaran saat ini bnyk mengandung gula tinggi,pewarna,pemanis buatan",Thu Mar 21 13:21:18 +0000 2013,,,203,0,0,0,in,pemanis buatan protein,2026-05-13T14:39:56.497211,twitter
312193110832730112,"pemanis buatan,dan pengawet:   protein sayuran atau tanaman hydrolized, sodium dan      calsium casainate, minyak jagung, #bahayaMSG",Thu Mar 14 13:26:52 +0000 2013,,,1743,0,1,0,in,pemanis buatan protein,2026-05-13T14:39:56.497213,twitter
303688721876803584,"Suka kali haha :D RT @Ayubeninggg: Uuuuuwwwweeek (¬_¬"") RT @ibenkbombyx: Kaya dengan Protein :D RT @Ayubeninggg: Tanpa pemanis buatan yah",Tue Feb 19 02:13:28 +0000 2013,,,712,0,0,0,in,pemanis buatan protein,2026-05-13T14:39:56.497215,twitter
303674590004137984,Kaya dengan Protein :D RT @Ayubeninggg: Tanpa pemanis buatan yah bey :D RT @ibenkbombyx: Ngocor terus ingusnya. Buat yang pesen mayonaise,Tue Feb 19 01:17:18 +0000 2013,,,712,0,0,0,in,pemanis buatan protein,2026-05-13T14:39:56.497217,twitter
295547552877645824,"KOMPOSISI:
Gula,Krimer(mengandung protein susu),Kopi Instan,Garam,Perisa Moka,Pemanis Buatan Asesulfam K (0,04%;... http://t.co/LQT9dvNv",Sun Jan 27 15:03:22 +0000 2013,,,176,0,0,0,in,pemanis buatan protein,2026-05-13T14:39:56.497219,twitter
286657313429913600,"Susu almond. Susu ini mengandung 40 kalori, 1 gr protein, 45% kalsium, 25% vitamin D. Sayang, sedikit yang tidak menggunakan pemanis buatan.",Thu Jan 03 02:16:44 +0000 2013,,,395,0,0,0,in,pemanis buatan protein,2026-05-13T14:39:56.497221,twitter
273436929335377922,"RT @dr_Phaidon: Pemanis buatan ini bnyk terdapat dlm prduk minuman diet,protein powder, minuman berenergi dlm kemasan,kue diet.#kontrolberat",Tue Nov 27 14:43:38 +0000 2012,,,178,0,0,0,in,pemanis buatan protein,2026-05-13T14:39:56.497223,twitter
273407214427979780,"RT @dr_Phaidon: 19. Pemanis buatan ini banyak terdapat dlm produk minuman diet, protein powder, (cont) http://t.co/IMRhVqq",Tue Nov 27 12:45:34 +0000 2012,,,394,0,0,0,in,pemanis buatan protein,2026-05-13T14:39:56.497224,twitter
273406617033248768,"19. Pemanis buatan ini banyak terdapat dlm produk minuman diet, protein powder, minuman berenergi dalam kemasan, kue diet. #kontrolberat",Tue Nov 27 12:43:11 +0000 2012,,,60684,7,10,0,in,pemanis buatan protein,2026-05-13T14:39:56.497226,twitter
218023150712135683,"Abis abis ""@wawahyuyu: Tanpa protein RT @eyinyaginting: Tanpa gizi RT @wawahyuyu: Tanpa pemanis buatan :):) RT @eyinyaginting:",Wed Jun 27 16:49:04 +0000 2012,,,165,0,0,0,in,pemanis buatan protein,2026-05-13T14:39:56.497228,twitter
215405745494175744,+pemanis buatan RT @ownyet +sakarin RT @Deny_ARF: +nikotin RT @masskoi +caffein RT @faktaseks Sperma sebagian besar terdiri dari protein,Wed Jun 20 11:28:26 +0000 2012,,,593,0,1,0,in,pemanis buatan protein,2026-05-13T14:39:56.497230,twitter
195504179698081794,"13. Autis, Hindari makanan yg mengandung protein gluten seperti gandum, makanan kasein pada susu, pancake, pemanis buatan #20TipsCegahSakit",Thu Apr 26 13:26:43 +0000 2012,,,2013,0,0,0,in,pemanis buatan protein,2026-05-13T14:39:56.497232,twitter
137044235970019328,"Whey protein yg berkualitas sebaiknya mengandung sedikit filler,pewarna,pemanis buatan. Agar % protein jg lbh tinggi. #wheyprotein",Thu Nov 17 05:47:46 +0000 2011,,,1650,0,2,1,in,pemanis buatan protein,2026-05-13T14:39:56.497235,twitter
84140470682394624,"12. Autis || Hindari makanan yang mengandung protein gluten seperti gandum, oat, barley, makanan kasein pada susu, pancake, pemanis buatan.",Fri Jun 24 06:07:06 +0000 2011,,,741,0,0,0,in,pemanis buatan protein,2026-05-13T14:39:56.497237,twitter
41889367043612672,"@dennysantoso saya mau nanya nih, kalo produk whey protein yg tanpa pemanis buatan ada gak? soalnya kalo pemakaian yg rutin takut ada efek ?",Sun Feb 27 15:56:18 +0000 2011,,,94,0,0,0,in,pemanis buatan protein,2026-05-13T14:39:56.497239,twitter
38115584155729920,"RT @sumargodenny: Brolahraga tiap hari,banyak air putih, kurangi/ganti pemanis buatan (gula dll), kurangin karbohidrat. tambah protein #diet",Thu Feb 17 06:00:38 +0000 2011,,,200,0,0,0,in,pemanis buatan protein,2026-05-13T14:39:56.497240,twitter
38108622915375104,"Berolahraga tiap hari,kurangi soda banyak air putih, kurangi/ganti pemanis buatan (gula dll), kurangin karbohidrat.
tambah protein #diet",Thu Feb 17 05:32:58 +0000 2011,,,265,0,0,0,in,pemanis buatan protein,2026-05-13T14:39:56.497242,twitter
38108026900721664,"Berolahraga tiap hari,kurangi soda banyak air putih, kurangi/ganti pemanis buatan (gula dll), kurangin karbohidrat.
tambah protein #diet",Thu Feb 17 05:30:36 +0000 2011,,,166091,6,14,0,in,pemanis buatan protein,2026-05-13T14:39:56.497244,twitter
34912506338091008,"mbaknya softporn nih @farahwardani: @aparatmati dijamin low cholesterol, kaya protein, dan tanpa MSG serta pemanis buatan :)",Tue Feb 08 09:52:44 +0000 2011,,,3053,0,0,0,in,pemanis buatan protein,2026-05-13T14:39:56.497246,twitter
1997900120721916118,"@hiratven •1 adet yumurta
•5 adet yumurta akı
•2 su bardağı vanilyalı protein sütü (400 ml)
•180 gr whey protein (vanilya veya sade)
•2 adet orta boy havuç (rendelenmiş + suyunu az sık)
•1–2 tatlı kaşığı stevia
•1 tatlı kaşığı tarçın
•1 çay kaşığı kabartma tozu
•Vanilin",Mon Dec 08 05:24:42 +0000 2025,,,5560,2,0,0,tr,stevia protein bitter,2026-05-13T14:40:09.679593,twitter
1979999974164230641,"Great and informative thread by @BowTiedPhys

But when it comes to stevia vs. sugar, I’ll take sugar 10 out of 10 times. Stevia isn’t the perfect sweetener it’s made out to be; sugar is.

Stevia:

Gives you sweetness without glucose. Your body expects energy from the taste, but",Sun Oct 19 19:55:55 +0000 2025,,,20770,105,5,8,en,stevia protein bitter,2026-05-13T14:40:09.679624,twitter
1934737820742013226,"Cooked some protein peanut butter cookies this weekend.

They were very bitter.

Shouldn't have skipped on the stevia... 😅 https://t.co/58jNEujfX1",Mon Jun 16 22:20:16 +0000 2025,,,249,0,0,0,en,stevia protein bitter,2026-05-13T14:40:20.703877,twitter
1928142632288387387,"The $12B protein market has a taste problem 
MonkSweet™ LS4 solution: → Monk fruit + advanced stevia blend → Blocks bitter receptors neurologically → 45-65% bitterness reduction → Game changer for RTD formulators. 
https://t.co/akkG1Lr8qw...",Thu May 29 17:33:21 +0000 2025,,,400,0,0,0,en,stevia protein bitter,2026-05-13T14:40:20.703880,twitter
1924303877836587440,"🧵/3

inflammation/stress, and 10–15% improved neurological health, aligning with MAHA’s chronic disease prevention goals.

### 5. **Alignment with MAHA Objectives**
Using whole hemp plant nutrition for SD supports Kennedy’s “Make America Healthy Again” objectives:

- **Chronic",Mon May 19 03:19:30 +0000 2025,,,2000,1,0,1,en,stevia protein bitter,2026-05-13T14:40:09.679631,twitter
1924294292522385546,"🧵/4
  - **Economic Tie**: Low-cost production (using byproducts from $1,294,000/100-acre hemp rotation) makes infusions accessible, supporting MAHA’s affordability focus.

- **Food System Reform**:
  - **MAHA Goal**: Shift subsidies to healthy crops and reform dietary",Mon May 19 02:41:25 +0000 2025,,,2000,0,0,1,en,stevia protein bitter,2026-05-13T14:40:09.679634,twitter
1912955203185156472,"guys . i can’t gatekeep this. THIS COFFEE !!!! 20g of protein for only 100cal and it has 175mg of caffeine!!! it’s sweetened w monkfruit + stevia. my brother said it’s a little bitter so this is def for coffee lovers, they have vanilla and mocha too w the same macros!! @ walmart https://t.co/wKU5GVZum7",Thu Apr 17 19:43:56 +0000 2025,,,882,12,0,3,en,stevia protein bitter,2026-05-13T14:40:20.703882,twitter
1905206946837434588,"@kalapian_ @varnityadav I am having stevia for the past 20 years or so in coffee. Maybe Coffee is bitter I am never able to understand the taste problems that people mention.

I have used it in other beverages (milkshakes, protein shakes) and have never experienced any off taste.

Even my wife agrees.",Thu Mar 27 10:35:07 +0000 2025,,,11341,0,0,0,en,stevia protein bitter,2026-05-13T14:40:20.703885,twitter
1894182948464734360,"@Primal_Cowboy @PeterRahal @jasonfried We switched from stevia to sucralose in our bars to enhance the flavor without the bitter aftertaste some people experience with stevia. Sucralose provides a cleaner sweetness, similar to sugar but without the calories or blood sugar impact. This update helps us maintain our",Tue Feb 25 00:29:41 +0000 2025,,,5853,0,0,0,en,stevia protein bitter,2026-05-13T14:40:20.703890,twitter
1883017060684337266,"Diet coke is far from healthy.
**Acesulfame Potassium (Acesulfame-K)** is an artificial sweetener commonly used in food and beverages as a sugar substitute. It is about 200 times sweeter than sugar and is often blended with other sweeteners to enhance sweetness and mask bitter https://t.co/T60quSMXkv",Sat Jan 25 05:00:26 +0000 2025,,,1335,0,0,0,en,stevia protein bitter,2026-05-13T14:40:09.679642,twitter
1856181997972140305,"2/7

▶️ What can you have on a Low Carb diet? (Strict version)

👉 PROTEIN:

🔵 𝗨𝘀𝗲 𝗠𝗼𝘀𝘁𝗹𝘆: Eggs 🥚, Fish 🐟, Chicken 🍗, Red Meat 🥩, Paneer, Cheese 🧀, Yoghurt ✅✅

🔵 𝗨𝘀𝗲 𝗦𝗽𝗮𝗿𝗶𝗻𝗴𝗹𝘆: Sprouted Legumes like Moong 🌱, Nuts 🥜, Seeds, Tofu (for some) ✅

🔵 https://t.co/InbZhYAjNU",Tue Nov 12 03:47:29 +0000 2024,,,28781,5,1,1,en,stevia protein bitter,2026-05-13T14:40:09.679644,twitter
1851265044270502113,"Ingredients Guide for Diabetes

▶️ PROTEIN:

🔵 𝗨𝘀𝗲 𝗠𝗼𝘀𝘁𝗹𝘆: Eggs 🥚, Fish 🐟, Chicken 🍗, Red Meat 🥩, Paneer, Cheese 🧀, Yoghurt ✅✅

🔵 𝗨𝘀𝗲 𝗦𝗽𝗮𝗿𝗶𝗻𝗴𝗹𝘆: Sprouted Legumes like Moong 🌱, Nuts 🥜, Seeds, Tofu (for some) ✅

🔵 𝗦𝘂𝗽𝗽𝗹𝗲𝗺𝗲𝗻𝘁: Whey Isolate https://t.co/gMFzCaHy6t",Tue Oct 29 14:09:16 +0000 2024,,,28781,112,27,4,en,stevia protein bitter,2026-05-13T14:40:09.679647,twitter
1813485459844051218,"@imVinayyyyy @chiragbarjatya Try allulose.

Coming soon. 

0 calories 
K ratio 0.7 (sugar is baseline).
Commercialised in Japan, 'The Land that doesn't need Ozempic'.

Can easily halve sugar or more in any recipe. We can make a Mysore Pak into a superfood. 

Here is a sample output from our CUSTOM GPT",Wed Jul 17 08:06:41 +0000 2024,,,1693,0,0,0,en,stevia protein bitter,2026-05-13T14:40:09.679649,twitter
1796725518202802503,"Ternyata raw cacao powder itu rasanya kuat banget yak. Bitter fermented gitu. Memang harus pake stevia sih, nggak mungkin nyetok chocolatos drink mulu buat pemanis protein powder🤣",Sat Jun 01 02:08:39 +0000 2024,,,394,0,0,0,in,stevia protein bitter,2026-05-13T14:40:20.703893,twitter
1784968188087648405,"Is dark chocolate good for weight loss?

It has caused some confusion that our satiety scoring results in low scores for chocolate, and even dark chocolate does not score very high.

Many swear they can only eat a few pieces of dark chocolate, so they find it satiating (hint, https://t.co/kvMtNSFcYY",Mon Apr 29 15:29:13 +0000 2024,,,64122,61,5,26,en,stevia protein bitter,2026-05-13T14:40:09.679653,twitter
1750161342852714944,"Formulation #cannabis beverages round three - inspired still by Jerry Griffin and my conversation with Harold Han

After the emulsion and bitter blocking, the next most important thing in my mind is mouthfeel - which is naturally intertwined with sweetness. When designing https://t.co/7aSkX12Dzo",Wed Jan 24 14:19:15 +0000 2024,,,130,0,0,0,en,stevia protein bitter,2026-05-13T14:40:09.679655,twitter
1706377778948379118,"@texasrunnerDFW @Austen Just checked and it has stevia &amp; sucralose, both of which have a super bitter aftertaste to me. I just had surgery and the Doc recommended protein supplement is simultaneously super sweet with a yuck aftertaste. I’d love to find one that doesn’t use artificial sweeteners",Mon Sep 25 18:39:00 +0000 2023,,,104,1,0,0,en,stevia protein bitter,2026-05-13T14:40:20.703898,twitter
1665132729497710593,"How I keep my blood sugar in healthy ranges without *any* medication as a type 2 diabetic!

1. Net carbs
My net carbs per meal are less than 10g net carbs. How do I do it? High protein and high fat foods. I have a fasting glucose of between 80 and 100 mm/dl every single day.

2. https://t.co/LOZBVG32Ij",Sat Jun 03 23:05:54 +0000 2023,,,141,0,0,0,en,stevia protein bitter,2026-05-13T14:40:09.679659,twitter
1641857846114410506,"@missing_clue Here are three tips: 

1. Use an isolated protein powder (no sugar no flavor nothing else added)

2. Use coffee to make it more bitter instead of water. 

3. Don't add the stevia as well. 

4. Cut the vanilla amount in half. 

I hope you make the recipe that's best for you 🤗",Fri Mar 31 17:39:49 +0000 2023,,,6341,1,0,1,en,stevia protein bitter,2026-05-13T14:40:20.703902,twitter
1968032058296656000,"You asked, we listened

Stevia is a bit like cilantro: some love it, others think it tastes bitter

We created new blends that are still real food based - sweetened with monk fruit and some coconut sugar

Same grass-fed beef protein, same clean real food ingredients 💪 https://t.co/NCXCXlDsON",Tue Sep 16 19:19:41 +0000 2025,,,7455,3,0,1,en,stevia protein bitter,2026-05-13T14:40:20.703834,twitter
1610397055373152257,"built: double chocolate 🍫🤎

130 cals for 17g of protein! (40g bar) 

thought this would be quite similar to chocolate deluxe but it's a lil weird 😥

i sprinkled a bit of stevia to help w/ the flavor &amp; it rly needed it. this bar is quite bitter! 

7/10! (5/5 macros, 2/5 taste) https://t.co/pp6qLunU4Q",Tue Jan 03 22:05:52 +0000 2023,,,50746,26,0,1,en,stevia protein bitter,2026-05-13T14:40:20.703904,twitter
1450796057164718085,i bought whey protein and omg the amount of stevia in it. it's SO bitter,Wed Oct 20 12:08:29 +0000 2021,,,228,0,0,0,en,stevia protein bitter,2026-05-13T14:40:20.703909,twitter
1443959306647396352,"@kidtheseventh At work when I press my fresh ground beans, Ive started use stevia drops &amp; a scoop of vanilla whey protein (24g protein, 1 g of carbs).

You don't have to learn to ""like it straight"". Chocolate is horribly bitter, but even 85% pure (a little sugar) is pretty palatable",Fri Oct 01 15:21:40 +0000 2021,,,1492,1,0,1,en,stevia protein bitter,2026-05-13T14:40:20.703912,twitter
1284765360076599297,"Started my day with such a cozy breakfast🤩🙏 
✅Protein flourless pancakes (200ml eggwhites, 1 small banana, 1 tbsp bitter cacao, stevia, 50g oats)
✅2 tbsp low fat greek yoghurt
✅1 tbsp homemade apricot jam with… https://t.co/Id1ppdTr4a",Sun Jul 19 08:21:46 +0000 2020,,,58,0,0,0,en,stevia protein bitter,2026-05-13T14:40:20.703916,twitter
1283438752946368514,"‼💡CHOCO PROTEIN BOMB WITHOUT WHEY💡‼
✅250g eggwhites
✅1 tbsp bitter cacao powder
✅1 tbsp honey or stevia 
✅ ice
➡️100kcal, 28.5g protein
✔low carb, low fat
✔refreshing and yummy
.
.
.
#protein #smoothie… https://t.co/ivgDDsxmPc",Wed Jul 15 16:30:18 +0000 2020,,,58,0,0,0,en,stevia protein bitter,2026-05-13T14:40:20.703918,twitter
1249767735309012993,"@MelindaHoward4 Hmmmm I’m on an eating plan with lots of greens,finally dropping some excess weight.  I mix kale with spinach, turmeric (also bitter), whey protein, and organic cinnamon. I blunt the bitterness with Stevia.  And I do seem to recover better.  But my wife says I can drink anything",Mon Apr 13 18:33:42 +0000 2020,,,381,1,0,1,en,stevia protein bitter,2026-05-13T14:40:20.703920,twitter
1147409872599863296,"@joannejacobs Yuck stevia. So bitter. I prefer xylitol as a sugar substitute.

So are those flours protein rather than carbohydrate? How are they flours if they aren't carbohydrate? I don't know enough chemistry...
Coconut flour is delicious. Haven't tried almond flour.",Sat Jul 06 07:40:06 +0000 2019,,,1484,0,0,0,en,stevia protein bitter,2026-05-13T14:40:13.593176,twitter
1025676820266381312,How do you fancy using a patented protein supported by the Dutch Olympic Committee? Check out PeptoPro!!! It is the standard for elite athletes. Beware though – it has a bitter taste so you may want to sweeten it with something like stevia! https://t.co/HVCvFtl7gw,Sat Aug 04 09:36:24 +0000 2018,,,427,0,0,0,en,stevia protein bitter,2026-05-13T14:40:13.593178,twitter
1007776879418359808,@SpaceJordan if you drink coffee learn to like it bitter or get fake sweeteners (preferably stevia) and use almond/soy milk over regular since regular milk is very high in sugar and fat despite the protein,Sat Jun 16 00:08:26 +0000 2018,,,417,0,0,2,en,stevia protein bitter,2026-05-13T14:40:13.593180,twitter
994058731758411776,"I just bought #PurelyInspired vanilla protein powder and in my opinion, it tastes awful. Does anyone have any #gastritis, #esophagitis friendly shake recipes that mask the malty bitter powder with saccharine tasting stevia? Almond butter &amp; banana didn't work
@PIsupplements",Wed May 09 03:37:25 +0000 2018,,,44,1,0,1,en,stevia protein bitter,2026-05-13T14:40:13.593182,twitter
591126271914029056,@JakeShakeEU Stevia does have a bitter aftertaste though along with the bitterness of Pea Protein that would probably make it more bitter..,Thu Apr 23 06:27:40 +0000 2015,,,117,0,0,0,en,stevia protein bitter,2026-05-13T14:40:13.593184,twitter
495189306982412288,"@ScottVann What? No they’re just SUPER bitter. I had to put more protein, some honey, and even some stevia and ice in to hork it down.",Fri Aug 01 12:48:25 +0000 2014,,,2879,0,0,1,en,stevia protein bitter,2026-05-13T14:40:13.593185,twitter
279043092395474945,"@SaschaFitness Estoy de cumple hice mi torta light con claras de huevos,stevia,whey protein y gotas de chocolate bitter http://t.co/TFuWvQg",Thu Dec 13 02:00:33 +0000 2012,,,94,0,0,0,es,stevia protein bitter,2026-05-13T14:40:13.593187,twitter
211562598225813504,@OneTwoThree8 I hate liquid stevia. Bitter tasting to me.  I never tasted the bitterness in the protein powder.  Now I use raw honey/fruit.,Sat Jun 09 20:57:08 +0000 2012,,,2363,0,0,0,en,stevia protein bitter,2026-05-13T14:40:13.593189,twitter
1660752646540517378,Check out this review of our PowerLunch Whey Shake by Sandy. Thanks so much! https://t.co/5wfmCtvM5N via @yotpo,Mon May 22 21:01:00 +0000 2023,,,20,0,0,0,en,stevia protein bitter,2026-05-13T14:40:20.703900,twitter
1302360609254641665,@kurteichenwald This stuff tastes great and is sweetened with Stevia.  No bitter taste.  https://t.co/0TXA2Whm4p,Sat Sep 05 21:39:00 +0000 2020,,,634,0,0,0,en,stevia protein bitter,2026-05-13T14:40:20.703914,twitter
2036773634962862227,"you've been lied to about sugar your entire life.

and it's the biggest nutritional scam of the last 50 years.

they told you sugar makes you fat.

sugar gives you diabetes.
sugar rots your teeth.
sugar is ""toxic”.

so you cut it.

and replaced it with:

artificial sweeteners. https://t.co/Z7qTgYM9DV",Wed Mar 25 11:54:10 +0000 2026,,,6308,165,16,15,en,sucralose protein taste,2026-05-13T14:41:42.460323,twitter
2032477580050264429,@MurrayHillGuy1 They can go to the gym 5days a week and still gain fat if they are consuming more calories than they are burning. There are alot of trash 'protein bars' &amp; powders.  Red flag number 1 for me is if i see maltodextrin or sucralose in the list. Why sucralose? it's made from tweaking,Fri Mar 13 15:23:11 +0000 2026,,,29,0,0,0,en,sucralose protein taste,2026-05-13T14:41:42.460326,twitter
2029727013578363021,"@camjenglish @simonmaechling Many people call them ""fake"" because they mimic natural qualities (e.g., bright colors without real fruit, buttery taste without butter) but come from lab-synthesized compounds. While regulatory bodies like the FDA consider most safe in limited amounts, growing research",Fri Mar 06 01:13:25 +0000 2026,,,3036,0,0,1,en,sucralose protein taste,2026-05-13T14:41:42.460328,twitter
2028997709659623451,"@DeanTTraining If you use fair life milk to make a protein shake, make it up with 4 cups, which will give you around 50 g of protein. Then use 70 g of the Splenda product &amp; 25 drops of the sucralose concentrate with a pinch of salt &amp; vanilla extract. Taste just like a vanilla shake.",Wed Mar 04 00:55:25 +0000 2026,,,207,0,0,0,en,sucralose protein taste,2026-05-13T14:41:42.460330,twitter
2025775745516097822,"Things to Know Before Choosing a Sugar Alternative

Rising health concerns, especially around diabetes, obesity, and heart diseases, have led many to seek old-school sugar alternatives offering the same taste and cooking properties, but not at the cost of health.

Today’s market https://t.co/IrPOUj2bdH",Mon Feb 23 03:32:29 +0000 2026,,,14,0,0,0,en,sucralose protein taste,2026-05-13T14:41:42.460332,twitter
2025775735055519891,"Things to Know Before Choosing a Sugar Alternative

Rising health concerns, especially around diabetes, obesity, and heart diseases, have led many to seek old-school sugar alternatives offering the same taste and cooking properties, but not at the cost of health.

Today’s market https://t.co/Of01AHf3Rp",Mon Feb 23 03:32:26 +0000 2026,,,16,0,0,0,en,sucralose protein taste,2026-05-13T14:41:42.460333,twitter
2023793213501514085,"Goddamn

Just look at the ingredients and how they fool the customers

1. They stack hydrolyzed collagen, calcium caseinate, whey isolate and whey concentrate. On paper it says 15 g protein. But collagen is a low-quality protein for muscle building, very low in leucine and https://t.co/OnPng0PzY6",Tue Feb 17 16:14:37 +0000 2026,,,469,6,3,0,en,sucralose protein taste,2026-05-13T14:41:42.460335,twitter
2022279971754906033,"@WonderWomaNinja I take 5mg of pure creatine monohydrate. I usually mix with my protein shake. In water, it has a gritty texture so I would find something you like to mix it with. There are plenty of brands that are pre-mixed and taste great but now you're consuming more sucralose/sugar etc.",Fri Feb 13 12:01:32 +0000 2026,,,1403,1,0,1,en,sucralose protein taste,2026-05-13T14:41:42.460337,twitter
2020609436641865794,"@jasmine007a Honestly sack off the flavoured protein it has Artificial sweeteners like sucralose or acesulfame K it also has thickeners. Unflavoured is cleaner,  to make it taste better use coffee, peanut butter etc.",Sun Feb 08 21:23:25 +0000 2026,,,79,0,0,0,en,sucralose protein taste,2026-05-13T14:41:42.460339,twitter
2018702557556953267,"@morellifit I see your point, but they still have a place in the market. The ingredients aren’t ideal, especially with aspartame and sucralose. but they taste better than most protein bars out there. Their real strength isn’t ingredient quality — it’s taste and protein density per calorie.",Tue Feb 03 15:06:10 +0000 2026,,,156,4,0,2,en,sucralose protein taste,2026-05-13T14:41:42.460341,twitter
2016291040542470531,i got these protein shakes and they taste good but you can just Taste the sucralose,Tue Jan 27 23:23:39 +0000 2026,,,327,0,0,0,en,sucralose protein taste,2026-05-13T14:41:42.460342,twitter
2014534086124306537,"Is the optimal protein cottage cheese? 
(Followed by lots of disposable plastic bottles and whey)
Parameters: convenience, g per calorie, stock ability, taste, cleanliness (no carrageenan, sucralose, etc)
Discuss.",Fri Jan 23 03:02:09 +0000 2026,,,23551,13,0,7,en,sucralose protein taste,2026-05-13T14:41:42.460346,twitter
2010733464556024113,@bullet_proofdad It's got that protein taste but really not bad. Sweetened with sucralose like Ghost and other really yummy energy drinks so that helps with the flavor.,Mon Jan 12 15:19:50 +0000 2026,,,22454,1,0,0,en,sucralose protein taste,2026-05-13T14:41:42.460350,twitter
2010642152993460498,"@Timm_rma @escapefrommelos Yeah neither is sucralose. The entire post is dumb, the entire ingedient list is very transparent and easy to find and the protein is literally milk powder and some chocolate powder and sucralose added for taste. ""Ultra processed slop"" shut up.",Mon Jan 12 09:16:59 +0000 2026,,,180,1,0,0,en,sucralose protein taste,2026-05-13T14:41:42.460351,twitter
2010631943428440433,"“No added sugar” often means worse substitutes, not a better product. 

Here's Why!

Take most no added sugar protein bars. Sugar is taken out, but the bar still has to taste sweet, feel indulgent, and survive months on a shelf. So brands don’t remove sugar’s role, they replace https://t.co/g8fxUfyWJI",Mon Jan 12 08:36:25 +0000 2026,,,4403,25,2,4,en,sucralose protein taste,2026-05-13T14:41:42.460353,twitter
2008738792346378240,"@david_protein Garbage!!! Cons:
•Taste: Often described as artificial due to sweeteners (sucralose, Ace-K) and ""protein powder"" flavor. 
•Ingredients: Contains sugar alcohols and artificial flavors, lacking fiber, which some health-conscious users dislike. 
🤮🤮🤮🤮",Wed Jan 07 03:13:43 +0000 2026,,,217,3,0,1,en,sucralose protein taste,2026-05-13T14:41:42.460357,twitter
1992741715028160852,"@jacob_posel Everything in bar form is a highly processed food. Virtually all ""bars"" have ingredients that will cause GI issues. They've been engineered to have certain nutritional claims ""X grams of protein"" ""no sugar"" ""Y grams of fiber"".

Many use sugar alcohols or artificial sweeteners to",Sun Nov 23 23:47:02 +0000 2025,,,378,0,0,0,en,sucralose protein taste,2026-05-13T14:41:46.449382,twitter
1989841047472456034,SEEQ removes sucralose from its signature clear protein but promises the same juicy taste https://t.co/FezGmMcjzV,Sat Nov 15 23:40:49 +0000 2025,,,7881,0,0,0,en,sucralose protein taste,2026-05-13T14:41:46.449384,twitter
1987060557229289978,"- Raw milk, derived directly from pasture-raised cows without pasteurization or homogenization, retains its natural enzymes, probiotics, and nutrients, embodying the wholesome provision of creation as a complete food that nourishes the body in its unadulterated form",Sat Nov 08 07:32:09 +0000 2025,,,1473,17,6,0,en,sucralose protein taste,2026-05-13T14:41:46.449386,twitter
1987060514984268083,"@newstart_2024 - Raw milk, derived directly from pasture-raised cows without pasteurization or homogenization, retains its natural enzymes, probiotics, and nutrients, embodying the wholesome provision of creation as a complete food that nourishes the body in its unadulterated form",Sat Nov 08 07:31:59 +0000 2025,,,1473,23,4,1,en,sucralose protein taste,2026-05-13T14:41:46.449388,twitter
1971693654969667876,"@pepper220331 @RobertKennedyJc What about sucralose? 
These protein bars are the bomb!
Taste like candy bars. 
With zero downside. https://t.co/jqKOPyzJjk",Fri Sep 26 21:49:34 +0000 2025,,,14977,0,0,0,en,sucralose protein taste,2026-05-13T14:41:46.449390,twitter
1965738561497715104,"@DCDMK @ZKForTre It's the same reason why usually most vegan protein bars have noticably less protein than whey bars: because vegan protein tastes worse then whey. In bars you can manouver that with sucralose though, but still worse taste.",Wed Sep 10 11:26:09 +0000 2025,,,26,0,0,0,en,sucralose protein taste,2026-05-13T14:41:46.449392,twitter
1955025622184468822,"@1CentSandy @Meyekindenver @VicMawmah @grok @gork Nope, there's nothing bizarre in there—what gives this drink 30 grams of protein per can is ultra-filtered whey protein isolate and collagen peptides, not anything wild or unexpected.

It gets its sweetness from sucralose and has a light, soda-like texture thanks to carbonation,",Mon Aug 11 21:56:45 +0000 2025,,,393435,0,0,0,en,sucralose protein taste,2026-05-13T14:41:46.449394,twitter
1951062435596738724,"@DeanTTraining **PUTS ON THICK LENS GLASSES 🤓, CRACKS KNUCKLES (""Ouch, my feeble hands""), OPENS GROK TO GET AI RESPONSE (That I did not read)**

While I must commend the simplicity and macro-friendliness of your proposed pre-workout meal—clocking in at roughly 400-500 calories with a solid",Thu Jul 31 23:28:28 +0000 2025,,,640,1,0,1,en,sucralose protein taste,2026-05-13T14:41:46.449396,twitter
1945971114175541518,Guys don’t get the Pure Protein shakes unless you really love the taste of sucralose,Thu Jul 17 22:17:22 +0000 2025,,,650,7,0,2,en,sucralose protein taste,2026-05-13T14:41:46.449398,twitter
1944874479152136276,"@KesterPettitt @crark44 @darrenrovell Sucralose is one of the most extensively studied sweeteners in modern food science, with decades of data from toxicology, human trials, and metabolic research. It’s approved by the EFSA, Health Canada, the FDA, and regulatory bodies in over 90 countries based on this robust",Mon Jul 14 21:39:44 +0000 2025,,,5853,0,0,0,en,sucralose protein taste,2026-05-13T14:41:46.449400,twitter
1944822622845370432,"@crark44 @darrenrovell Sucralose is part of what makes our bars great.

It’s a high-intensity sweetener derived from sucrose, delivering 600x the sweetness with virtually no calories and no blood sugar impact. It’s thermally stable, meaning it doesn’t break down during production—unlike some natural",Mon Jul 14 18:13:41 +0000 2025,,,5853,0,0,1,en,sucralose protein taste,2026-05-13T14:41:46.449402,twitter
1943264308730749279,"🍬🚫 Sweet Tooth Savior? Discover Genius Ways to Use Zero-Calorie Sweeteners!

✅Read full article: https://t.co/Pyp5owuWUc

Tired of sugar crashes but still crave sweetness? 🌱 You’re not alone! Zero-calorie sweeteners can be game-changers for weight management, diabetes",Thu Jul 10 11:01:29 +0000 2025,,,1056,0,0,0,en,sucralose protein taste,2026-05-13T14:41:46.449404,twitter
1942074048625951059,"@Sadie_NC All I recall is sugar and orange flavour 
So I asked Grok and it’s worse than I thought although it did have the daily requirement of Vitamin C 👀

The ingredients and quantities for Tang Orange Drink Mix, based on available information for a standard serving, are as follows.",Mon Jul 07 04:11:49 +0000 2025,,,260,3,0,0,en,sucralose protein taste,2026-05-13T14:41:46.449406,twitter
1939286079355674809,"Sucralose intake linked to infertility: study | Taipei Times

The consumption of sugar substitute sucralose has been linked to male infertility, a study released by Taipei Medical University (TMU) said yesterday.

TMU School of Nutrition and Health Sciences head Hsia Shih-min https://t.co/CIxhw2ExjB",Sun Jun 29 11:33:26 +0000 2025,,,162455,14,4,2,en,sucralose protein taste,2026-05-13T14:41:46.449408,twitter
1937537484348326160,"I bought a neutral vegan protein powder bc every flavored one out there is sweetened with sucralose and I can't eat that, and I'm usually not picky when it comes to taste, I can handle a lot, but this one is so disgusting I genuinely feel like throwing up lmao",Tue Jun 24 15:45:08 +0000 2025,,,293,1,0,3,en,sucralose protein taste,2026-05-13T14:41:46.449410,twitter
1930858955644772665,"🍈 Monk Fruit Magic: Nature’s Sweet Answer to Diabetes! 🌿

In the vast world of healing herbs and natural sweeteners, Monk Fruit (also known as Luo Han Guo) has emerged as a game-changer in managing diabetes naturally. Originating from the mountains of southern China and https://t.co/MgrYFGQjes",Fri Jun 06 05:27:03 +0000 2025,,,3589,2,1,0,en,sucralose protein taste,2026-05-13T14:41:46.449411,twitter
1928176493093360056,"@ReviewsPossum Seriously, you can switch to high protein, low fat milk, use sweeteners (Monk Fruit Sweetener and Sucralose are VERY close to sugar) and even supplement it with more whey/casein protein to give it a creamier texture and probably have a similar taste anyhow. It’d be insane how",Thu May 29 19:47:54 +0000 2025,,,1616,0,0,1,en,sucralose protein taste,2026-05-13T14:41:46.449415,twitter
1921993442755805473,"@DooByte @cpgwire Because nutrition is not black and white—it’s not a dichotomy of ‘good’ and ‘bad’ ingredients. Our update wasn’t about cutting costs or cornerstones; it was about optimizing taste, stability, and consistency while maintaining the same elite macros: 28g protein, 150 calories, 0g",Mon May 12 18:18:40 +0000 2025,,,5853,1,0,1,en,sucralose protein taste,2026-05-13T14:41:46.449417,twitter
1920547620449047012,"How we taste sweetness: long-sought structure of human receptor mapped at last
Highlights
•
Two GPCR subunits assemble to recognize sweet ligands
•
The TAS1R2 subunit binds the ligands and couples to the G protein
•
A common binding pocket recognizes sucralose and aspartame
•",Thu May 08 18:33:29 +0000 2025,,,8991,6,0,3,en,sucralose protein taste,2026-05-13T14:41:48.950838,twitter
1917545821169475923,"Disappointed as had great expectations from the brand 

Everyday sweet - 3/10. It’s just like sucralose. 

I expected it to be more sugar like in taste 

Everyday protein - 3/10. Terrible.  

Tried it with coffee. Hated it. https://t.co/10eWSjtr8o",Wed Apr 30 11:45:24 +0000 2025,,,5825,5,0,2,en,sucralose protein taste,2026-05-13T14:41:48.950854,twitter
1903159126412365879,"@KeshaD573725 Insulin can be released for many reasons. A CGM of course only shows glucose. 

According to Grok

Based on the context of the X post and the related web results, here are some potential causes for a decrease in ketone levels, particularly relevant to someone following a",Fri Mar 21 18:57:49 +0000 2025,,,151,1,0,0,en,sucralose protein taste,2026-05-13T14:41:48.950857,twitter
1901674306465140826,"@pkc19998 @trdessai Protein bars are sweet because manufacturers know your taste buds are still stuck in the candy aisle. They use low-calorie sweeteners like stevia or sucralose to dodge sugar overload while keeping that dessert vibe alive—because apparently, ""healthy"" snacks still need to taste",Mon Mar 17 16:37:40 +0000 2025,,,393435,0,1,0,en,sucralose protein taste,2026-05-13T14:41:48.950859,twitter
1900607795113979982,"A coworker of mine is an ambassador to @buckedup. He promised to get me a sugar free energy/protein drink or two and some protein powder to try. 

Looking at all the ingredients, other than the sucralose, these look like fairly clean energy and protein drinks. Yeah, I'd rather https://t.co/Tc326wR5Md",Fri Mar 14 17:59:44 +0000 2025,,,2237,2,0,0,en,sucralose protein taste,2026-05-13T14:41:48.950861,twitter
1899882897223327814,"@SolumEgoSum Our sweetener update was made to optimize stability, texture, and consistency—all these while maintaining the same elite macros. The transition from allulose, monk fruit, and stevia to sucralose and Ace-K wasn’t about cutting costs, but about ensuring every bar delivers the best",Wed Mar 12 17:59:15 +0000 2025,,,5853,0,0,0,en,sucralose protein taste,2026-05-13T14:41:48.950863,twitter
1898414095390412938,@sourhoestarter Yoghurt with protein powder is genuinely the worst thing I’ve ever seen. Do you know how good yoghurt is ? Then you’ve gone and added sucralose/stevia flavoured vanilla to it and made it taste atrocious.,Sat Mar 08 16:42:45 +0000 2025,,,767,1,0,0,en,sucralose protein taste,2026-05-13T14:41:48.950865,twitter
1883876536195182733,"skinny doesn’t feel good; but all desserts taste bad and artificial - savoury meals are boring after a few times and the only good thing is energy drinks tea and coffee (unsweetened/sucralose) 

halo top is fine and protein low cal stuff is fine if done right 

idk. no reason for",Mon Jan 27 13:55:41 +0000 2025,,,2168,1,0,1,en,sucralose protein taste,2026-05-13T14:41:48.950867,twitter
1882577086159679831,"Did You Know?

Artificial sweeteners, like aspartame and sucralose, were designed to mimic sugar without the calories, but studies show they can disrupt your body’s systems. Research links them to altered gut microbiomes, increased fat storage, and even higher risks of heart",Thu Jan 23 23:52:08 +0000 2025,,,295,0,0,0,en,sucralose protein taste,2026-05-13T14:41:48.950868,twitter
1869087008951521336,"@_Anastasia_Rose I take it before and after. If I only do once, before but for me it's because I mix it with a tart pre workout that better masks the taste of it and BCAAs than mixing it with water or a protein shake. I've done it post with electrolyte drinks in the past but I havent found an",Tue Dec 17 18:27:23 +0000 2024,,,10951,6,0,2,en,sucralose protein taste,2026-05-13T14:41:48.950870,twitter
1863615824000376994,"Please please please, for the love of God, make them low sucralose/whatever non calorific sweetener. 

All manufacturers are dumping these sweeteners just the way cola has real sugar. It ain't helping. The taste is incredibly overwhelming and I DON'T want to get used to it.

I",Mon Dec 02 16:06:51 +0000 2024,,,113,0,0,0,en,sucralose protein taste,2026-05-13T14:41:48.950872,twitter
1855931518058668189,"@aukuuee is this protein powder worth it? is it unflavored or not? im thinking of ordering but i hate very chemical and too sweet taste, i also dont like the aftertaste of sweeteners, especially sucralose and stevia",Mon Nov 11 11:12:10 +0000 2024,,,176,0,0,1,en,sucralose protein taste,2026-05-13T14:41:48.950874,twitter
1852475105764692194,"Why “Protein Snacks” are Holding You Back in Your Health and Performance 

Lenny and Larry’s cookie this, legendary pastry that… have you tried just eating some real food goddamnit

All of these “protein snacks” are some of the absolute worst foods you can eat in terms of",Fri Nov 01 22:17:37 +0000 2024,,,6874,68,8,10,en,sucralose protein taste,2026-05-13T14:41:48.950876,twitter
1851127770765799470,"For those with diabetes, Diwali brings its own challenges. It is difficult for even the most disciplined among us to resist the temptation of indulging in mouth-watering sweets, which are all around us. Whatever strategy you may use, there is no avoiding the fact that consuming",Tue Oct 29 05:03:47 +0000 2024,,,51318,31,3,0,en,sucralose protein taste,2026-05-13T14:41:48.950878,twitter
1849079324902924609,"For those with #diabetes, #Diwali brings its own challenges. It is difficult for even the most disciplined among us to resist the temptation of indulging in mouth-watering sweets, which are all around us. Whatever strategy you may use, there is no avoiding the fact that consuming",Wed Oct 23 13:23:59 +0000 2024,,,51318,25,4,5,en,sucralose protein taste,2026-05-13T14:41:48.950880,twitter
1835680843517309096,"22g of protein isn’t enough FOR ME and based off the directions I’d have to drink 32oz to get 44g 

I mean it’s cool I can taste the sucralose 🤷🏽‍♀️",Mon Sep 16 14:03:13 +0000 2024,,,9782,1,0,0,en,sucralose protein taste,2026-05-13T14:41:48.950884,twitter
1831686640844083517,"@TriathlonRobH With you on the stevia (near gag-reflex just thinking about the taste), but I have found some pretty tasty whey isolate protein powders that use sucralose as a sweetener. Suppose I could go without and choke the chalk down, but it is a nice treat after the gym. 👊",Thu Sep 05 13:31:40 +0000 2024,,,864,0,0,1,en,sucralose protein taste,2026-05-13T14:41:48.950886,twitter
1819026722991255704,"Sugar reduction was one of the 3 key themes at this year’s @IFT’s #IFTFIRST alongside brain health and indulgent proteins.

Growing numbers of Americans are actively seeking to reduce sugar consumption, with 𝟕𝟔% 𝐬𝐭𝐚𝐭𝐢𝐧𝐠 𝐭𝐡𝐚𝐭 𝐭𝐡𝐞𝐲 𝐚𝐫𝐞 𝐭𝐫𝐲𝐢𝐧𝐠 𝐭𝐨 https://t.co/rvV7Ce9Be6",Thu Aug 01 15:05:41 +0000 2024,,,2804,3,0,1,en,sucralose protein taste,2026-05-13T14:41:48.950887,twitter
1813435642405326976,@Vexciee I've been buying this pea based protein powder that doesn't taste terrible off amazon for a while. Took me forever to find because whey kills my stomach especially when they put sucralose in it 🤮,Wed Jul 17 04:48:43 +0000 2024,,,53,1,0,1,en,sucralose protein taste,2026-05-13T14:41:48.950889,twitter
1800624236102566178,@noiqspecimen i like protein bars too but these have the Chalk Texture and taste like sucralose,Tue Jun 11 20:20:46 +0000 2024,,,204,1,0,1,en,sucralose protein taste,2026-05-13T14:41:52.335181,twitter
1798783297008619762,"Down 21 lbs today. Currently looking for affordable vegan protein shake as I have nearly exhausted my backstock of Ka'Chava. Problem is none of the ones I have tried taste as good. They are either loaded with stevia or sucralose(kills off good bacteria), or taste chalky. (10/n)",Thu Jun 06 18:25:32 +0000 2024,,,164,0,0,1,en,sucralose protein taste,2026-05-13T14:41:52.335198,twitter
1793089197018112492,"@CaryKelly11 @doej2924 @BenBikmanPhD I still use sucralose &amp; like it in coffee.  I bake w Monkfruit.  Both do not noticeably affect my BG &amp; helps w sweet craves which due to my very low carb, high protein diet are minimal. I do t fear sweet cravings anymore.
I tried a box of RX brand allulose a few months ago &amp; it",Wed May 22 01:19:13 +0000 2024,,,430,0,0,1,en,sucralose protein taste,2026-05-13T14:41:52.335200,twitter
1784903364171710651,"10 foods you should avoid or reduce to stay healthy and in high vibration💚🌿

4. Artificial Sweeteners

What are the 2 main artificial sweeteners that you should get as far away as you can? It is Aspartame which is called Neutra Sweet and Sucralose.

Why you should avoid it? https://t.co/kapEx2HoCk",Mon Apr 29 11:11:38 +0000 2024,,,1851,14,3,0,en,sucralose protein taste,2026-05-13T14:41:52.335202,twitter
1783599791949136092,i can taste the sucralose in my new protein powder. might gotta go back to the expensive stuff :(,Thu Apr 25 20:51:42 +0000 2024,,,108,0,0,0,en,sucralose protein taste,2026-05-13T14:41:52.335205,twitter
1782809566536724533,OWYN shakes taste so awful but I’m trying to steer off Premier Protein cause of the Sucralose and other sweeteners,Tue Apr 23 16:31:38 +0000 2024,,,693,0,0,0,en,sucralose protein taste,2026-05-13T14:41:52.335207,twitter
1771508311378022776,"Can someone please make a clear protein that doesn’t taste like candy? I’m begging for a sun tea or lemonade flavor without artificial sweeteners, sucralose, stevia, etc. 

A pro-tea powder (you can even have that marketing idea for free!).",Sat Mar 23 12:04:29 +0000 2024,,,641,3,0,0,en,sucralose protein taste,2026-05-13T14:41:52.335209,twitter
1751075521855951173,@grassje11y i’m also really obsessed w no cow bars the ingredients are good (no sucralose yay!!) they taste like pea protein playdough and sand but i Loove them for some reason and no weird gross plasticky sweetener protein aftertaste somehow,Sat Jan 27 02:51:52 +0000 2024,,,1067,1,0,0,en,sucralose protein taste,2026-05-13T14:41:52.335213,twitter
1748442972213981378,"What is in Glowberry PRIME Hydration Drinks?

Well, here is the REAL list. 

PRIME adds sugar derivatives and chemicals that taste sweet so they can market as ""0 added sugar"". 

PRIME Hydration is 10% Coconut Water and made from Coconut Water Concentration. 

Ingredients in PRIME https://t.co/dgi59URIsO",Fri Jan 19 20:31:03 +0000 2024,,,4761,4,0,0,en,sucralose protein taste,2026-05-13T14:41:52.335215,twitter
1746295795564048546,"all these ""health foods"" like using grain fiber and sucralose as fillers in protein powder are AWFUL for my stomach, not to mention they taste like shit. but the issue is mainly that they feel like shit and I'm looking for better options",Sat Jan 13 22:18:56 +0000 2024,,,709,0,0,1,en,sucralose protein taste,2026-05-13T14:41:52.335216,twitter
1744757566289162388,@doggo_logic Sucralose based Greek yog or quark was definitely an acquired taste but I quite enjoy it now esp if you get a plain high protein one and add your own flavours,Tue Jan 09 16:26:34 +0000 2024,,,3672,1,0,1,en,sucralose protein taste,2026-05-13T14:41:52.335218,twitter
1730287546993639649,"just had a fruity cereal protein shake and i’m pilled: delicious &amp; taste like a childhood i never had. (my asian household didn’t eat cereal growing up — [slight joke] we have rice at home)

no artificial sweeteners or flavors; sucralose; or carrageenans

new drink obsession. LFG",Thu Nov 30 18:07:53 +0000 2023,,,12709,10,0,2,en,sucralose protein taste,2026-05-13T14:41:52.335220,twitter
1724680043132240381,"Epigamia protein shake 

Has the usual stabilisers &amp; emulsifiers that you’ll find in all packaged goods 
Not a concern if consumed once in a while 

These ingredients are known to cause dizziness, headache &amp; nausea to some people 
So those people should obvious avoid it 

Macros https://t.co/XeWnK50iwP",Wed Nov 15 06:45:39 +0000 2023,,,8360,19,1,9,en,sucralose protein taste,2026-05-13T14:41:52.335222,twitter
1723021047618773032,"What is in PRIME Hydration Drinks?

Well, here is the REAL list. 

PRIME adds sugar derivatives and chemicals that taste sweet so they can market as ""0 added sugar"". 

PRIME Hydration is 10% Coconut Water and made from Coconut Water Concentration. 

Ingredients in PRIME https://t.co/nbE0QjupBo",Fri Nov 10 16:53:24 +0000 2023,,,4761,8,1,1,en,sucralose protein taste,2026-05-13T14:41:52.335224,twitter
1722618467273392243,"Made two variants 

Greek yogurt + sugar = 202 cal + 17g protein 

Normal dahi + no sugar = 157 cal + 14g protein 

Verdict : 
Normal dahi frosts in the deep freezer &amp; doesn’t give a rich flavour 
Also sugar’s sweetness makes it taste like a palatable dessert 
One can rather use https://t.co/z6IUzWsyVG",Thu Nov 09 14:13:41 +0000 2023,,,8360,16,2,2,en,sucralose protein taste,2026-05-13T14:41:52.335225,twitter
1719042090443612350,"I've been using Organic Hemp protein for a while now and have been seeing great results.

The only thing I dislike about it is the taste.

Organic Hemp protein Benefits:
-Great source of plant-based omega-3
-Anti-inflammatory
-No aspartame, sucralose, or acesulfame K

1/2",Mon Oct 30 17:22:27 +0000 2023,,,12,0,0,1,en,sucralose protein taste,2026-05-13T14:41:52.335227,twitter
1702375621589168445,"Have completely left added sugar since March. No desserts, no ice creams, no sugar in tea/ milk etc. 

Purchased this flavoured Whey protein and apparently it has  sucralose in it.

And now it tastes so fkn sweet to me  my taste buds are getting high.",Thu Sep 14 17:35:51 +0000 2023,,,21063,49,0,11,en,sucralose protein taste,2026-05-13T14:41:52.335229,twitter
1697389592754700436,"@MissP_MaizedOut I can’t do any “zero sugar”-usually means sucralose or stevia and I can’t stand the taste!! And yes I need fat and protein, too!",Thu Aug 31 23:23:09 +0000 2023,,,112,1,0,0,en,sucralose protein taste,2026-05-13T14:41:52.335231,twitter
1693261988531413061,"I hate the taste of pea protein so fuck plant-based, I’m really just going to have to suck it up and drink shit with stevia/sucralose .  🤢 just thinking about it makes me nauseous",Sun Aug 20 14:01:32 +0000 2023,,,111,0,0,0,en,sucralose protein taste,2026-05-13T14:41:52.335233,twitter
1690190175165440002,"@elonmusk @owensparks Reddiwip heavy cream cures milk cravings (Althea X uses it and I see why) and Jocko Molk appears to be the best protein powder because no sucralose (same thing as sugar for me inflammation wise), low 100 calories per 22 protein, taste is amazing. So I crave like 5$ of milk every https://t.co/rOgfoD4S5Y",Sat Aug 12 02:35:14 +0000 2023,,,198,0,0,0,en,sucralose protein taste,2026-05-13T14:41:56.890187,twitter
1681894411926671360,"Is there any whey protein in the market that is completely devoid of sugar &amp; its substitutes (xylitol, glucose etc)/alternatives (sucralose/stevia/aspartame) ?

Unflavoured, neutral taste would be a bonus.",Thu Jul 20 05:10:50 +0000 2023,,,1832,7,1,15,en,sucralose protein taste,2026-05-13T14:41:56.890205,twitter
1669328524568678401,"You might have noticed that most whey protein tastes pretty damn good.
But they also have very little sugar.

Companies add the artificial sweetener 'Sucralose' to make Whey taste good.

A recent study came out this week OFFICIALLY linking sucralose to DNA damage and cancer.",Thu Jun 15 12:58:29 +0000 2023,,,1266,37,0,2,en,sucralose protein taste,2026-05-13T14:41:56.890207,twitter
1662106888266485760,"Randomly bought a protein powder with vanilla flavor. Wasn't aware that it had sucralose. And, I tried incorporating it into mango milk shake. It was wonderful. No bitter after taste. Checked the label and it was imported from US.
Why do desi sweeteners don't  taste this good?",Fri May 26 14:42:17 +0000 2023,,,605,3,0,1,en,sucralose protein taste,2026-05-13T14:41:56.890209,twitter
1658514225239556113,Love eating healthier and cutting out artificial dyes preservatives &amp; sweeteners but gah dayum protein shakes with no sucralose taste like 🍑,Tue May 16 16:46:19 +0000 2023,,,257,0,0,0,en,sucralose protein taste,2026-05-13T14:41:56.890211,twitter
1655362983109840898,trying to prevent incidental hunger strikes by getting into protein shakes and i think i found one thats not nasty but i can still taste the sucralose,Mon May 08 00:04:24 +0000 2023,,,292,2,0,1,en,sucralose protein taste,2026-05-13T14:41:56.890213,twitter
1631428532743323648,"@Damon_SMB Love the taste of Fairlife protein shakes, but still don't know how I feel about all of these sugar alternatives (sucralose, erythritol, etc.)",Thu Mar 02 22:57:27 +0000 2023,,,532,0,0,1,en,sucralose protein taste,2026-05-13T14:41:56.890215,twitter
1620742263184949251,@Stalltt What's even worse is trying to find protein powder without that shit in it.  Sucralose makes me nauseous and it has an awful taste.,Wed Feb 01 11:14:02 +0000 2023,,,293,1,0,0,en,sucralose protein taste,2026-05-13T14:41:56.890217,twitter
1604629869328945152,"@Deanna_Gowland I think the one I screenshot has sucralose, but the brand’s whole thing is “protein powder that doesn’t taste like ass,” so if they have one with Stevia hell yeah!!",Mon Dec 19 00:09:08 +0000 2022,,,566,0,0,0,en,sucralose protein taste,2026-05-13T14:41:56.890219,twitter
1562236336647639040,"@theonetonhammer The most ideal dietary food fits a few different rules for me:
1) No soy.
2) No fake sugars. And yes, stevia and monk fruit extract are fake sugars and they taste even worse than sucralose.
3) (Grams protein + grams fiber)*10 &gt; calories per serving.",Wed Aug 24 00:32:22 +0000 2022,,,343,1,0,2,en,sucralose protein taste,2026-05-13T14:41:56.890221,twitter
1555251159849385984,"This protein drink (chocolate) is dissapointing. the sucralose almost tastes like saccharides, the chocolate meh, the consitancy meh, but I used a liquidizer and it´s slightly foamy and tolerable with more milk...I guess it´s more a base and you add to your own taste.",Thu Aug 04 17:55:46 +0000 2022,,,524,1,0,0,en,sucralose protein taste,2026-05-13T14:41:56.890222,twitter
1540169561135321088,i woke up 3 hours ago ive just been born and im hearing about the taste im just looking for something with around 20g of protein and everything i've seen has fucking sucralose in it,Fri Jun 24 03:06:52 +0000 2022,,,488,0,0,0,en,sucralose protein taste,2026-05-13T14:41:56.890224,twitter
1537796547764789250,"Hueligans be like “i love the taste of Pea Protein, Tapioca Flour, Gluten-Free Oat Flour, Canola Oil, Ground
Flaxseed, Medium-Chain Triglyceride Powder, Chicory Root Fiber, Beetroot and Carrot Extract,Brown Rice Flour, Sunflower Lecithin, Gellan Gum, Sucralose, Potassium Citrate,",Fri Jun 17 13:57:22 +0000 2022,,,48,0,0,0,en,sucralose protein taste,2026-05-13T14:41:56.890226,twitter
1521912954408808448,@bvnnyclub I mean I imagine they taste like a protein bar with sucralose icing but I’m not crazy about normal poptarts to begin with heheh,Wed May 04 18:01:38 +0000 2022,,,592,1,0,0,en,sucralose protein taste,2026-05-13T14:41:56.890229,twitter
1513682686396698630,"Artificial sweeteners: A new study examined two sugar substitutes – acesulfame potassium and sucralose – also known as non-nutritive sweeteners, and provide a sweet taste with few or no calories, disrupt the function of a protein t…https://t.co/XeXTxrUTvi https://t.co/637oOaYDC9",Tue Apr 12 00:57:29 +0000 2022,,,345,0,0,0,en,sucralose protein taste,2026-05-13T14:41:56.890231,twitter
1513280858395971584,"Due to unavoidable reasons, ended up drinking half a can of Premier Protein shake. Boy does that thing taste sweet and watery. It claims to have just 1g of sugar (none added), but too much sucralose.
https://t.co/BoaDDPUdr8",Sun Apr 10 22:20:46 +0000 2022,,,500,0,0,0,en,sucralose protein taste,2026-05-13T14:41:56.890232,twitter
1505989617312538633,like i tried this protein shake and all i can taste is the sucralose. i’m so irritated,Mon Mar 21 19:27:59 +0000 2022,,,258,0,0,0,en,sucralose protein taste,2026-05-13T14:41:56.890234,twitter
1484107948733628419,"if nak minum whey protein powder, sila check ingredient list. memang some brands ada gula sucrose (gula), some guna artificial sweeteners (sucralose, aspartame, etc).

hydrolysed &amp; isolated protein ada bitter taste, so sweeteners adalah almost wajib utk mask the unpleasant taste",Thu Jan 20 10:18:03 +0000 2022,,,2125,2,0,1,en,sucralose protein taste,2026-05-13T14:41:56.890236,twitter
1483655676396126212,"@KeikoGoblyn If you're looking specifically for a shake, I use Premiere Protein powder, and it uses sucralose which is derived from sugar. I'm actively allergic to other sugar substitutes, but not to sucralose (Splenda). Also, Premiere doesn't taste horrid which is a bonus.",Wed Jan 19 04:20:52 +0000 2022,,,2458,1,0,1,en,sucralose protein taste,2026-05-13T14:41:56.890238,twitter
1450141129488355334,what would you guys describe the taste im just looking for something with around 20g of protein and everything i've seen has fucking sucralose in it,Mon Oct 18 16:46:02 +0000 2021,,,488,0,0,0,en,sucralose protein taste,2026-05-13T14:41:56.890240,twitter
2054158067974156324,"Aku doyan dua duanyahhhh
Cuma greek yogurt enak bgt buat chia pudding dan protein shake wkwkw
Tapi kl lagi males dan on budget. Ke pasar beli tape 5ribu🥳",Tue May 12 11:13:42 +0000 2026,,,4134,0,0,0,in,protein shake enak,2026-05-13T14:42:06.680689,twitter
2049642866742607917,Gue harus sungkem berapa kali ya ke orang yang bikin one% protein shake coklat &amp; stroberi? ASLI ENAK BGT ANJIRRRRRR,Thu Apr 30 00:11:54 +0000 2026,,,569,0,0,0,in,protein shake enak,2026-05-13T14:42:06.680704,twitter
2049450198234275896,"@L0vehe4ls Asli. Ke jepang kemarin hal ini yang aku iri in. Ke sevel ngesot dikit dada ayam enak berbagai macam varian, omelette simple murah dan berbagai macam, daging sapi babi juga banyak varian, protein bar, protein shake, dll. ASLI IRI BANGET REAL FOODNYA BERLIMPAH OPSI",Wed Apr 29 11:26:18 +0000 2026,,,213,69,2,1,in,protein shake enak,2026-05-13T14:42:06.680707,twitter
2048783193365762292,"one% protein shake yang ada di kulkas celfit dan beberapa minimarket, rasanya kaga enak, eneg, nyangkut di tenggorokan kek intisari, jauh mending mending mending mendingan mimik expose.",Mon Apr 27 15:15:52 +0000 2026,,,10123,1,0,0,in,protein shake enak,2026-05-13T14:42:06.680709,twitter
2047994006488137749,@munvess Protein shake.. (sedang malas makan apa-apa.. jangan dicontoh ya.. kamu mam yang enak-enak aja. 🥺),Sat Apr 25 10:59:55 +0000 2026,,,42,0,0,0,in,protein shake enak,2026-05-13T14:42:06.680711,twitter
2043479000924946599,"Cek L-Men Platinum Refill Choco Latte 800 gram - Kemasan Refill Suplemen Fitness Tinggi Protein dengan harga Rp363.100. Dapatkan di Shopee sekarang! https://t.co/j7e2EMFdf5

ini rasanya enak, kalo di shake pun buihnya sedikit😍",Sun Apr 12 23:58:54 +0000 2026,,,2058,0,0,0,in,protein shake enak,2026-05-13T14:42:06.680713,twitter
2039874919992090826,protein shake enak jg ternyata,Fri Apr 03 01:17:34 +0000 2026,,,167,0,0,0,in,protein shake enak,2026-05-13T14:42:06.680715,twitter
2039479957978820866,"Protein shake puro rasa es teler enak banget!! Smooth, rasanya sedikit seger bikin gak enek. Baru tau ternyata ada loh ya shake yg teksturnya smooth gampang pecah👏",Wed Apr 01 23:08:08 +0000 2026,,,213,0,0,0,in,protein shake enak,2026-05-13T14:42:06.680717,twitter
2038090750949466147,wow gue iseng buat protein shake enak bgt 😭,Sun Mar 29 03:07:55 +0000 2026,,,35,0,0,0,in,protein shake enak,2026-05-13T14:42:06.680719,twitter
2036038659351462174,ternyata protein shake puro yg strawberry enak bgt😭,Mon Mar 23 11:13:38 +0000 2026,,,22,0,0,0,in,protein shake enak,2026-05-13T14:42:06.680720,twitter
2029339903050563961,Sereal gini protein 42g. Kalo bisa nyata (gak mungkin soalnya inherently molekul protein itu rasanya GAK ENAK) nih protein shake pasti dah gak laku. Orgil yang bikin nutrition factsnya.,Wed Mar 04 23:35:10 +0000 2026,,,190,0,0,0,in,protein shake enak,2026-05-13T14:42:06.680724,twitter
2027005165413572859,"Enak juga kalau sahur cuman protein shake sama ubi, jadi buka puasa masih ada 1000+ kalori 🏄‍♀️",Thu Feb 26 12:57:46 +0000 2026,,,44,0,0,0,in,protein shake enak,2026-05-13T14:42:06.680727,twitter
2024600183561216157,Walaupun gak puasa tetep bangun pas sahur bikinin protein shake buat ortu. Jujur ni yang pagi ini enak pol tapi gw bikinnya ngepas haha 😭 https://t.co/Ohs9thWfbY,Thu Feb 19 21:41:13 +0000 2026,,,72,0,0,0,in,protein shake enak,2026-05-13T14:42:06.680729,twitter
2021609971969114406,"@_Resplendentl_b Makan sushi, sandwich dan protein shake??
Kenapa dirimu makan makanan negara lain? Terutama makan makanan negara yang pernah menjajah mu, apakah negara mu tidak memiliki makanan yang enak? Dasar warga dari negara Jepang Barat (Korea Selatan)",Wed Feb 11 15:39:11 +0000 2026,,,9,0,0,6,in,protein shake enak,2026-05-13T14:42:06.680732,twitter
2020786529551949920,"ini juga, tapi jadi share masalah kesehatan + tips buat mengurangi sakit,
share link merk protein shake yg enak,
share link yt home exercise yg gampang,
share foto hari ini masak apa + ntar kalo ketemu mau makan apa,
share lagi kerjain project apa + capeknya apa serunya apa,",Mon Feb 09 09:07:07 +0000 2026,,,7076,1,0,1,in,protein shake enak,2026-05-13T14:42:06.680735,twitter
2016285761457553475,Enak juga protein shake ini,Tue Jan 27 23:02:40 +0000 2026,,,124,0,0,0,in,protein shake enak,2026-05-13T14:42:06.680738,twitter
2009103017027801260,"kan gue rutin minum protein shake ya (karena enak aja), harganya tuh buletin deh $10 isi 4. trs gue yang kayak HM WORTH IT MURAH trs gue pas mikir convert ke rupiah anjeng 170rb cuma buat 4 biji gK LOGIS",Thu Jan 08 03:21:01 +0000 2026,,,45,0,0,1,in,protein shake enak,2026-05-13T14:42:06.680741,twitter
2008199908365602971,"@douttxe ️️ ️️
️️
️️ ️️
Aku minum protein shake.. terus makan salad aja seharian ini. Enak sekali makan nasi padangg, mauuuuu.
️️ ️️
️️
️️ ️️",Mon Jan 05 15:32:23 +0000 2026,,,241,0,0,1,in,protein shake enak,2026-05-13T14:42:06.680745,twitter
2005995818420150378,eh ini protein shake enak anjirs,Tue Dec 30 13:34:07 +0000 2025,,,34,0,0,0,in,protein shake enak,2026-05-13T14:42:06.680750,twitter
2004373296402641162,protein shake tetaplah protein... gak nemu yang enak,Fri Dec 26 02:06:47 +0000 2025,,,8,0,0,0,in,protein shake enak,2026-05-13T14:42:06.680753,twitter
1999042426225492459,"buat yg gym dan kebutuhan protein masih kurang please coba protein shake yang rasa ini, enak bgt tolong 😭
https://t.co/Dua6En5f9q",Thu Dec 11 09:03:49 +0000 2025,,,469,0,0,0,in,protein shake enak,2026-05-13T14:42:09.871873,twitter
1997564786033504292,"🐶Rekap Live Janry BNK48 – 06 Des 2025 🐹
#Rekap48TH #JanryBNK48 #BNK48 

Orig: https://t.co/pOc7KZ02Ci
#iAM48Application 

- Janry makan dengan gaya lesehan katanya biar kerasa homey karena sedang tidak didorm
- Komplain soal ayam goreng yang ternyata lebih banyak tepungnya https://t.co/gttL5JyQDw",Sun Dec 07 07:12:12 +0000 2025,,,1347,9,3,0,in,protein shake enak,2026-05-13T14:42:09.871905,twitter
1996966891160826186,@spellicng @trustmee_ Cookies sama yg kyk protein shake nya enak. Tp yg kyk protein shake nya itu kemanisan kt aku. Tp kan emg buat sumber energi,Fri Dec 05 15:36:23 +0000 2025,,,694,0,0,0,in,protein shake enak,2026-05-13T14:42:09.871907,twitter
1990338848174592336,"pengganti protein shake, ini enak bgtt

dancow pisang putih telur 🤤 https://t.co/nd5KLmXL7W",Mon Nov 17 08:38:54 +0000 2025,,,3913,0,0,0,in,protein shake enak,2026-05-13T14:42:09.871912,twitter
1989328643630518752,"🐈Ini susu Indonesia
🍙 Oatmeal banyak dikomsumsi orang"" yg berolahraga, cocok untuk sarapan. Bahkan orang yang ga berolahraga pun bisa memakannya. Ini sehat
🐈 umm enak, kan?
🍙 bisa ditambahkan sesendok protein shake dan pisang, lalu blender-

ahk limit
 https://t.co/0SDLsfypxv",Fri Nov 14 13:44:43 +0000 2025,,,923,0,0,0,in,protein shake enak,2026-05-13T14:42:09.871915,twitter
1985940915949879785,"Wkwkwkwkw bener feeling ku, mei ga doyan protein shake. Padahal pas aku cobain enak bgt manis gurih creamy ga amis sama sekali. Nanti sore aku kasih coba lagi.",Wed Nov 05 05:23:06 +0000 2025,,,52,0,0,1,in,protein shake enak,2026-05-13T14:42:09.871918,twitter
1983198232223404410,biarin aja deh dia makan enak ketimbang liat dia minum 2 SENDOK GENTONG protein shake kematian ini 😭😭😭😭 https://t.co/sd7gHPNh8D,Tue Oct 28 15:44:39 +0000 2025,,,201,0,0,0,in,protein shake enak,2026-05-13T14:42:09.871920,twitter
1973515771298062351,"Goodnight anon, sbb ya kemarin aku udah bobo. Aku tadi makan jelly ama protein shake. Lumayan enak n mengenyangkan heheheh. Moga pagimu menyenangkan yaaaaa ✨ https://t.co/HBJ5ghv7by",Wed Oct 01 22:30:00 +0000 2025,,,6950,0,0,0,in,protein shake enak,2026-05-13T14:42:09.871924,twitter
1965077449718571153,"baru nyobain WPI Puro yg varian Strawberry 😭 ENAK BGT

gak kyk minum protein shake, seger kayak minum jasjus stroberi, warnanya juga clear, gak butek",Mon Sep 08 15:39:08 +0000 2025,,,29899,4,0,0,in,protein shake enak,2026-05-13T14:42:09.871926,twitter
1953302406764097917,"@afrkml Aku lg diet dan sudah turun sekitar 3 kg dalam 5-6 minggu ners.
Kuncinya IF jam 6-12 siang, dr jam 12 makan berat sekali aku bebasin apa aja mau geprek atau apa yang enak, ngopi latte no sugar, buah, sayur, cake buatan sendiri, protein shake dll.
Lapor yg jujur ke GPT haha.",Thu Aug 07 03:49:19 +0000 2025,,,837,0,0,1,in,protein shake enak,2026-05-13T14:42:09.871928,twitter
1953008570989252660,@lucksmithwitz Protein shake + espresso enak loh. Double combo,Wed Aug 06 08:21:43 +0000 2025,,,2558,0,0,1,en,protein shake enak,2026-05-13T14:42:09.871931,twitter
1938296204145926646,"Punya resep baru buat protein shake (dada ayam + putih telor) biar ga bau amis... 

Pake susu ultra + nescafe yang bisa larut di air dingin. 

Asli enak banget! https://t.co/lWWEGSkDGk",Thu Jun 26 18:00:01 +0000 2025,,,6749,5,0,0,in,protein shake enak,2026-05-13T14:42:09.871934,twitter
1935925093278138709,dimana ada protein shake se enak ituya disini 😖,Fri Jun 20 04:58:04 +0000 2025,,,2178,0,0,0,in,protein shake enak,2026-05-13T14:42:09.871936,twitter
1935876298158817785,"Dengan rutin mengkonsumsi F1 Shake Nutrisi dari Herbalife sebagai pengganti sarapan dan makan malam, untuk makan siang tetap bisa makan enak seperti biasa dengan porsi sedikit karbohidrat, banyak protein dan serat secukupnya.",Fri Jun 20 01:44:10 +0000 2025,,,49,0,0,1,in,protein shake enak,2026-05-13T14:42:09.871939,twitter
1933433277744099455,Knp g ada yg bilang kalo protein shake + espresso enak bgt??????,Fri Jun 13 07:56:29 +0000 2025,,,56,0,0,2,in,protein shake enak,2026-05-13T14:42:09.871941,twitter
1930104956914414027,"🫧 1+1 proteeone protein pouch #peekyourcart_snack

protein shake merk ini ada rasa matchanya dan enak! cocok buat yg lagi pengen matcha tapi mau minumannya lebih berprotein dan bs ganjel lapar😋🍵

IDR 120.000 (get 2 pcs‼️)

biasa kalau gak event, harga segini cm dapet 1pcs🥲 https://t.co/4IotIbXLRb",Wed Jun 04 03:30:56 +0000 2025,,,1370,0,0,0,in,protein shake enak,2026-05-13T14:42:09.871944,twitter
1929566966261403849,rekomendasi protein shake buat cutting yg enak and worth the price plzzzz,Mon Jun 02 15:53:09 +0000 2025,,,41,0,0,0,in,protein shake enak,2026-05-13T14:42:09.871948,twitter
1929126144634413140,"Beli protein shake, tp muanis banget, akhirnya gak keminum. Terus aku curhat ke chatgpt, dia bilang coba campurin ke kopi aja((karena dia tau aku sering bikin kopi sendiri)) 

DAN…. Enak woy….. dicari cowo spek chatgpt buat menjadi suamiku",Sun Jun 01 10:41:28 +0000 2025,,,2716,7,1,2,in,protein shake enak,2026-05-13T14:42:09.871950,twitter
1927610628895838355,"@Hvlnnn_Sou Bingung mau diem disini sampe jam 3 or pindah kafe wkwkwk. Minumannya aja ga enak, namanya ice coklat tp kek protein shake pls berat banget.",Wed May 28 06:19:21 +0000 2025,,,246,0,0,0,in,protein shake enak,2026-05-13T14:42:09.871953,twitter
1926281651081871769,"Manisnya protein shake tu ga enak ya, eneg. Makanya saya males minum. Enakan kopi, atau wedang-wedangan anget di pagi hari.",Sat May 24 14:18:28 +0000 2025,,,203,1,0,0,in,protein shake enak,2026-05-13T14:42:09.871955,twitter
1925943870883340300,"enak bgt, tpi sorry bgt I can make myself at home (emg sehari2 ngejus + dipakein protein shake) yummy bingits",Fri May 23 15:56:15 +0000 2025,,,62,0,0,0,in,protein shake enak,2026-05-13T14:42:13.668226,twitter
1925714010994851963,"@_masakosasa I told u, protein shake ga enak 😭🙌🏻",Fri May 23 00:42:52 +0000 2025,,,1898,0,0,1,en,protein shake enak,2026-05-13T14:42:13.668269,twitter
1924491764297261110,PROTEIN SHAKE TAMBAH KOPI ENAK KALI COKKKKK,Mon May 19 15:46:06 +0000 2025,,,172,0,0,0,in,protein shake enak,2026-05-13T14:42:13.668274,twitter
1918661159907127367,"terus skrg bikin protein shake ditambah pisang dan stoberi frozen, enak banget huaaaa",Sat May 03 13:37:22 +0000 2025,,,679,0,0,0,in,protein shake enak,2026-05-13T14:42:13.668279,twitter
1917850040862925233,"@convomf 1. gak disarankan kalo turun 4 kg dalam 6 hari
2. protein shake yang menurut gue enak dan terjangkau dari brand natlab",Thu May 01 07:54:16 +0000 2025,,,209,0,0,0,in,protein shake enak,2026-05-13T14:42:13.668282,twitter
1917831758118281591,"@convomf Protein shake terjangkau Puro, rasanya enak, murce. Cuma ga cocok di aku krn memporak poranda hormonku yg udh imbalance.
Kl mau ganti diet, tlg bgt jan termakan iklan cara instan ya. Riset yg betul nder. Konsul sm yg berpengalaman.",Thu May 01 06:41:37 +0000 2025,,,287,13,0,1,in,protein shake enak,2026-05-13T14:42:13.668286,twitter
1915689570198519874,"Protein shake yg enak apa sihh, gue mau coba minum kan buat sarapan, pas banget dikasih sama bos gue. Anjir rasanya kayak dedek, dedek makanan ayam 😭😭",Fri Apr 25 08:49:19 +0000 2025,,,392,0,0,0,in,protein shake enak,2026-05-13T14:42:13.668290,twitter
1914680863310406045,Eh protein shake yang enak tapi ga terlalu mahal apa ya?,Tue Apr 22 14:01:05 +0000 2025,,,28,0,0,0,in,protein shake enak,2026-05-13T14:42:13.668294,twitter
1914338795329372388,@doxbby rekomendasiin protein shake yang rasa enak dong kaa,Mon Apr 21 15:21:50 +0000 2025,,,209,0,0,1,in,protein shake enak,2026-05-13T14:42:13.668298,twitter
1912559016015982680,guyss kalian ada saran merk protein shake yang enak untuk diet nggaa.. drop yaa tiaa,Wed Apr 16 17:29:37 +0000 2025,,,166,0,0,0,in,protein shake enak,2026-05-13T14:42:13.668301,twitter
1911355409006510176,"Thinking about getting a protein shake to help hit my protein intake… hmm, yang enak apa ya? 🤔",Sun Apr 13 09:46:55 +0000 2025,,,92,0,0,0,en,protein shake enak,2026-05-13T14:42:13.668304,twitter
1908717727533109639,Protein shake ga enak anjir,Sun Apr 06 03:05:43 +0000 2025,,,1898,0,0,2,in,protein shake enak,2026-05-13T14:42:13.668306,twitter
1908600184990556375,"Keren bgttt caan sbg yg pernah gk mimi kopi hampir 3 bulan tuh rasanya emg enak si dibadan diganti protein shake,sekarang ramadhan kemarin  aja tetep ngopi walaupun segelas gk abis pas sahur yg abis segelas klo lg weekend aja😩.",Sat Apr 05 19:18:38 +0000 2025,,,150,0,0,0,in,protein shake enak,2026-05-13T14:42:13.668309,twitter
1905230416430481414,"@witchershit padahal ayam enak wkwk, tapi sejak kuliah makan ayam udah muak
minum protein shake boleh tuh by tapi olahraga juga",Thu Mar 27 12:08:23 +0000 2025,,,391,0,0,0,in,protein shake enak,2026-05-13T14:42:13.668316,twitter
1904755154374844636,"@schlaxu ㅤ
Siomay di kantin enak banget, protein shake nya rasa apa?

ㅤㅤ",Wed Mar 26 04:39:52 +0000 2025,,,234,0,0,1,in,protein shake enak,2026-05-13T14:42:13.668320,twitter
1888931681060683914,protein shake apaya yg enak dan ga mahal,Mon Feb 10 12:43:02 +0000 2025,,,323,0,0,0,in,protein shake enak,2026-05-13T14:42:13.668325,twitter
1888146611299377181,@noaiiism Dan kenapa harus jus dada ayam gitu loh? Kan bisa diganti ke protein shake atau alternatif lain yg lebih enak ya wkwkwk 😭 atau kita req aja nay supaya ga minum jus dada ayam terus tiap hari 🤣,Sat Feb 08 08:43:26 +0000 2025,,,239,0,0,1,in,protein shake enak,2026-05-13T14:42:13.668328,twitter
1886257532324450652,"honest review: dari bbrp protein shake korea, paling suka sm delight project krn beneran enak bgt 🥹

apalagi rasa nutty chocolate beneran ada kacangnya, jd nambah kenyang dan seru aja minum sambil ngunyah😆

biasa minum utk pengganti sarapan, udah cukup kenyang minum ini pun 🤏🏻 https://t.co/tz1RYoWr7Q",Mon Feb 03 03:36:55 +0000 2025,,,1370,1,0,0,in,protein shake enak,2026-05-13T14:42:13.668331,twitter
1885861150056923564,"Utas bagus ttg protein supplement. 💪

Aku udah lama minum whey isolate, brand lokal, support UMKM. 😋

Selain jadi shake, campur pisang (hasil kebun sendiri) jadi smoothie. Enak.

Some say WPI is also good for hormonal imbalance. Try it! https://t.co/QfSDArORni",Sun Feb 02 01:21:50 +0000 2025,,,1000,8,2,1,in,protein shake enak,2026-05-13T14:42:13.668334,twitter
1883307919225278703,"@luckysidc ⠀
Protein shake nggak enak 😔 Terlalu manis.. terlalu kentel gitu.. gue mau beli smoothies aja, deh, nanti. Cepet banget udah siap?! WAITᅳsiap-siap dulu sedetik!
⠀",Sun Jan 26 00:16:12 +0000 2025,,,77,0,0,1,in,protein shake enak,2026-05-13T14:42:18.521492,twitter
1883125413834277176,"@RuA_HoneyBadger Btw gue resell herbalyfe, klo mau pesen bisa ke gw wkwk

mayan cuy protein shake nya dia paling enak buat ganjel laper (soalnya kenyang bgt dibanding merk yg lain), tapi percaya deh itu brand dia ga bikin kurus, malah gue berasa seret kurang minum air putih 🤣🤣",Sat Jan 25 12:11:00 +0000 2025,,,1540,0,0,1,in,protein shake enak,2026-05-13T14:42:18.521507,twitter
1881311325525344373,#VelMeal puasa senin 👌🏻makan kacang ijo pake protein shake trus dapat nasi kotak 🥰🥰 &amp; ide bingbing campur sate sm sambal kerak minyak di salad jadinya enak bingitzz &amp; wangi bangetttt unchhh 🤩🤩 https://t.co/1R9GigujUY,Mon Jan 20 12:02:27 +0000 2025,,,1230,0,0,1,in,protein shake enak,2026-05-13T14:42:18.521510,twitter
1880689045938094248,"Udh seneng nemu protein shake yg enak, simpel, taunya tinggi gula😭🫵",Sat Jan 18 18:49:44 +0000 2025,,,195,0,0,0,in,protein shake enak,2026-05-13T14:42:18.521512,twitter
1879521569317470481,"@calebiru HAHAHA IYA COK…. kalo protein shake baiknya perhatiin aja le sblm beli tiap brand gulanya beda”, tp setau gua so far paling rendah tuh puro sih le enak jugak",Wed Jan 15 13:30:36 +0000 2025,,,127,0,0,0,in,protein shake enak,2026-05-13T14:42:18.521514,twitter
1876562546930638908,"@wahkerensih easier lg kalo telornya diganti ke protein shake, gw pake vegan, 128g calories 25g protein udah sama serat dll. sisanya gw bisa makan enak 1 meal sehari",Tue Jan 07 09:32:30 +0000 2025,,,78,0,0,0,in,protein shake enak,2026-05-13T14:42:18.521516,twitter
1870486687232688255,"@incitu Aku ada merk protein shake yg enak. Aku bisa bilang gini karena udah pernah konsumsi. Namanya Trim Shake, ada rasa coklat, vanilla, dan mocha. Meskipun rasanya enak, dia very high in protein. Dan rendah gula. Silahkan dicoba dulu and thank me later 😄",Sat Dec 21 15:09:12 +0000 2024,,,911,1,0,0,in,protein shake enak,2026-05-13T14:42:18.521517,twitter
1870134290438308216,"itu si bikin kaki buntung. mending kalo kepingin yg serupa bikin aja herbalife/protein shake, dikasih topping buah+roti gandum. enak. https://t.co/X2fJMUQAmg",Fri Dec 20 15:48:54 +0000 2024,,,618,0,0,0,in,protein shake enak,2026-05-13T14:42:18.521519,twitter
1865737557201523192,@boorondong mau ngga mau gasi kak protein shake soalnya dia kan nge gym tp jaga makan jg… eh tp katanya protein shake di korea rasanya enak kak wkwkw,Sun Dec 08 12:37:52 +0000 2024,,,83,0,0,0,in,protein shake enak,2026-05-13T14:42:18.521521,twitter
1863240275239567371,"@shrlooji Pergi ke gym, nyenengin istrinya, nyenengin keluarganya+keluarga istrinya, beli buku2 baru, nabung, makan enak, protein shake, ikut kelas professional skill apapun pake duit sendiri, beli rumah, beli mobil. Apalagi ya… suami gw gitu soalnya",Sun Dec 01 15:14:33 +0000 2024,,,8,0,0,0,in,protein shake enak,2026-05-13T14:42:18.521523,twitter
1861656686102188369,"#NgabaRine emang enak ya makan nasi tim sama es cendol? Kok menurutku agak aneh ya? Wkwk. Anyways, krn aku lagi cutting.. Aku tadi makan semangka, sosis, sama minum protein shake aja sih.. Kamu ga drop kan? Jangan kebanyakan minum vitamin ya sehari cukup sekali aja @CErine_JKT48",Wed Nov 27 06:21:56 +0000 2024,,,250,1,0,0,in,protein shake enak,2026-05-13T14:42:18.521524,twitter
1860625213446365347,"@nie_hotaru dikasih protein shake dia muntah ya ja, jd harus rajin masak yang enak 😂",Sun Nov 24 10:03:14 +0000 2024,,,43220,0,0,1,in,protein shake enak,2026-05-13T14:42:18.521526,twitter
1860513934429814851,"13. GROWELL Grocer and Bistro Smoothies

Daripada penasaran sama smoothiesnya Erewhon yg jauh di LA dan se cup harganya bisa 300rban, di Jaksel sudah ada mirip! Memang bukan store pertama yg mencoba bikin kyk erewhon, gak cuma cakep tampilannya tapi juga enaakk..

- Majik Moment https://t.co/2zz0Ii3Lu3",Sun Nov 24 02:41:03 +0000 2024,,,602,3,0,1,in,protein shake enak,2026-05-13T14:42:18.521528,twitter
1856552940489847162,Si ngide ngejus mangga sama protein shake rasa kunyit asem ditambah garam kasar wakwkawak. Aneh tapi enak,Wed Nov 13 04:21:28 +0000 2024,,,6462,0,0,0,in,protein shake enak,2026-05-13T14:42:18.521529,twitter
1850513331519693273,protein shake yg cookies and cream enak jg ternyata,Sun Oct 27 12:22:13 +0000 2024,,,448,0,0,1,in,protein shake enak,2026-05-13T14:42:18.521531,twitter
1846492993370649022,"Accidentally making super yucky yumm protein shake and surprisingly it's edible 🙀🙀

Next mau bikin tapi dioplos sama putih telur kira2 jadi enak atau justru eneg? 🤔 https://t.co/BFfofQRn2B",Wed Oct 16 10:06:50 +0000 2024,,,1621,0,0,0,in,protein shake enak,2026-05-13T14:42:18.521533,twitter
1840686332911427975,@Amigo_Day Protein shake ku pink juga rasa stoberi enak walau agak berserat mau? 😆,Mon Sep 30 09:33:14 +0000 2024,,,668,0,0,1,in,protein shake enak,2026-05-13T14:42:18.521535,twitter
1839292495072735235,@malibubeen Yg Noah aja keknya enak pas udah keliatan penggambarannya gini. Pas kemaren cuma namanya aja kayak ewh protein shake lagi.,Thu Sep 26 13:14:37 +0000 2024,,,855,0,0,1,in,protein shake enak,2026-05-13T14:42:18.521537,twitter
1839166982933066093,Minum protein shake dingin + es batu enak banget ya Allah,Thu Sep 26 04:55:53 +0000 2024,,,32,0,0,0,in,protein shake enak,2026-05-13T14:42:18.521538,twitter
1838964562705740280,"@noaiiism Kemarin resep chicken breast protein shake aja nyobain pada bilang enak, ga menutup kemungkinan kalo cuma protein doang banyak yang doyan sih 😭",Wed Sep 25 15:31:32 +0000 2024,,,418,0,0,0,in,protein shake enak,2026-05-13T14:42:18.521540,twitter
1837197798061813784,"@sk8erwon Hello, Kiel? Bener gak dipanggilnya gitu? Keren deh kamu minum protein shake dan aku tadi malam makan pake batagor... Gak sehat tapi enak. 😔",Fri Sep 20 18:31:03 +0000 2024,,,20,0,0,0,in,protein shake enak,2026-05-13T14:42:23.073819,twitter
1835988111521993131,Gawat protein shake mulai terasa enak,Tue Sep 17 10:24:11 +0000 2024,,,45,0,0,1,in,protein shake enak,2026-05-13T14:42:23.073835,twitter
1835223014067118246,"@aipokipok btuls pke dada ayam rebus buat protein shake WKSKWK AKU PUN TAK TAUUU ada yg bilang enak, ada yg trauma 😭😭😭 kalo dliat2 yg berhasil rasa pisang buah gtu sih",Sun Sep 15 07:43:58 +0000 2024,,,103,0,0,1,in,protein shake enak,2026-05-13T14:42:23.073838,twitter
1834927589116588138,protein shake kenapa gak ada yang enak😭😭😭😭😭,Sat Sep 14 12:10:03 +0000 2024,,,146,0,0,0,in,protein shake enak,2026-05-13T14:42:23.073840,twitter
1831314040855089217,"Beberapa hari lalu masuk kerja ga enak perasaan karna ada masalah di rumah, doi notice dan disuruh take it easy, dah gt dibikinin protein shake ktny siapatau bisa bikin moodnya lebih baik aowkaowk",Wed Sep 04 12:51:06 +0000 2024,,,1031,1,0,1,in,protein shake enak,2026-05-13T14:42:23.073842,twitter
1830516114616643919,Protein shake tirtir yg coklat enak bgt,Mon Sep 02 08:00:25 +0000 2024,,,694,0,0,0,in,protein shake enak,2026-05-13T14:42:23.073844,twitter
1823311131135578370,"@RiXRiX69420 Aku jg sempet pake yg vectorlabs enak bet nge pumpnya, cuma harganya lumayan sih buat mahasiswa. Menurut abang lebih krusial ini atau protein shake bang? Soalnya aku brenti creatine dan lanjut protein doang mucle growthnya gak secepet pas creatin doang",Tue Aug 13 10:50:23 +0000 2024,,,141,1,0,1,in,protein shake enak,2026-05-13T14:42:23.073846,twitter
1822436764604363069,"Day 1 nyobain tirtir protein shake, beneran enak ternyata 🤤🤤🤤 https://t.co/e9B9PNpinO",Sun Aug 11 00:55:58 +0000 2024,,,164,0,0,1,in,protein shake enak,2026-05-13T14:42:23.073848,twitter
1820241051929788753,"[240804] #EUNSEOK &amp; Sohee Weverse Live

🪨 Aku juga udah nyiapin protein shake! Sebenenarnya aku tidak berolahraga , jadi aku makan protein shake~ hmm, rasa yogurt enak banget! 

#EUNSEOK #은석 #ウンソク #RIIZE #라이즈 #SEOKSOTV https://t.co/se9WYNtDoo",Sun Aug 04 23:30:59 +0000 2024,,,4766,3,0,0,in,protein shake enak,2026-05-13T14:42:23.073849,twitter
1816079485265219663,Protein shake yg enak apa sihh,Wed Jul 24 11:54:25 +0000 2024,,,9034,0,0,1,in,protein shake enak,2026-05-13T14:42:23.073851,twitter
1815717862662906311,"@imyour_ve menurut aku ini murah dan gak nyiksa, soalnya aku gak yg harus puasa atau makan gak enak gitu, kecuali minum manis emang aku stop, terus gak keluar duit malah irit gak jajan, protein shake abis konser aku stop karna gaada targetnya, biar rutin olahraga aja. dumble 2 ganyampe 50k.",Tue Jul 23 11:57:27 +0000 2024,,,838,1,0,0,in,protein shake enak,2026-05-13T14:42:23.073853,twitter
1815324265492926623,Protein shake gk enak:(,Mon Jul 22 09:53:26 +0000 2024,,,1132,0,0,0,in,protein shake enak,2026-05-13T14:42:23.073855,twitter
1814323292142256157,"@wencod @NonaMaya222 Ada yang tablet ada yang kayak protein shake (lupa istilahnya).. yang tablet standar tapi ada yang ijo oren (kalo ga salah) itu maag aku sakit kali kalo abis konsumsi..
Kalo protein shakenya sejujurnya enak aja sih kak, cuma dia kalo botolnya ga langsung dicuci, baunya ampun",Fri Jul 19 15:35:56 +0000 2024,,,667,0,0,1,in,protein shake enak,2026-05-13T14:42:23.073857,twitter
1807957416480497735,"@LegacyOfEgo Kalau sebelum latihan pastinya nggak makan yang berat-berat, paling protein bar atau buah-buahan + protein shake. Sesudah latihan paling enak makan omuricenya Kotoha.",Tue Jul 02 02:00:12 +0000 2024,,,26,0,0,0,in,protein shake enak,2026-05-13T14:42:23.073859,twitter
1801819464524251623,"Natural protein shake😆👍
Surprisingly enak https://t.co/rTFyx8AgA8",Sat Jun 15 03:30:11 +0000 2024,,,57,0,0,1,en,protein shake enak,2026-05-13T14:42:23.073861,twitter
1801212327943151620,"🐰💭
130624 7:46-7:47PM KST

akhir-akhir ini, makasih buat PT hyung-ku

aku minum campuran kol/kubis, pisang sma protein shake rasa coklat

enak banget

kalo kamu bekuin pisang terus diblender

jadi smoothie",Thu Jun 13 11:17:38 +0000 2024,,,1514,4,1,0,in,protein shake enak,2026-05-13T14:42:23.073863,twitter
1799744529538699597,emang protein shake tuh nggak enak kah rasanya? soalnya yejun sampe kayak jadi anti banget sama protein shake 😭🤣,Sun Jun 09 10:05:08 +0000 2024,,,23,0,0,0,in,protein shake enak,2026-05-13T14:42:23.073865,twitter
1799424905022435732,besok kalo makan kwetiau keknya enak banget tapi aku udah beli protein shake 2 gelas buat makan besok 🥲,Sat Jun 08 12:55:03 +0000 2024,,,1219,0,0,0,in,protein shake enak,2026-05-13T14:42:23.073867,twitter
1798572770831552964,@naidvr engga. ini enak banget beneran. rasanya kayak protein shake punya *herba**fe*,Thu Jun 06 04:28:59 +0000 2024,,,316,0,0,0,in,protein shake enak,2026-05-13T14:42:23.073868,twitter
1798570823604941254,taste like protein shake that I’ve been drinking but it’s much much much better. enak banget 😭💖,Thu Jun 06 04:21:14 +0000 2024,,,316,1,0,0,en,protein shake enak,2026-05-13T14:42:23.073870,twitter
2054317959451976019,"Homemade beef bone carrots onions garlic dried rosemary oregano salt pepper roasted dandelion apples in crock pot 9hrs 
Then I blended with pure gelatin powder, carnivore Aurelia’s collagen peptide and naked whey protein 
(Health for healing bones ?!) 
Really smooth creamy BISQUE https://t.co/NEObNn1uAJ",Tue May 12 21:49:03 +0000 2026,,,1562,2,0,0,en,whey protein smooth,2026-05-13T14:42:37.295232,twitter
2053793558436692202,"TSA Tekk Strawberry Banana Whey is back in stock.

1kg pack  
70% Whey Isolate + 30% Whey Concentrate  
24g protein per scoop  
Sweetened with monk fruit + stevia

Smooth, fruity, easy to drink, and built for everyday protein consistency.

Order now: https://t.co/f7uzhyReUd https://t.co/UQLWpg6dyv",Mon May 11 11:05:16 +0000 2026,,,5098,6,1,1,en,whey protein smooth,2026-05-13T14:42:37.295247,twitter
2053480141976920337,"Fuel Your Inner Icon.

NOVATE Whey Protein Isolate
27.8g protein • Low sugar • Smooth chocolate

Built for everyday performance.

Shop now.
https://t.co/eOzguYE9SG https://t.co/uj6TZngiqw",Sun May 10 14:19:52 +0000 2026,,,0,1,0,0,en,whey protein smooth,2026-05-13T14:42:37.295250,twitter
2053096937482838246,"Finally tried the ✨Prime Whey Protein✨ from  and I'm impressed 🫶🏼 I've been using their ✨Real Whey Isolate✨ for months, so my expectations were high… and it did not disappoint! Smooth texture, amazing flavor and perfect for my daily routine 💪🏼 Use my... https://t.co/hijZAIYQTX",Sat May 09 12:57:09 +0000 2026,,,17,0,0,0,en,whey protein smooth,2026-05-13T14:42:37.295252,twitter
2053028615877714291,"this weeks snack: mini egg protein balls! 😮‍💨🫢

140 kcal per ball
6g P | 15g C | 7g F

Ingredients (for 23 balls)
180g oats
230g smooth peanut butter
100g mini eggs, crushed
60g  vanilla fit pro whey
150g clear honey

Method:
1. Add all of the ingred... https://t.co/C6HDuwFcA8",Sat May 09 08:25:40 +0000 2026,,,23,0,0,0,en,whey protein smooth,2026-05-13T14:42:37.295254,twitter
2052735883367854299,"💥 STRENGTH IN EVERY SCOOP 💥

XP Labs WheyXP &amp; ISOXP Grass-Fed Whey

💪 25g protein per scoop
🌱 Grass-fed whey formula
⚡ Smooth mixing &amp; great taste
🔥 Built for recovery and lean muscle support

🍦Available in many delicious flavours:

Because gains don’t build themselves. https://t.co/6eRte3rh76",Fri May 08 13:02:27 +0000 2026,,,1816,0,0,0,en,whey protein smooth,2026-05-13T14:42:37.295256,twitter
2052687247498154391,"🌿 Plant Protein  •  #1

Cosmix No-Nonsense Fermented Yeast Protein | 26 Protein/Serve, 500g Pouch | Malnad Arabica Coffee | Plant Protein as Smooth As Whey | PDCAAS of 1

₹999  ₹1,602  (38% off MRP)
📉 30-day low · ↓23% this week

🛒 https://t.co/pKBqaA1vXz",Fri May 08 09:49:11 +0000 2026,,,4,0,0,0,en,whey protein smooth,2026-05-13T14:42:37.295262,twitter
2052162701397307716,"My shaker's main squeeze: JNX SPORTS The Curse — Ultra Premium Whey Protein Vanilla Bean, 2lb, 25g protein per serve, whey isolate. Smooth brain fuel. $79.99 🥄✨ https://t.co/xcafXIbwOl https://t.co/8KWTclw7yr",Wed May 06 23:04:50 +0000 2026,,,619,0,0,0,en,whey protein smooth,2026-05-13T14:42:37.295264,twitter
2051711823528050764,"A simple, tasty, and convenient meal plan example to lose fat without hating your life 😋

🫐 PB &amp; Berry Smoothie
. 150g Frozen mixed berries
. 30g Whey protein
. 250ml Devondale extra light skim milk
. 15g Smooth peanut butter
. Handful of ice
📊 38g P... https://t.co/XVTuxmUXUz",Tue May 05 17:13:12 +0000 2026,,,4,0,0,0,en,whey protein smooth,2026-05-13T14:42:37.295266,twitter
2051698773299012043,"Clean, great-tasting protein made to support your goals without the extra junk. It mixes smooth, fuels recovery, and gives your body what it needs to perform and build lean muscle. Try A Better Whey for the best fuel. Shop it at https://t.co/VEl4swVvAE.

#proteinpowder https://t.co/ula376ILxe",Tue May 05 16:21:20 +0000 2026,,,78,0,0,0,en,whey protein smooth,2026-05-13T14:42:37.295268,twitter
2051690904943997204,"🏆 GOLD STANDARD WHEY 🏆
Optimum Nutrition 100% Whey Protein

Your daily foundation for muscle support:
🥤 24g high-quality protein per scoop
⚡ Fast-absorbing for recovery &amp; growth
🍫 Smooth, easy-mixing formula
🎯 Perfect for post-workout or anytime use

📦 1.5 LB | 22 SERVINGS https://t.co/SKOXvpIifv",Tue May 05 15:50:04 +0000 2026,,,1816,0,0,0,en,whey protein smooth,2026-05-13T14:42:37.295270,twitter
2050290018854256804,"Electric Portable Whey Protein Shaker Bottle — $40.26. One-button blending for smooth shakes, compact spill-resistant design fits gym bags/briefcases, easy-detach parts for thorough cleaning. Practical, reliable, perfect for daily nutrition. https://t.co/2fv2FcuhzM https://t.co/2y57cZ6ugr",Fri May 01 19:03:27 +0000 2026,,,12,0,0,0,en,whey protein smooth,2026-05-13T14:42:37.295271,twitter
2050258070148894768,"What Daniel's been eating to drop 15kg over the past 12 weeks!

🫐 Overnight PB &amp; Blueberry Protein Oats
. 60g quick oats
. 120g unsweetened almond milk (Almond Breeze)
. 30g whey protein
. 10g smooth peanut butter
. 60g blueberries
📊  451 Cals - 37g ... https://t.co/Xw4LgBByJv",Fri May 01 16:56:30 +0000 2026,,,4,0,0,0,en,whey protein smooth,2026-05-13T14:42:37.295273,twitter
2049868376357396670,"Retain those gains with 24g of protein in our NEW 💚 Green Gains Booster Mix'r. 💚 Blended with oat beverage, ginger, mangos, spinach, and vanilla whey protein for a smooth, refreshing boost that actually tastes as good as it works. 🥭🫚🍃💪🏻

#Boosterjuice #new #protein https://t.co/ZOKZSFPwEW",Thu Apr 30 15:08:00 +0000 2026,,,46469,2,1,0,en,whey protein smooth,2026-05-13T14:42:37.295275,twitter
2048990630949302586,"Serious training deserves serious fuel. 💪
At Peak Body, our whey protein range is crafted to lab-grade standards and put through real-world athlete testing. High-quality protein. Smooth mixability. Shop Now &gt;&gt; https://t.co/VFZTEHKjGI https://t.co/AZjQZB1uyM",Tue Apr 28 05:00:09 +0000 2026,,,514,1,0,0,en,whey protein smooth,2026-05-13T14:42:37.295277,twitter
2047963437372993626,"@FarziCricketer 1) Allmax nutrition iso whey 
2) OMG labs alpha

Allmax was my first ever whey protein supplement that I tried. Great taste, had small choco chips. That was years ago...don't know how it tastes now.

OMG labs - I've had the unflavoured one. Very smooth,super light &amp; had that

+",Sat Apr 25 08:58:27 +0000 2026,,,58,0,0,1,en,whey protein smooth,2026-05-13T14:42:37.295280,twitter
2047362596752212242,"NutriSport Whey Protein (Vanilla) £16.60 — Clean, fast-absorbing whey for recovery &amp; daily protein. Mix with water or milk for a smooth vanilla shake to help maintain lean muscle after training. Simple ingredients, reliable results. https://t.co/7Sqlz1mJE9 https://t.co/RKBRX8vJNp",Thu Apr 23 17:10:55 +0000 2026,,,7,0,0,0,en,whey protein smooth,2026-05-13T14:42:37.295282,twitter
2046998899110371772,"NutriSport Whey Protein (Chocolate) £16.60 — reliable post-workout recovery and muscle maintenance. Smooth, fast-dissolving chocolate flavour for shakes or smoothies. Ideal after training or between meals to boost daily protein intake. https://t.co/LlPiLtO0Cg https://t.co/ZuDzdcr15l",Wed Apr 22 17:05:43 +0000 2026,,,7,0,0,0,en,whey protein smooth,2026-05-13T14:42:37.295284,twitter
2046950446569246857,"Keep it simple, keep it consistent 

Whey Protein Vanilla gives you clean, easy protein to support muscle growth, recovery and everyday strength

Smooth taste, easy mix, no stress

Just fuel your body and let the results follow

#WheyProtein #VanillaProtein #MuscleGrowth https://t.co/cRiOTuBCuT",Wed Apr 22 13:53:11 +0000 2026,,,1864,0,0,0,en,whey protein smooth,2026-05-13T14:42:37.295286,twitter
2046672306601382273,"☀️🧊 Cold brew season is officially HERE… and this is how I’m getting my protein in 👇

Recipe  from @the_keto_dealer 

💁🏻‍♀️☕️ The secret to my daily 30g protein cold brew mochas?
Always using Marigold Protein Coffee 😮‍🔥

10g whey or dairy-free collagen protein per scoop
Almost https://t.co/zOXQPWQgej",Tue Apr 21 19:27:57 +0000 2026,,,7007,0,0,0,en,whey protein smooth,2026-05-13T14:42:37.295288,twitter
2046246473239597342,"Stop settling for chalky shakes. 🚫✋Our 2 NEW Protein Booster Mix'rs are here to support your gains and satisfy your cravings for something delicious.🏋️‍♂️🤸🏼

⚡Green Gains Booster Mix'r ( 24g Protein, 280 Cals) for the days when you want clean green sustenance - made with oat https://t.co/m5XPdgE1hq",Mon Apr 20 15:15:51 +0000 2026,,,46469,4,0,0,en,whey protein smooth,2026-05-13T14:42:40.618098,twitter
2046241922856149222,"🚨 MACRO TIMING FOR FAT LOSS: WHY MORNING CARBS &amp; PROTEIN IS THE WHEY, THE TRUTH &amp; THE LIGHT💡🚨

Most people chasing weight loss make the same old mistake because they follow the poor advice that has been the status quo for decades. They slash calories, spread their macros thin",Mon Apr 20 14:57:46 +0000 2026,,,15674,132,12,17,en,whey protein smooth,2026-05-13T14:42:40.618102,twitter
2046219975644381266,"High-Protein Red Velvet Cookie Dough Creami 🍦🍪

☑️ Macros (Entire Pint):
620 calories | 47g protein | 20g fat | 64g carbs

🍦 Ingredients (Base Mix):
— 2 scoops Legion Red Velvet Cake Whey+
— 7 oz unsweetened vanilla almond milk
— Small splash (~20 ml) Fairlife 2%
— 1 serving https://t.co/1VvzHlpOgh",Mon Apr 20 13:30:33 +0000 2026,,,27277,0,0,0,en,whey protein smooth,2026-05-13T14:42:40.618107,twitter
2045928851897757700,"ᝰ.ᐟ 𑁍ࠬܓ — a very smooth and easy to mix protein powder (works well for whey drip) with chocolate but a noticeable undertone of caramel

literally reminded me of Rolos ,, those chocolate pieces filled with gooey caramel but also very sickly sweet : ,3 https://t.co/OJlZSViNnz",Sun Apr 19 18:13:44 +0000 2026,,,5134,13,1,0,en,whey protein smooth,2026-05-13T14:42:40.618111,twitter
2045515410166972510,"🚨 LIVE TODAY at ShopRite of Medford – Aisle 4 🚨

Come try FREE Warrior Island Protein samples 💪

🔥 NEW Plant-Based Protein
➡️ Maple Vanilla (smooth, clean, incredible taste)

🔥 Whey Protein
➡️ Chocolate Peanut Butter
➡️ Cherry Vanilla

🔥 Collagen Protein
➡️ https://t.co/US40jnkDGX",Sat Apr 18 14:50:52 +0000 2026,,,1,0,0,0,en,whey protein smooth,2026-05-13T14:42:40.618115,twitter
2045132799611396169,"BREAKFAST WITH US 💪👇

Protein Oatmeal Bowl 🥣💪

☑️ Macros (Entire Bowl):
481 calories | 38g protein | 70g carbs | 8g fat | 16g fiber

🥣 Ingredients

Oatmeal Base
— Rolled oats
— Water or milk of choice
— 1 scoop Legion Dutch Chocolate Whey+ Protein

Toppings
— Fruit of choice https://t.co/JTrmH0s4kt",Fri Apr 17 13:30:30 +0000 2026,,,27277,0,0,0,en,whey protein smooth,2026-05-13T14:42:40.618119,twitter
2044982530408087615,"Optimum Nutrition Gold Standard 100% Whey Protein (Vanilla, 5 lb) – $68.99

Buy now 👉 https://t.co/8C5yitzlSg
 AFFILIATE LINK

💪 24g protein per scoop – supports muscle growth &amp; recovery
🧬 Whey isolate primary source – cleaner &amp; faster absorption
⚡ 5.5g BCAAs – helps reduce",Fri Apr 17 03:33:23 +0000 2026,,,431,0,0,0,en,whey protein smooth,2026-05-13T14:42:40.618123,twitter
2044976643425649086,"MuscleBlaze Beginner's Whey Protein (Chocolate, 500g) – ₹939

Buy now 👉 https://t.co/h1IRjMOyM2
 AFFILIATE LINK

💪 12g protein per scoop – good for beginners starting fitness
🍫 Chocolate flavour – smooth &amp; easy to drink
⚡ Fast absorption whey – supports muscle recovery
🏋️",Fri Apr 17 03:10:00 +0000 2026,,,2779,0,0,0,en,whey protein smooth,2026-05-13T14:42:40.618127,twitter
2043668072943255814,"🔥 ULTRA-CLEAN ISOLATE 🔥
💪 PRO•LINE ISO PLATINUM — ENGINEERED FOR STRENGTH

No fillers. No compromises. Just results:
🥛 Premium isolate protein for clean gains
💥 Sustained-release formula for better recovery
🔥 Smooth vanilla flavour
🇨🇦 Trusted by athletes who take it https://t.co/sZuhc51m25",Mon Apr 13 12:30:12 +0000 2026,,,1816,0,0,0,en,whey protein smooth,2026-05-13T14:42:40.618131,twitter
2043357687275229408,"I know several people that are on GLP1 agonists. And whilst, in the main, everyone I know using them hasn’t had side effects that weren’t tolerable, I still have concerns about the latest fad (I had friends that were injured from fen-phen last century).

Now, some of you might",Sun Apr 12 15:56:51 +0000 2026,,,2359,1,0,2,en,whey protein smooth,2026-05-13T14:42:40.618138,twitter
2043232911844077659,"Want better results from your workouts?

Upgrade your routine with 100% Whey Protein:
✔ Supports muscle growth
✔ Helps faster recovery
✔ Smooth chocolate flavor

Train harder. Recover smarter. https://t.co/Evqc12dfAy",Sun Apr 12 07:41:02 +0000 2026,,,1,0,0,0,en,whey protein smooth,2026-05-13T14:42:40.618141,twitter
2042966882609692960,"Brain food for biceps, now cozy—smooth vanilla vibes, 25g protein per scoop. Low-key gains with JNX SPORTS The Curse! Ultra Premium Whey Vanilla Bean 2lb | Whey Isolate | $79.99 #MUSCLEXXXSTORE https://t.co/xcafXIbwOl https://t.co/wg6QfWnhJL",Sat Apr 11 14:03:55 +0000 2026,,,619,0,0,0,en,whey protein smooth,2026-05-13T14:42:40.618145,twitter
2042714331033317833,"MEAL PREP SNACK HACK WITH US 💪👇

Featuring Legion Fam @prepwithdrew

High-Protein Ninja Creami Meal Prep 🍦

☑️ Macros (Per Pint):
250 calories | 45g protein | 17g carbs | 1g fat

🍦 Salted Caramel
— 400g Fairlife fat-free milk
— 1 scoop @legion Salted Caramel Whey+
— 2 tsp https://t.co/zZzePA5G1H",Fri Apr 10 21:20:22 +0000 2026,,,27277,1,0,0,en,whey protein smooth,2026-05-13T14:42:40.618149,twitter
2042022013041045561,"High-Protein Half Baked Creami 🍦🍪🍫

☑️ Macros (Entire Pint):
425 calories | 58g protein | 10g fat | 41g carbs

🍦 Ingredients:
— ~1¼ cups Fairlife fat-free milk (fill ~1 inch below MAX line)
— ½ scoop @legion Whey+ Vanilla Protein
— ½ scoop @legion Whey+ Cocoa Cereal Protein
— https://t.co/Og16M099ov",Wed Apr 08 23:29:21 +0000 2026,,,27277,0,0,0,en,whey protein smooth,2026-05-13T14:42:40.618152,twitter
2041884780103451098,"@askcoachboye Fair warning, it does take a bit of mixing to integrate the protein powder (I use grass-fed whey isolate) into the Greek yogurt but somehow, two grittier textured ingredients turn into a smooth silky texture. 

Blueberries are my favorite. Let me know when you try it!",Wed Apr 08 14:24:02 +0000 2026,,,710,1,0,1,en,whey protein smooth,2026-05-13T14:42:40.618156,twitter
2041606378750669142,"@mojeebeth Ingredients
• 4 cups full cream powdered milk
• 4 cups hot water
• 4 cups room temperature water
• Culture (powdered or your preferred Greek yogurt). Make sure any yogurt used has live cultures listed as an ingredient
• Sieve or cheesecloth
• Sugar, honey, or date syrup",Tue Apr 07 19:57:46 +0000 2026,,,11185,2,0,2,en,whey protein smooth,2026-05-13T14:42:40.618159,twitter
2041061323027386758,"06/04/2026
(Creamy) yogurt is a type of dairy product characterized by its rich,smooth,and thick texture. It is often high-fat or strained to remove the whey,giving it a rich,creamy consistency. It is an excellent source of protein,calcium,and probiotics beneficial for gut health",Mon Apr 06 07:51:55 +0000 2026,,,10,0,0,0,en,whey protein smooth,2026-05-13T14:42:40.618163,twitter
2040406531339112780,Cheer till the last ball with the smooth power of Amul Whey Protein on your side. Available on https://t.co/k5IY9t3vVu &amp; Amul Shop App. https://t.co/ij2hbeC3ix,Sat Apr 04 12:30:00 +0000 2026,,,371747,2,0,2,en,whey protein smooth,2026-05-13T14:42:43.961402,twitter
2040338838816518496,"Think plant-based protein can't match whey?

Taste, texture, and results have changed. Our latest blend delivers muscle-fuelling power with smooth consistency and great flavour. Trust the science, feel the difference.

Train with purpose. https://t.co/AoU1jCtk5y https://t.co/TCxrMMcfoj",Sat Apr 04 08:01:01 +0000 2026,,,1,0,0,0,en,whey protein smooth,2026-05-13T14:42:43.961417,twitter
2040055555402719402,"🥜 NEW FLAVOUR DROP 🥜
EHP Labs OxyWhey – Peanut Butter Puffs

💪 25g lean protein per serving
🔥 Low carbs. Zero trans fat
🥄 Dessert-level taste, gym-level results

⚡ Smooth, creamy peanut butter crunch flavour
🚀 Perfect for post-workout or anytime fuel

💥 ONLY $25 – LIMITED https://t.co/thiZsEAhWC",Fri Apr 03 13:15:21 +0000 2026,,,1816,0,0,0,en,whey protein smooth,2026-05-13T14:42:43.961420,twitter
2039968185425039865,"Want better results from your workouts?

Upgrade your routine with 100% Whey Protein:
✔ Supports muscle growth
✔ Helps faster recovery
✔ Smooth chocolate flavor

Train harder. Recover smarter. https://t.co/CrPjUT73yv",Fri Apr 03 07:28:10 +0000 2026,,,1,0,0,0,en,whey protein smooth,2026-05-13T14:42:43.961422,twitter
2039080382742552602,"High-Protein Chunky Monkey Creami 🍌🍫

☑️ Macros (Entire Pint):
250 calories | 37g protein | 6g fat | 28g carbs

🍦 Ingredients:
— 1 cup Fairlife fat-free milk (or almond milk)
— 1 scoop @legion Banana Bread Whey+ Protein
— ½ banana
— 1 tbsp peanut butter

Blend until smooth → https://t.co/9Sn4FGuo5v",Tue Mar 31 20:40:22 +0000 2026,,,27277,0,0,0,en,whey protein smooth,2026-05-13T14:42:43.961424,twitter
2039071129143234913,"Conquistador Whey Natural Protein — Salted Caramel. 2 lbs of premium protein to support muscle recovery and daily goals. Smooth mixing, balanced flavor for shakes &amp; recipes. Grab yours now for $44.99. https://t.co/YWDhFCrjhK https://t.co/na6psqdwGh",Tue Mar 31 20:03:35 +0000 2026,,,6,0,0,0,en,whey protein smooth,2026-05-13T14:42:43.961425,twitter
2039043813990355231,"I think many of you don't actually realize what 4,000 calories are...

Breakfast:
- 150g rolled oats (dry weight)
- 1 scoop whey protein
- 1 large banana
- 30g peanut butter

Stats: ~850 kcal | 45g protein | 110g carbs

Mid-morning snack:
- 3 eggs
- 2 slices whole-grain toast
- 1 https://t.co/NSi2ciBMzK",Tue Mar 31 18:15:03 +0000 2026,,,61468,39,2,9,en,whey protein smooth,2026-05-13T14:42:43.961427,twitter
2039005132818448460,"💪 My daily powerhouse 50g Spinach Fruit Protein Shake!

This is my go-to morning fuel that keeps me energized, supports recovery, and helps hit my protein goals without the bloat.
✅ Greek yogurt (creamy protein base)
✅ Frozen fruit (natural sweetness + antioxidants)
✅ 50g https://t.co/SOuvrKUCNu",Tue Mar 31 15:41:21 +0000 2026,,,55122,12,0,1,en,whey protein smooth,2026-05-13T14:42:43.961429,twitter
2038243583480754400,"Muscle Feast Whey Concentrate keeps it simple: real protein, naturally occurring nutrients, no unnecessary extras. 🥛

Clean taste, smooth mix, and a label that reflects what’s actually inside.

No fluff. Just protein that makes sense. 💪

#Protein #WheyProtein #WheyConcentrate https://t.co/68kU6r1Rqj",Sun Mar 29 13:15:13 +0000 2026,,,643,0,0,0,en,whey protein smooth,2026-05-13T14:42:43.961431,twitter
2037286055821606977,"WEEKEND TREAT MODE: ON 🍓🍌🍫

If your weekend snacks still feel like a trade-off… we’re fixing that real quick 😏 Recipe by @debsnourishedkitchen 

These frozen yogurt cups hit that perfect balance:
👉 creamy
👉 crunchy
👉 naturally sweet
👉 actually filling

No sugar crash. No https://t.co/KscJLIknx9",Thu Mar 26 21:50:21 +0000 2026,,,7007,0,0,0,en,whey protein smooth,2026-05-13T14:42:43.961433,twitter
2036550832548626922,"Promised: a cheap handheld frother beats lumps in protein shakes and even handles collagen, whey, and hot cocoa with ease. Five to ten seconds to a smooth mix, minimal cleanup. Learn how I tested it and why you should try it too https://t.co/ZDpGt8zPaf
https://t.co/ZDpGt8zPaf",Tue Mar 24 21:08:50 +0000 2026,,,776,0,0,0,en,whey protein smooth,2026-05-13T14:42:43.961435,twitter
2036415204301611010,"Nothing like some chocolaty, gooey, protein-rich brownies 

Preparation time: 35 minutes

2 ripe bananas
2 eggs
1 and half scoop Chocolate Whey
1 tb spoon oats flour 
5 gm Baking Powder
Vanilla Essence 
Dark Chocolate Chips 
Splash of milk

Mix everything until you get a smooth https://t.co/QGMAatodIQ",Tue Mar 24 12:09:54 +0000 2026,,,978,7,2,2,en,whey protein smooth,2026-05-13T14:42:43.961437,twitter
2035750157598220745,"Whey Armor Protein — Chocolate Peanut Butter, 2lb for $44.99. Premium whey that mixes smooth, supports muscle recovery with a measured protein profile. Convenient, reliable fuel for your structured nutrition plan. https://t.co/jpej6X1MXF https://t.co/4WMZPtNSc2",Sun Mar 22 16:07:14 +0000 2026,,,6,0,0,0,en,whey protein smooth,2026-05-13T14:42:43.961439,twitter
2034959552702300514,"Just smooth, rich taste and fast absorption to power your gains, recovery, and endurance.
Because real results deserve real nutrition.

[divine nutrition, whey isolate, protein powder, lean muscle, gym supplements, high protein, clean nutrition, muscle recovery, fitness fuel ] https://t.co/h4uXBcTqsB",Fri Mar 20 11:45:39 +0000 2026,,,3,0,1,0,en,whey protein smooth,2026-05-13T14:42:43.961441,twitter
2034681956877697328,NutriSport Whey Protein (Vanilla) — £16.60. Smooth natural vanilla that mixes cleanly for a reliable post‑training or between‑meal protein boost. Supports muscle repair and daily protein targets with minimal fuss. https://t.co/7Sqlz1mJE9 https://t.co/jApLGnu4TZ,Thu Mar 19 17:22:35 +0000 2026,,,7,0,0,0,en,whey protein smooth,2026-05-13T14:42:43.961442,twitter
2034646916680606043,"@bigbodybitch55 @chris515_ @jennwilliams23 That chalky texture usually comes from isolates and fillers used to hit a protein number. That's All Protein uses Grass-Fed Whey Protein + real ingredients like organic dates and nuts — no fillers holding it together, so the texture is actually smooth.",Thu Mar 19 15:03:21 +0000 2026,,,6,0,0,1,en,whey protein smooth,2026-05-13T14:42:43.961444,twitter
2033955407690141959,"Prompt 1: 

Subject: A dramatic explosion of chocolate whey protein powder surrounding a premium protein supplement jar positioned in the center. The moment captures powder dispersing as if freshly scooped during a workout shake preparation.  

Composition: Extreme macro",Tue Mar 17 17:15:32 +0000 2026,,,4,0,0,1,en,whey protein smooth,2026-05-13T14:42:43.961446,twitter
2032867561117720813,"Sip a soft vanilla flex—gym brain fuel for real moves ✨💪 Pure Whey Protein Powder: Vanilla, 23g protein &amp; 5g BCAAs per scoop, low sugar, supports muscle growth &amp; repair, smooth mix, vegetarian, 1kg. https://t.co/B9UPVEsKHb https://t.co/nsOXL9X7dP",Sat Mar 14 17:12:50 +0000 2026,,,0,0,0,0,en,whey protein smooth,2026-05-13T14:42:43.961448,twitter
2032199281529213211,"Sweet tooth 🤝 protein goals.

These Chocolate-Dipped Protein Strawberries are the perfect little upgrade when you want something sweet… but still want to stay on track. Made with @marigoldfoodstx small-batch, grass-fed whey — no gums, no fillers, no weird junk. Just real https://t.co/d2tuL1SyfE",Thu Mar 12 20:57:19 +0000 2026,,,7007,0,0,0,en,whey protein smooth,2026-05-13T14:42:43.961450,twitter
2032125533983494431,"Whey Armor 100% Isolate Vanilla Milkshake 1lb — $34.99. Fast‑absorbing isolate for muscle recovery &amp; lean maintenance. Smooth, balanced vanilla (not too sweet), mixes easily in water or milk. Perfect post‑workout or daily protein. https://t.co/7xGaFvc17z https://t.co/HmppExCgTB",Thu Mar 12 16:04:17 +0000 2026,,,6,0,0,0,en,whey protein smooth,2026-05-13T14:42:43.961451,twitter
2032110270135300422,"Prediabetes-friendly protein pancakes that actually stay soft &amp; moist 💪🥞

 3/4 cup Bob's Red Mill super-fine almond flour 1 scoop protein powder (whey can dry them out — I use medium-low heat + watch edges)
 2 large eggs
 6 tbsp unsweetened almond milk 1 tsp baking powder 
1 https://t.co/gpDLFEdCHd",Thu Mar 12 15:03:37 +0000 2026,,,3292,17,1,6,en,whey protein smooth,2026-05-13T14:42:47.258224,twitter
2031355156994891949,"Luker Chocolate has unveiled its Chocolate with Whey Protein. The latest creation, which delivers 5 g of protein per 30 g serving, has been developed to support protein-forward applications while maintaining a smooth sensory profile, the company says https://t.co/7mFrTmzDIG https://t.co/BNmCDgg5iV",Tue Mar 10 13:03:04 +0000 2026,,,4566,0,0,0,en,whey protein smooth,2026-05-13T14:42:47.258251,twitter
2031038761497178193,"Whey Armor 100% Isolate — Unflavored 1lb protein for clean muscle recovery and daily protein needs. No fillers, no added taste. Smooth mixes with water or smoothies. Personalize your flavor. $34.99. https://t.co/sWBkhHbsut https://t.co/KPCf5fpmsJ",Mon Mar 09 16:05:50 +0000 2026,,,6,0,0,0,en,whey protein smooth,2026-05-13T14:42:47.258254,twitter
2029966877913440381,"Need clean, fast protein that actually helps recovery? Advanced 100% Whey Isolate (Chocolate) mixes smooth, digests fast, and fuels muscle repair after heavy sets. Mix with water or milk post-workout. Tag a training partner who needs better recovery. https://t.co/oU2IKtReDT https://t.co/frVsNhw6VR",Fri Mar 06 17:06:33 +0000 2026,,,6,0,0,0,en,whey protein smooth,2026-05-13T14:42:47.258270,twitter
2029059895035597274,"If protein shakes bloat you or taste fake, try this. I ran a 7 day clean whey ritual: 1 scoop, smooth vanilla, 25g protein, low sugar, stevia sweetened. Post workout or anytime Go to https://t.co/8Nb6yMm3MB and search Pure3 Whey Isolate now. #protein #whey #muscle #fitness https://t.co/2wtxKriqCY",Wed Mar 04 05:02:31 +0000 2026,,,40,0,0,0,en,whey protein smooth,2026-05-13T14:42:47.258273,twitter
2028922485911982550,"Throw Back 1990s 💪

Back in the late 80s and early 90s, when bodybuilding was exploding, Weider dropped a product that a lot of serious lifters swore by.

It was called Dynamic Muscle Builder — one of the very first high-protein powders that regular guys could actually get their https://t.co/VwCRhGIiEM",Tue Mar 03 19:56:30 +0000 2026,,,3,1,0,0,en,whey protein smooth,2026-05-13T14:42:47.258277,twitter
2028921212634599891,"🔥 Fuel your gains with WalkOn Nutrition Elevate Whey Isolate (Vanilla &amp; Chocolate)— rich, creamy flavor meets high-quality whey isolate to support muscle recovery &amp; growth. 💪

✨ 22g of pure protein per scoop
🥛 Smooth, delicious taste https://t.co/4CQJ4Oh2a1",Tue Mar 03 19:51:27 +0000 2026,,,12,1,0,0,en,whey protein smooth,2026-05-13T14:42:47.258279,twitter
2028141857994060077,"High-Protein Sour Cream Cake

Ingredients:
•2 cups sour cream
•2 cups cottage cheese
•4–5 tablespoons whey protein powder
•4–5 eggs

Instructions:
1.Preheat oven to 385°F (196°C).
2.Blend sour cream, cottage cheese, whey protein powder, and eggs until smooth.
3.Pour the",Sun Mar 01 16:14:34 +0000 2026,,,2076,40,1,7,en,whey protein smooth,2026-05-13T14:42:47.258282,twitter
2028116114622812192,"🔥 FUEL THE GRIND 🔥

BSN SYNTHA-6
Protein Matrix

💪 22g Protein Per Serving
🍫 Rich Chocolate Flavour
🔥 Smooth, Creamy, Powerful

BUY NOW
ONLY $89.99

Built for lifters.
Perfect for bulk season.
Ideal for post-workout recovery.

Serious flavour. Serious gains.
Shop now at https://t.co/fxZSV5GXbZ",Sun Mar 01 14:32:16 +0000 2026,,,1816,1,0,0,en,whey protein smooth,2026-05-13T14:42:47.258284,twitter
2027628593455464751,"Serious training deserves serious fuel. 💪
At Peak Body, our whey protein range is crafted to lab-grade standards and put through real-world athlete testing. High-quality protein. Smooth mixability. Shop Now &gt;&gt; https://t.co/MUydJKLa9B https://t.co/L54L4Gn5F1",Sat Feb 28 06:15:02 +0000 2026,,,514,1,0,0,en,whey protein smooth,2026-05-13T14:42:47.258287,twitter
2027457509070381511,"🔥 BACK IN STOCK 🔥

MUTANT WHEY
💪 High-Quality Protein
🔥 Muscle Building Support
🥤 Smooth Mixing, Big Flavour

NOW $139.99

Whether you’re bulking, rebuilding, or just refusing to skip leg day… this is the fuel.
Stock doesn’t sit long.

Grab now at https://t.co/z1wrsmM3Ia https://t.co/CxY7RbCjze",Fri Feb 27 18:55:13 +0000 2026,,,1816,0,0,0,en,whey protein smooth,2026-05-13T14:42:47.258290,twitter
2027378773373649328,"@Sanatan_dive Finished this yesterday. If you can handle unflavoured whey, this is great, passes all the tests and is clean and smooth, mixes well, no bloating. 🎉
I add a satchet of Instant coffee to make it my morning cold coffee protein shake. https://t.co/FZCsfC0Etr",Fri Feb 27 13:42:21 +0000 2026,,,223,4,0,1,en,whey protein smooth,2026-05-13T14:42:47.258292,twitter
2026618106513338782,"Power your day with clean, high-quality whey protein. Enjoy 25g protein per serving with a smooth, delicious taste and zero added sugar. Pick your favorite – Chocolate Mocha or Kesar Badam. Perfect for your active lifestyle.

Shop now: https://t.co/iKCWOxE2b1

#FitSupport https://t.co/ZFyO0B8202",Wed Feb 25 11:19:43 +0000 2026,,,2,0,0,0,en,whey protein smooth,2026-05-13T14:42:47.258304,twitter
2026259062976118924,"BioTechUSA Iso Whey Zero is a high-quality whey protein isolate that supports lean muscle growth and recovery. It’s lactose-, gluten-, and sugar-free, offering fast absorption and a clean, smooth mix ideal for athletes and fitness enthusiasts! https://t.co/HfInyD8C4Y",Tue Feb 24 11:33:01 +0000 2026,,,3,0,0,0,en,whey protein smooth,2026-05-13T14:42:47.258308,twitter
2025953598555746808,I often leave my protein water (it’s a real product and I drink it intra-workout to get a smooth extra 20 grams in without the bloated feeling of whey) in my car without regard for the overnight temperature then I’m puzzled when it’s all frozen. https://t.co/XMSekSfnp8,Mon Feb 23 15:19:12 +0000 2026,,,2136,0,0,1,en,whey protein smooth,2026-05-13T14:42:47.258313,twitter
2025325209096466797,"Whey protein powder is not good in coffee - its clumpy and adds a grainy texture that ruins your entire morning

Our beef protein powder blends in smooth to any warm beverage adding nourishing natural protein and glycine https://t.co/2ZJEVI0GKM",Sat Feb 21 21:42:13 +0000 2026,,,7455,10,1,2,en,whey protein smooth,2026-05-13T14:42:47.258316,twitter
2025209291322376626,"Comment DM and I will send you the link ☕ The best deal on my go-to protein coffee is live right now! This isn’t your average iced coffee — it’s protein-packed, smooth, and made with 100% Arabica beans + premium whey protein for that creamy café flavor with a real caffeine kick. https://t.co/NmS13tN5h7",Sat Feb 21 14:01:36 +0000 2026,,,29,0,0,0,en,whey protein smooth,2026-05-13T14:42:47.258320,twitter
2024432785931587832,"Protein Balls With Oats
Ingredients:

Rolling oats, 1 1/2 cups

Vanilla whey protein powder in a half-cup (about 2 scoops)

1/2 teaspoon cinnamon

a tbsp of chia seeds

1/8 cup natural, smooth peanut butter (or any nut butter)

THREE tbsp. raw honey

Vanilla extract, ONE teaspoon https://t.co/BYAXK0zaLs",Thu Feb 19 10:36:02 +0000 2026,,,601,1,1,0,en,whey protein smooth,2026-05-13T14:42:47.258323,twitter
2024242043011396053,"@floattoolci @thebilliono3 @Theoladeledada Stupid ass! As if ancestors are the metric for human anatomical function. Even your meat/flesh-loving ancestors who have the genetic propensity for meat didn't eat chemically-saturated meat or cooked meat.

Your ancestors didn't eat all the toxic chemicals you idiots willfully",Wed Feb 18 21:58:06 +0000 2026,,,50270,0,0,1,en,whey protein smooth,2026-05-13T14:42:47.258325,twitter
2024240979012964465,"@alexflex_80 @thebilliono3 @Theoladeledada I only became plant-based after discovering:

Meat Dangers: Pus, worms, parasites, steroids (BGH), antibiotics, sodium nitrate, sodium nitrite, HAs (heterocyclic amines), PAHs (polycyclic aromatic hydrocarbons), phosphates, sodium erythorbate, dextrose, corn syrup, liquid smoke,",Wed Feb 18 21:53:52 +0000 2026,,,50270,0,0,2,en,whey protein smooth,2026-05-13T14:42:47.258328,twitter
2023776404823789850,"🥤💪 Smoothie to Support Male Hormones &amp; Testosterone

Built to support testosterone signaling, muscle recovery, inflammation control, and metabolic health.

Ingredients (1 serving):
• Unsweetened almond milk or whole milk – 1 cup
• Frozen blueberries or mixed berries – ½ cup",Tue Feb 17 15:07:49 +0000 2026,,,0,0,0,0,en,whey protein smooth,2026-05-13T14:42:50.431914,twitter
2023534236058136908,"Quiet flex: French Vanilla Nutricost Organic Whey (2lb) — smooth, calming mornings. Gluten-free, Non-GMO. Protein that tastes like a peaceful start. $110 🥛✨ https://t.co/52o0x8XnHz https://t.co/SDl0nG7sEB",Mon Feb 16 23:05:31 +0000 2026,,,619,0,0,0,en,whey protein smooth,2026-05-13T14:42:50.431976,twitter
2023524089852199076,"2 weeks of progress running an aggressive front loaded cut.

Cardio and steps are WAY up, calories are WAY down. Hunger is there, but manageable for now.

I’m essentially running a Lyle McDonald RFL-style approach, very low carb and very low fat, with targeted intra-workout carbs https://t.co/298lpBik72",Mon Feb 16 22:25:12 +0000 2026,,,2611,9,1,2,en,whey protein smooth,2026-05-13T14:42:50.431980,twitter
2023423190052344102,"💪 VELOMIX 28oz Protein Shaker Bottle (2 Pack) 
#ad #affiliate

Perfect protein shakes anytime — smooth mixing &amp; zero leaks!

✔ 28oz large capacity shaker bottles
✔ Wire whisk for smooth protein mixing
✔ Leak-proof &amp; durable design
✔ Perfect for gym, pre-workout &amp; daily use",Mon Feb 16 15:44:16 +0000 2026,,,431,0,0,0,en,whey protein smooth,2026-05-13T14:42:50.431983,twitter
2023409652088680804,"🤧 IMMUNE-BOOSTING SMOOTHIE FOR URI / VIRAL SYNDROME

Congestion, sore throat, cough, fatigue? This anti-viral, anti-inflammatory smoothie is easy to digest and perfect when you don’t feel like eating.

URI IMMUNE SMOOTHIE RECIPE:

• 1 cup unsweetened almond milk or coconut",Mon Feb 16 14:50:28 +0000 2026,,,0,0,0,0,en,whey protein smooth,2026-05-13T14:42:50.431986,twitter
2023252635927896176,"@Shadaya_Knight ""There's an agenda against meat being pushed."" This is true, very true. 

""Cows are contributing to global climate with their emissions""  False! This is BS!

""Pork is dirty, it contains bacteria""  True! Pork is the filthiest of meat sources, saturated with parasites and worms",Mon Feb 16 04:26:33 +0000 2026,,,50270,30,3,0,en,whey protein smooth,2026-05-13T14:42:50.431988,twitter
2022166065057607793,"Clear whey protein &gt; regular shakes? 👀

Tropical Punch flavor actually refreshing 🔥

Light. Smooth. No heavy feeling.

#Fitness #Protein #GymLife

BUY YOURS👇https://t.co/NP2cVHzN0p",Fri Feb 13 04:28:54 +0000 2026,,,28,0,0,0,en,whey protein smooth,2026-05-13T14:42:50.431991,twitter
2021896946617921867,"Get it: https://t.co/7YlVLV8pyn Just tried the Animal 100% Whey Cold Brew Latte flavour—tastes exactly like a Starbucks caramel latte macchiato. Gives me energy, no crash. Twenty grams protein, wakes me up, keeps me full. Comes with a shaker cup—mixes smooth. I wouldn't recommend https://t.co/w7V46VhYhw",Thu Feb 12 10:39:31 +0000 2026,,,1115,1,0,0,en,whey protein smooth,2026-05-13T14:42:50.431993,twitter
2021894793933226252,"@coookwithchris The real underlying problem: Busy professionals want a quick, high-protein morning coffee that supports muscle maintenance/recovery without gut issues or crashes.

Misconception correction: Raw milk doesn't preserve lactase or meaningfully improve lactose digestion (Stanford RCT",Thu Feb 12 10:30:58 +0000 2026,,,377,1,0,1,en,whey protein smooth,2026-05-13T14:42:50.431996,twitter
2021752919528485009,"PHORMULA-1 CLEAR 🍇
Clear whey protein isolate that drinks like juice.
Light, smooth, and perfect after training.

#Protein #GymLife #Fitness

BUY YOURS👇https://t.co/ocNVi3XNgk",Thu Feb 12 01:07:13 +0000 2026,,,28,0,0,0,en,whey protein smooth,2026-05-13T14:42:50.432001,twitter
2021314812727177434,Fast-absorbing Whey Armor 100% Isolate – smooth cappuccino flavor delivers targeted amino acids for efficient muscle repair. Ideal post-workout or daily protein. 1lb for muscle recovery — $34.99. https://t.co/3LlAEALjtS https://t.co/fnfurZa199,Tue Feb 10 20:06:20 +0000 2026,,,6,0,0,0,en,whey protein smooth,2026-05-13T14:42:50.432003,twitter
2020969012327481519,"What Makes Level-1 Different?

We put incredible care and effort into crafting Level-1's premium formula ... using advanced processing methods and maintaining our unwavering commitment to quality. It's a convenient, high-quality protein source that can fit perfectly into your https://t.co/kC7R5wkGAW",Mon Feb 09 21:12:14 +0000 2026,,,1053,0,0,0,en,whey protein smooth,2026-05-13T14:42:50.432005,twitter
2020921242350506308,"Sick of chalky shakes that clump?

I tested BioSteel 100% Whey —1 scoop, stirred with a spoon.

24g protein, 110 cals, NSF Certified Sport.

Smooth vanilla, not too sweet, almost no clumps.

What should I compare it to next?

I got it here: https://t.co/94IsXM695E https://t.co/e09S7MVZTo",Mon Feb 09 18:02:25 +0000 2026,,,11,0,0,0,en,whey protein smooth,2026-05-13T14:42:50.432012,twitter
2020476228931592391,"Today I’ve got an alcohol-free cocktail for a healthy lifestyle and for gym lovers 💪🥤

🧊⚡ Jungle Fuel Iced Shot

ice + shake = instant energy ritual

Hot espresso × cold ice × quick shake
= smooth texture, fast protein dissolve, zero clumps ☕️💪

INGREDIENTS:
• 1× double https://t.co/FvqjaMcwP0",Sun Feb 08 12:34:06 +0000 2026,,,4644,8,2,5,en,whey protein smooth,2026-05-13T14:42:50.432022,twitter
2020428976091775461,"Heard real estate is slowing down. Developers are still selling “luxury”. Boring. 

They need to sell “health”. Rename the dining room to the 'keto zone', fortify the walls with whey protein isolate, make the plumbing as smooth as your gut is supposed to be, install smart locks",Sun Feb 08 09:26:20 +0000 2026,,,3499,3,0,0,en,whey protein smooth,2026-05-13T14:42:50.432027,twitter
2020101323539063232,"Fuel your gains with Optimum Nutrition Gold Standard 100% Whey – Banana Cream 🍌💪

✔️ 24g protein
✔️ 5g BCAAs
✔️ Gluten Free
✔️ Smooth mix, great taste
Perfect pre/post workout.
Shop here 👇
 https://t.co/kw1N4hdRvG #ad #affiliate 

#wheyprotein #gym #health #protein #GymLife",Sat Feb 07 11:44:21 +0000 2026,,,431,0,0,0,en,whey protein smooth,2026-05-13T14:42:50.432032,twitter
2019723854025797895,"Strong doesn’t have to be complicated. 🍫💪

Warrior Whey Double Chocolate — clean protein, smooth taste, and an easy win after training. Mix, drink, recover, repeat. ⚡️

#warriorsupps #thetimeisnow #creatine https://t.co/VclTAERdDm",Fri Feb 06 10:44:26 +0000 2026,,,3882,0,0,0,en,whey protein smooth,2026-05-13T14:42:50.432036,twitter
2018876428746637724,"We put XS Mixed Whey Protein Isolate to the ultimate test: a blind taste test-and the reactions say it all:

🧠 Smooth. No chalky aftertaste. Surprisingly clean.
💪 But the real kicker?
✅ 25g protein per serving https://t.co/guPYLJI8L1",Wed Feb 04 02:37:04 +0000 2026,,,3,1,0,0,en,whey protein smooth,2026-05-13T14:42:50.432038,twitter
2018810997226758223,"Hydrate, repair, and glow in one scoop. 💧✨

20g of clear whey isolate + 10g grass‑fed collagen + 5 key electrolytes = refreshing, high‑protein hydration without the heavy shake vibes. 

Probiotics, prebiotics, and enzymes are built in to help keep bloat down and digestion",Tue Feb 03 22:17:04 +0000 2026,,,24,0,0,0,en,whey protein smooth,2026-05-13T14:42:50.432041,twitter
2018777973353046478,"Conquistador Chocolate Whey Protein — Delicious Milkshake flavor, 2lb for $44.99. Smooth, reliable protein to support recovery and daily goals. Easy-mixing, great in shakes or recipes. https://t.co/QeERK3Sl1g https://t.co/Nwvzpf75ZJ",Tue Feb 03 20:05:50 +0000 2026,,,6,0,0,0,en,whey protein smooth,2026-05-13T14:42:50.432044,twitter
2054274965613023361,"When making a protein shake, it is important that you do not add both coffee AND bananas.

You will create a fast acting laxative. Not recommended.",Tue May 12 18:58:13 +0000 2026,,,9901,14,0,3,en,protein shake recommended,2026-05-13T14:43:03.220505,twitter
2051093197275672882,"Protein shake for breakfast
Extra mixing, playlist recommended
Boobie traps, shrapnels and treasure chests I tape the deck with
Ablation method, ate my way into the black bourgeois
Counting on nobody, just counting",Mon May 04 00:15:00 +0000 2026,,,434,10,0,0,en,protein shake recommended,2026-05-13T14:43:03.220545,twitter
2046778324924428397,The protein shake fighting with the electrolyte packet in my stomach right now isn't recommended.,Wed Apr 22 02:29:14 +0000 2026,,,7250,3,0,1,en,protein shake recommended,2026-05-13T14:43:03.220551,twitter
2045993114092056998,"@MrsMassacre @crismiller12 Ever tried DSMO ?

Heard some good stories for some people 

Has some mild side effects 

Never needed it or tried

If my 77 year old ass's arthritis gets too much more painful, I ""might"" try it

I would avoid NSAID 100%

Has some history of screwing up your kidneys

My wife's",Sun Apr 19 22:29:05 +0000 2026,,,157,0,0,0,en,protein shake recommended,2026-05-13T14:43:03.220559,twitter
2045145736329802017,"Chloe has been feeling tired.

Not terribly tired. Just a background tiredness that has been there for about eight months and which she has attributed to capitalism.

Her nutritionist suggested she might need more protein. Chloe agreed. The nutritionist recommended a plant-based https://t.co/ECfYsY5OJv",Fri Apr 17 14:21:55 +0000 2026,,,147376,704,80,23,en,protein shake recommended,2026-05-13T14:43:03.220561,twitter
2044418429826822332,"Lucille closed a multimillion-dollar funding round led by IRIS Ventures. New Fare Partners and Able Partners also participated in the round.

Founded in 2025 by HBS and KKR alum Jess Haghani, Lucille aims to disrupt senior nutrition with its high-protein, high-fiber shake range. https://t.co/06qV71o1pd",Wed Apr 15 14:11:51 +0000 2026,,,12623,19,0,2,en,protein shake recommended,2026-05-13T14:43:03.220563,twitter
2043198745932652914,"Today's sports nutrition (40 grams of protein in a shake, 1/6 of the daily recommended intake) https://t.co/Mgu48W7m6M",Sun Apr 12 05:25:16 +0000 2026,,,2079,29,0,6,en,protein shake recommended,2026-05-13T14:43:03.220565,twitter
2043014656457850998,"@GregoryMaysMD @masa250tr1 Also trying to keep my carbs under 40g but a Glucerna protein shake (recommended by PCP) has 16g all by itself. Half an English muffin has 15, and a single serving of Almonds has 5.",Sat Apr 11 17:13:46 +0000 2026,,,193,1,0,1,en,protein shake recommended,2026-05-13T14:43:03.220568,twitter
2042729971454742678,"@Kathy20221 @Nutmegbunny9 I've been trying to get more protein for my upcoming surgery (spine fusion), recommended by the hospital nutritionist. I've been drinking a whey protein shake from powder. That's another idea to utilize the whey. Good luck. As a Midwestern girl, I cannot get enough 🧀 either. 😂",Fri Apr 10 22:22:31 +0000 2026,,,1251,1,0,1,en,protein shake recommended,2026-05-13T14:43:03.220571,twitter
2038942067015999711,"Raw eggs and milk in the evening is a cheatcode for deep, regenerative sleep. 
 
Raw eggs provide tryptophan, the direct precursor to serotonin and then melatonin, the hormone your pineal gland produces at night to initiate and sustain deep sleep. 

Raw milk directly helps https://t.co/Su32vWLaY6",Tue Mar 31 11:30:45 +0000 2026,,,696,3,0,0,en,protein shake recommended,2026-05-13T14:43:03.220574,twitter
2037966574095860031,"@alyce_ge @CoachDanGo Same here, I can’t do that yogurt dish he recommended. 

I add to my protein shake. It does fill you up for longer &amp; morning washroom trips have definitely improved! 😂",Sat Mar 28 18:54:29 +0000 2026,,,80,0,0,1,en,protein shake recommended,2026-05-13T14:43:03.220576,twitter
2036316854445056440,"Protein! One has to eat more protein if active doing something like weight training. One has to eat more protein when getting older too. Recommended levels are 1.2 to 1.6 grams per kilo of body weight. Well, doing six hours of weights in the gym each week and with a pension https://t.co/tOTtAPLcQu",Tue Mar 24 05:39:05 +0000 2026,,,14181,28,0,2,en,protein shake recommended,2026-05-13T14:43:03.220583,twitter
2035172282499572012,"@MJDailyAI If interested: Cardiologist Jack Wolfson explicitly states he does not follow mainstream guidelines (which typically recommend high-dose statins, PCSK9 inhibitors, or other meds for FH) and advises consulting your MD before changing approaches.This contrasts sharply with standard",Sat Mar 21 01:50:58 +0000 2026,,,699,4,0,0,en,protein shake recommended,2026-05-13T14:43:03.220585,twitter
2033711151234838558,"#SF9 #Dawon Instagram live summary, 260316. Watch here: https://t.co/ewf5nOAcHQ

He started by saying hello and answering some comments in the chat: it's cold today (he's been cold too), thanks for saying he's pretty, his make-up's pretty, etc. Someone said ""I'm a male fan of https://t.co/wOYFGlhrpC",Tue Mar 17 01:04:57 +0000 2026,,,762,38,12,1,en,protein shake recommended,2026-05-13T14:43:03.220587,twitter
2032477874612306167,"What’s the best peptide I can take to lose fat and gain muscle?

The answer is, it’s not a peptide. It’s called executing the BASICS.

1) RELENTLESS CONSISTENCY for weeks to months to years. Stack the small wins.
2) move and train like you actually want it: &gt;7k steps/d, 90+ min",Fri Mar 13 15:24:21 +0000 2026,,,1116,23,5,0,en,protein shake recommended,2026-05-13T14:43:03.220590,twitter
2032398123033915615,"@shreyas_khare94 The individual in the picture isn't insulin-resistant nor has PCOS. YCyst may be recommended in those scenarios, but the primary line of action must be lifestyle intervention unless it's severe diabetes with co-morbidities, which could potentially be life-threatening
(Irrelevant",Fri Mar 13 10:07:27 +0000 2026,,,8360,0,0,0,en,protein shake recommended,2026-05-13T14:43:03.220593,twitter
2031447412774941062,"👨‍🍳Cooking recipe:

🇪🇸 Traditional Spanish ""Tortilla de Patatas"" 🇪🇸

🗒️Ingredients

You will need:

8 eggs

1 kg of potatoes

1 medium onion (100 g) [optional but highly recommended]

2 glasses (water glass size) of olive oil (½ liter - some will be leftover)

Salt

🍳Preparation: https://t.co/Hl22mDgV0L",Tue Mar 10 19:09:40 +0000 2026,,,995,1,0,0,en,protein shake recommended,2026-05-13T14:43:03.220599,twitter
2031391917489955277,Can’t beat @yfood this is my daily protein shake these are the best flavours highly recommended https://t.co/P9wippfDvk,Tue Mar 10 15:29:09 +0000 2026,,,5,0,0,1,en,protein shake recommended,2026-05-13T14:43:03.220607,twitter
1440848858632712192,diet! ada yg pernah coba puro whey protein? review dong,Thu Sep 23 01:21:52 +0000 2021,,,276770,1,0,1,in,Puro whey protein review,2026-05-13T14:54:06.600744,twitter
476419493150089216,In case you missed my latest product review: I test the diet whey ultra #protein #supplement from puro nutrition: http://t.co/FIWHA04Q3f,Tue Jun 10 17:43:53 +0000 2014,,,18396,0,0,0,en,Puro whey protein review,2026-05-13T14:54:05.453392,twitter
476342504821129216,My Latest Product Review: Puro-Nutritions Diet Whey Ultra #Protein #Supplement (Choc Cookie Delight Flavour) http://t.co/FIWHA04Q3f,Tue Jun 10 12:37:57 +0000 2014,,,18396,0,0,0,en,Puro whey protein review,2026-05-13T14:54:05.453407,twitter
1754844762618933490,"@diethingy INI HONEST REVIEW YA.
Aku udh pernah nyobain whey merk “R” dan dia rada gajelas nutrition facts nya dan rasanya kureng. Tapi aku suka banget sama provus ini, rasa cokelatnya kayak es krim. Asli enak bgt. Cobain sendiri kl ga percaya.

https://t.co/Zolv6xygXw",Tue Feb 06 12:29:29 +0000 2024,,,6511,2,0,0,in,Provus whey review,2026-05-13T14:55:28.961864,twitter
2002311997359337616,@kudakembali ￼Optimum Nutrition rasa buah 🤸🏻,Sat Dec 20 09:35:55 +0000 2025,,,30282,1,0,1,in,Optimum Nutrition rasa,2026-05-13T14:57:04.077875,twitter
1941448345559630174,"WTS OPTIMUM NUTRITION GOLD STANDARD ISOLATED 1.64Lbs (744gr) NEW SEALED

rasa chocolate bliss
exp 20 nov 2025
💸350K ajaaa
📍dom bandung

ini stock aku pribadi beli di natural farm dijual krn BU kost naik 💸💸
yuk dibeli guys atau tawarin pacar/sodara/tetangga/hts kalian ☝🏻😼 https://t.co/AgbJxtkPbf",Sat Jul 05 10:45:30 +0000 2025,,,9,1,0,0,in,Optimum Nutrition rasa,2026-05-13T14:57:04.077901,twitter
1934851833811595459,"@B0gey_Dope Brand ni ikut pada taste and price wise

Aku pernah try Optimum Nutrition chocolate 

Rasa dia ? Rumput yg diblend, add on choco powder 😂

Now aku consume brand Hydro Whey, rasa hazelnut okay, Mango pun okay",Tue Jun 17 05:53:19 +0000 2025,,,1840,0,0,1,in,Optimum Nutrition rasa,2026-05-13T14:57:04.077903,twitter
1923283696980787688,"Rasa penat tu normal. Biasa la mengeluh penat tapi takkan kita nak lepas tangan kan. 

TWIN BUNDLE] Optimum Nutrition Gold Standard 100% Whey Protein (2lbs) X 2 https://t.co/NcwTzCxCBp https://t.co/b8IiXDip4t https://t.co/bCkZyrNGC7",Fri May 16 07:45:40 +0000 2025,,,153236,337,38,30,in,Optimum Nutrition rasa,2026-05-13T14:57:04.077905,twitter
1917481523646976231,"So sekarang ang ada rasa tak puas hati ciked? Curious? 

[TWIN BUNDLE] Optimum Nutrition Serious Mass (12lbs) X 2 https://t.co/KVgjZLPrdA https://t.co/RPe8hVi5rV https://t.co/FaO6eaZDPA",Wed Apr 30 07:29:54 +0000 2025,,,153236,48,5,19,in,Optimum Nutrition rasa,2026-05-13T14:57:04.077907,twitter
1914700090650108091,@myrarosleenn yang aku percaya whey dari optimum nutrition je walaupun rasa macam taik,Tue Apr 22 15:17:29 +0000 2025,,,190,1,0,1,in,Optimum Nutrition rasa,2026-05-13T14:57:04.077910,twitter
1861049805474271284,"@tirta_cipeng gue dulu minum optimum nutrition si, iseng cobain fitlife dan emang oke si dari rasa ditambah murah juga",Mon Nov 25 14:10:24 +0000 2024,,,708,0,0,0,in,Optimum Nutrition rasa,2026-05-13T14:57:04.077912,twitter
1820658022462718152,"okay jugak rasa protein optimum nutrition ni, the protein after taste tu tak kuat sangat",Tue Aug 06 03:07:53 +0000 2024,,,3,0,0,0,in,Optimum Nutrition rasa,2026-05-13T14:57:04.077915,twitter
1820104794180309159,"Dari pas covid pake whey protein dari optimum nutrition, hari ini nyoba beli dari evolene rasa vanila. 

Bubuk whey nya terlalu lembut, kek bedak. Jadi gampang terbang2an kek debu, di shake muncul foam yg banyak bgt. Gak recomended, untung beli yg box isi 12 saset doang

5/10",Sun Aug 04 14:29:33 +0000 2024,,,6169,7,0,5,in,Optimum Nutrition rasa,2026-05-13T14:57:04.077917,twitter
1774032921923559712,"@rollersk8erboi Kalo lokal yang oke dan rasanya enak : Puro, R3act
Lokal yang oke tp rasa kurang : musclefirst
Luar : Optimum nutrition 

*ini based on apa yg udah pernah aku cb aja ya..",Sat Mar 30 11:16:23 +0000 2024,,,9757,1,0,1,in,Optimum Nutrition rasa,2026-05-13T14:57:04.077919,twitter
1763390574173032614,optimum nutrition punya vegan protein sangat sedap. rasa macam choc milkshake,Fri Mar 01 02:27:29 +0000 2024,,,58,0,0,0,in,Optimum Nutrition rasa,2026-05-13T14:57:04.077921,twitter
1759103172642271361,"@fazroulrahman Ok, maybe boleh try. Harap x rasa macam optimum nutrition.",Sun Feb 18 06:30:53 +0000 2024,,,11709,0,0,1,in,Optimum Nutrition rasa,2026-05-13T14:57:04.077923,twitter
1750914922958204964,"@psycheax Enakan yang optimum nutrition kayanya

Tapi ini lg nyoba yang rasa mocha

Unggulnya merk ini kan karena dia sasetan, mudah di bawa kemana2",Fri Jan 26 16:13:42 +0000 2024,,,1706,0,0,0,in,Optimum Nutrition rasa,2026-05-13T14:57:04.077924,twitter
1739468365557796998,"Ternyata bener ya Optimum Nutrition Gold Standard, selain yang rasa cokelat cuman dapet 68 servings. Yang cokelat kan dpt 74 servings, tuh.",Tue Dec 26 02:09:10 +0000 2023,,,14397,0,0,0,in,Optimum Nutrition rasa,2026-05-13T14:57:04.077926,twitter
1734029397022363968,"Optimum Nutrition BCAA Boost (390g/30's) at 20% off!

pagi ini berasa letih sebelum saya meminum nutrisi ni
saya segera merasakan lebih banyak tenaga dan otot pun rasa kurang sakit 👇

https://t.co/tT7la9U43Q https://t.co/KMrUjAgzQA",Mon Dec 11 01:56:39 +0000 2023,,,0,0,0,0,in,Optimum Nutrition rasa,2026-05-13T14:57:04.077928,twitter
1697973908262343125,"@khaibahar94_ Protien jenis ni mmg rasa pelik. Beli optimum nutrition. Bapak sedap. Xyah blend, flavour strawberry tambah susu and yogurt, auto milkshake.",Sat Sep 02 14:05:01 +0000 2023,,,261,0,0,0,in,Optimum Nutrition rasa,2026-05-13T14:57:04.077930,twitter
1644760870298238976,"Optimum Nutrition GS Plant Protein Rasa Chocolate Suplemen Protein &amp; Nutrisi STIKVYB

https://t.co/Gvo99uANQQ https://t.co/jSytn6y2CN",Sat Apr 08 17:55:24 +0000 2023,,,88,0,0,0,cs,Optimum Nutrition rasa,2026-05-13T14:56:51.307635,twitter
1642778144326430721,"optimum nutrition ni punya vanilla memang padu dari dulu syahdu, tapi aku jumpa matcha latte lah mat dekat titan. apo rasa susu protein matcha, macam sedap je 😭",Mon Apr 03 06:36:45 +0000 2023,,,203,0,0,0,in,Optimum Nutrition rasa,2026-05-13T14:56:51.307637,twitter
1632717462687948800,"Optimum Nutrition GS Plant Protein Rasa Chocolate Suplemen Protein &amp; Nutrisi E9MFBHI

https://t.co/g8JtRAj9pl https://t.co/TLXDZuKV27",Mon Mar 06 12:19:12 +0000 2023,,,32,0,0,0,fr,Optimum Nutrition rasa,2026-05-13T14:56:51.307640,twitter
1616116509612584960,@gynaecia Saya minum yg merek Optimum Nutrition yg rasa macha dok,Thu Jan 19 16:52:56 +0000 2023,,,189,1,0,1,in,Optimum Nutrition rasa,2026-05-13T14:56:51.307642,twitter
1615512239972417536,"@ayilai Udaaaah, dimix sama vectorlabs (banyak rasa wuehehehe kaya optimum nutrition).
Tapi emg lebih variatif si evolene siii, banyak cemacemnya ada yg plant based juga.
Oh, sama sachet. Jadi teu riweuh.",Wed Jan 18 00:51:47 +0000 2023,,,111,0,0,1,in,Optimum Nutrition rasa,2026-05-13T14:56:54.144635,twitter
1613926083841380353,"@ArditErwandha Bang, tp optimum nutrition sayangnya ga halal, tapi yang paling aman diminum kalau menurut web nya sih yg rasa double rich chocolate karena ga ada alkohol nya",Fri Jan 13 15:48:58 +0000 2023,,,454,0,0,0,in,Optimum Nutrition rasa,2026-05-13T14:56:54.144657,twitter
1604525125097095170,"Aku rasa stray cats perlu kekal straying around, if you can't afford to keep optimum environment for cats kat rumah, don't bother to adopt sampai 12-20 ekor. Kau bukan mantan PM nak ada 25 ekor kat rumah. Hygiene, nutrition, healthcare etc. Bela banyak ni senang dapat penyakit.",Sun Dec 18 17:12:55 +0000 2022,,,743,1,1,0,in,Optimum Nutrition rasa,2026-05-13T14:56:54.144662,twitter
1589506236432941056,@edicte_merr Yang di toko Optimum Nutrition sisa 10 Lbs rasa stroberi sih. Sudah gak ada lagi yg lain gitu? Pinginnya rasa coklat. DM link kl ada infonya. Trima kasih.,Mon Nov 07 06:33:13 +0000 2022,,,494,0,0,1,in,Optimum Nutrition rasa,2026-05-13T14:56:54.144666,twitter
1492114757205172226,"Pernah mergokin ade sepupu gue gadoin susu Optimum Nutrition punya gue karena alesanya susunya rasa coklat... tp jangan susu gym gue juga kali nangis banget aatu scoopnya berapa duit itu

Sampe sekarang barang gue di labelin semua 😑",Fri Feb 11 12:34:14 +0000 2022,,,1728,0,0,0,in,Optimum Nutrition rasa,2026-05-13T14:56:54.144669,twitter
1468929913663016960,"Sebenernya males nyobain produk whey selain dari optimum nutrition… tapi coba deh local brand malaysia.. agak skeptis sih, tapi dia rasa milk tea loh… dan sedikit lebih murah",Thu Dec 09 13:05:57 +0000 2021,,,372,0,0,0,in,Optimum Nutrition rasa,2026-05-13T14:56:54.144673,twitter
1416996477231001603,"@jeffftakoyaki coba optimum nutrition, tapi kalo soal rasa lebih enak evolene sih",Mon Jul 19 05:41:01 +0000 2021,,,348,0,0,2,in,Optimum Nutrition rasa,2026-05-13T14:56:54.144676,twitter
1405410377853140999,"@charylcopian tak. yang pernah &amp; aku rasa best brand Bio Tech, Elite Labs, Muscletech some products boleh la, Optimum Nutrition pun best",Thu Jun 17 06:21:59 +0000 2021,,,32322,1,0,0,in,Optimum Nutrition rasa,2026-05-13T14:56:54.144680,twitter
1268910924418568194,"@nicatine Dr semua susu gainer yg gw coba ,rasa paling Aman cuman produk Dr optimum nutrition",Fri Jun 05 14:21:54 +0000 2020,,,185,0,0,1,in,Optimum Nutrition rasa,2026-05-13T14:56:54.144683,twitter
1172905643667156992,"2. Optimum Nutrition
Kalo soal rasa dan keteradukan protein nya ga ada yang ngalahin ini protein powder mah.
Cman sayang Pricey :)
overal 8.9/10 https://t.co/aLKik7vtPg",Sat Sep 14 16:11:11 +0000 2019,,,698,0,0,1,in,Optimum Nutrition rasa,2026-05-13T14:56:54.144686,twitter
1125787252909469696,"Knp seller indo cuma jual whey Ronnie Coleman &amp; Optimum Nutrition rasa coklat dah, gw mau cobain rasa lain, rasa coklat enek gw
Masa harus pesen dr luar 😑",Tue May 07 15:39:31 +0000 2019,,,1029,0,0,0,in,Optimum Nutrition rasa,2026-05-13T14:56:54.144690,twitter
915873211216166913,Optimum Nutrition Gold Standard Whey Protein 5lbs BPOM Rasa Coklat Deals for only Rp 1155000 instead https://t.co/DkYVCUxZLd https://t.co/sS3wdHUR6n,Thu Oct 05 09:36:04 +0000 2017,,,1446,0,0,0,en,Optimum Nutrition rasa,2026-05-13T14:56:54.144693,twitter
843855553520635906,"Optimum Nutrition Serious Mass Gainer 12 lb Rasa Vanilla #lazada, product Buy: https://t.co/CSfzVMch63 https://t.co/IKy3qDUQin",Mon Mar 20 16:03:36 +0000 2017,,,413,0,0,0,en,Optimum Nutrition rasa,2026-05-13T14:56:54.144696,twitter
843855441230794754,"Optimum Nutrition Serious Mass Gainer 12 lb Rasa Vanilla #lazada, product https://t.co/p3WqhaczwS",Mon Mar 20 16:03:09 +0000 2017,,,1148,0,0,0,in,Optimum Nutrition rasa,2026-05-13T14:56:54.144702,twitter
833122091494948864,"Optimum Nutrition Serious Mass Gainer 12 lb Rasa Chocolate #lazada, product https://t.co/dZ9FaeWdtp",Sun Feb 19 01:12:39 +0000 2017,,,1148,0,0,0,en,Optimum Nutrition rasa,2026-05-13T14:56:54.144706,twitter
833122073266515968,"Optimum Nutrition Serious Mass Gainer 12 lb Rasa Chocolate #lazada, product https://t.co/ObIgumPc6h https://t.co/0dWF0FlafT",Sun Feb 19 01:12:35 +0000 2017,,,413,0,0,0,en,Optimum Nutrition rasa,2026-05-13T14:56:54.144709,twitter
825867571429855232,"Optimum Nutrition Gold Standard Whey Protein 5lbs BPOM Rasa Coklat #lazada, product https://t.co/eZDCLrV5dy https://t.co/BsVHlP3WIe",Mon Jan 30 00:45:47 +0000 2017,,,413,0,0,0,en,Optimum Nutrition rasa,2026-05-13T14:56:54.144713,twitter
825867467595591681,"Optimum Nutrition Gold Standard Whey Protein 5lbs BPOM Rasa Coklat #lazada, product https://t.co/6jdc80y9Xm",Mon Jan 30 00:45:22 +0000 2017,,,1148,0,0,0,en,Optimum Nutrition rasa,2026-05-13T14:56:54.144716,twitter
660503623512772608,"ON (Optimum Nutrition) Serious Mass (Repack)

Netto : 1 kg
Rasa : Chocolate
Expired : Maret 2017

CP
BBM 29B 81... https://t.co/eULpoB3jN2",Sat Oct 31 17:08:30 +0000 2015,,,81,0,0,0,en,Optimum Nutrition rasa,2026-05-13T14:56:54.144719,twitter
591598198092734464,Aku rasa cari protein optimum nutrition ni lagi susah dari cari awek.,Fri Apr 24 13:42:56 +0000 2015,,,533,0,0,0,in,Optimum Nutrition rasa,2026-05-13T14:56:57.274204,twitter
432795472994906112,@infoJBI jual Optimum Nutrition Seriousmass 12lbs (Rasa chocolate) EXP 06/2014. Rp. 650.000.,Mon Feb 10 08:37:36 +0000 2014,,,26,0,0,0,en,Optimum Nutrition rasa,2026-05-13T14:56:57.274207,twitter
162893477212995584,SeriousMass Optimum Nutrition 12lbs rasa strawberry. Ready (1),Fri Jan 27 13:43:26 +0000 2012,,,244,0,0,0,en,Optimum Nutrition rasa,2026-05-13T14:56:57.274211,twitter
141857572134207489,@OhMFJ oh I went to GNC kt the curve haritu ada Optimum Nutrition. The Myofusion mmg xde kt GNC I rasa.,Wed Nov 30 12:34:15 +0000 2011,,,6251,0,0,0,en,Optimum Nutrition rasa,2026-05-13T14:56:57.274214,twitter
121560970182144000,For sale optimum nutrition serious mass 12lbs 700rb rasa coklat dan vanila,Wed Oct 05 12:22:48 +0000 2011,,,71,0,0,0,in,Optimum Nutrition rasa,2026-05-13T14:56:57.274218,twitter
112385168014184448,ON Optimum nutrition Rasa Strawberry Used By @edwardwong_12 @Ocsen_09 haha http://t.co/FDCUOaB,Sat Sep 10 04:41:26 +0000 2011,,,473,0,0,0,en,Optimum Nutrition rasa,2026-05-13T14:56:57.274221,twitter
2045143155881005261,"guysss, honest review whey nya L-Men dongg, kok jadi mahalan fitlife yaaa :(",Fri Apr 17 14:11:39 +0000 2026,,,3104,4,0,0,in,Fitlife whey review,2026-05-13T14:58:17.629207,twitter
1996107406296965424,"Sebagai acne prone dan terindikasi (belum test resmi) laktosa intolerance, konsumsi whey protein dan produk dairy bersamaan bikin muka jerawatan (aku harus banget ngopi susu tiap hari). 

Tapi kalo susu diganti oat aman kok ges. 

Review lengkap Fitlife:

https://t.co/QogOyIdr93 https://t.co/7zGGzvgpAT",Wed Dec 03 06:41:06 +0000 2025,,,19715,0,0,1,in,Fitlife whey review,2026-05-13T14:58:17.629222,twitter
1745221727263551670,🏋️‍♂️ Quick Recovery Tip: Mix a scoop of MTS Machine Whey with your favorite beverage post-workout. Feel the difference! #FitLife #ProteinBoost 🥤 https://t.co/3Jv6QQlpIq,Wed Jan 10 23:10:59 +0000 2024,,,3,1,0,0,en,Fitlife whey review,2026-05-13T14:58:17.629225,twitter
1140556771238432768,"Authentic whey protein isolate of imported brands are now available near you. Choose your best brand supplement only at Fitlife.
All types of whey protein in all sizes and many flavors.
Check review, price of whey protein isolate

Visit-https://t.co/zUn9uvf1o9
#wheyproteinisolate",Mon Jun 17 09:48:19 +0000 2019,,,96,0,0,0,en,Fitlife whey review,2026-05-13T14:58:17.629227,twitter
1140555990095421441,"Pure form of whey protein, whey protein isolate is containing more than 90% of protein with amino. 

Shop the best whey powder at low price at https://t.co/545c5yvneX. Check review, price of whey protein isolate 

Buy Now- https://t.co/zUn9uvf1o9

#wheyproteinisolate",Mon Jun 17 09:45:13 +0000 2019,,,96,0,0,0,en,Fitlife whey review,2026-05-13T14:58:17.629229,twitter
1008532274994819072,"Tambahan review: masukin fitlife di gelas, lalu diaduk dengan sendok.

Bisa larut sempurna. Poin plus banget ini

(kebanyakan whey harus dikocok di shaker, baru bisa larut.. Kalo diaduk di gelas sering menggumpal)",Mon Jun 18 02:10:06 +0000 2018,,,33749,0,0,2,in,Fitlife whey review,2026-05-13T14:58:17.629234,twitter
890944749586206720,I just wrote a review on Whey https://t.co/lsAexILi4d via @yotpo #fitlife #gains #protein #delicious,Fri Jul 28 14:39:15 +0000 2017,,,37,0,0,0,en,Fitlife whey review,2026-05-13T14:58:17.629236,twitter
798824277029982212,Dominator Whey Protein Review https://t.co/Bq13xY0MOA,Wed Nov 16 09:45:23 +0000 2016,,,96,0,0,0,en,Fitlife whey review,2026-05-13T14:58:17.629238,twitter
798823845062815746,Dominator Whey Protein Review - Fitlife deal with all types of body supplements at affordable price. We... https://t.co/Nk0r2KCCGr,Wed Nov 16 09:43:40 +0000 2016,,,96,0,0,0,en,Fitlife whey review,2026-05-13T14:58:17.629239,twitter
798823294552051712,Dominator Whey Protein Review https://t.co/xgYK2Zuv2T #deliciousTrending via @delicious,Wed Nov 16 09:41:29 +0000 2016,,,96,0,0,0,en,Fitlife whey review,2026-05-13T14:58:17.629242,twitter
576362109769883648,New!&gt;&gt; Isopure Protein Review! http://t.co/kLb0jsI8e1 #fitfluential #fitlife,Fri Mar 13 12:40:09 +0000 2015,,,16619,1,0,0,en,Fitlife whey review,2026-05-13T14:58:17.629243,twitter
563449930950656001,My #supplements review of @MTSNutrition Machine Whey https://t.co/XPSUUjucmp @MarcLobliner #fitness #gymlife #protein #fitlife #fitfam,Thu Feb 05 21:31:46 +0000 2015,,,1360,3,0,0,en,Fitlife whey review,2026-05-13T14:58:17.629246,twitter
